{"platform": {"All_Weights": {"Categorical_Variables": {}, "Numerical_Variables": {"bpf_cpu_time_ms": {"scale": 240000.0}, "bpf_page_cache_hit": {"scale": 1.0}}, "CurveFit_Weights": [262.63177095671324, 1.2959981690522229, -51.95257986978359]}}}