{"platform": {"All_Weights": {"Categorical_Variables": {}, "Numerical_Variables": {"bpf_cpu_time_ms": {"scale": 59061.47370837033}, "bpf_page_cache_hit": {"scale": 1.0}}, "CurveFit_Weights": [531422.7422781597, 0.00032421420614970866, -531324.6861394325]}}}