{"platform": {"All_Weights": {"Categorical_Variables": {}, "Numerical_Variables": {"bpf_cpu_time_ms": {"scale": 12214.912147467596}, "bpf_page_cache_hit": {"scale": 1.0}}, "CurveFit_Weights": [40.19037522670675, 1.5029425687172147, 24.605579522368792]}}}