{"platform": {"All_Weights": {"Categorical_Variables": {}, "Numerical_Variables": {"bpf_cpu_time_ms": {"scale": 5205.8926733114395}, "bpf_page_cache_hit": {"scale": 1.0}}, "CurveFit_Weights": [43.277048590117474, 0.6667106495771515, -25.115506282783162]}}}