{"platform": {"All_Weights": {"Categorical_Variables": {}, "Numerical_Variables": {"bpf_cpu_time_ms": {"scale": 25731.422248118502}, "bpf_page_cache_hit": {"scale": 1.0}}, "CurveFit_Weights": [903.1142189036229, 0.41430812108383924, -353.41389250884777]}}}