{"platform": {"All_Weights": {"Categorical_Variables": {}, "Numerical_Variables": {"bpf_cpu_time_ms": {"scale": 2311.0444362442263}, "bpf_page_cache_hit": {"scale": 1.0}}, "CurveFit_Weights": [169.39485362676095, 0.6601757554742206, 5.462705266520672]}}}