{"platform": {"All_Weights": {"Categorical_Variables": {}, "Numerical_Variables": {"bpf_cpu_time_ms": {"scale": 7519.881128657864}, "bpf_page_cache_hit": {"scale": 1.0}}, "CurveFit_Weights": [291.77696911644716, 0.2512244726878148, -121.76406905140993]}}}