{"platform": {"All_Weights": {"Categorical_Variables": {}, "Numerical_Variables": {"bpf_cpu_time_ms": {"scale": 101742.52438402848}, "bpf_page_cache_hit": {"scale": 1.0}}, "CurveFit_Weights": [262654.65549605055, 0.00054982197923297, -262573.5329500063]}}}