{"platform": {"All_Weights": {"Categorical_Variables": {}, "Numerical_Variables": {"bpf_cpu_time_ms": {"scale": 7720.197319109624}, "bpf_page_cache_hit": {"scale": 1.0}}, "CurveFit_Weights": [152.26952010819878, 0.42505062569687196, 60.479577323945904]}}}