{"platform": {"All_Weights": {"Categorical_Variables": {}, "Numerical_Variables": {"bpf_cpu_time_ms": {"scale": 107192.98651010284}, "bpf_page_cache_hit": {"scale": 1.0}}, "CurveFit_Weights": [932.5707209454703, 0.4590794482408193, -772.1945694576112]}}}