{"platform": {"All_Weights": {"Categorical_Variables": {}, "Numerical_Variables": {"bpf_cpu_time_ms": {"scale": 366165.10973175266}, "bpf_page_cache_hit": {"scale": 1.0}}, "CurveFit_Weights": [4704.537243226162, 0.11225628845025623, -4513.263721607004]}}}