{"platform": {"All_Weights": {"Categorical_Variables": {}, "Numerical_Variables": {"bpf_cpu_time_ms": {"scale": 5584.737451333462}, "bpf_page_cache_hit": {"scale": 1.0}}, "CurveFit_Weights": [15.303348524796235, 1.6190536795167418, -2.3849377749644316]}}}