{"platform": {"All_Weights": {"Categorical_Variables": {}, "Numerical_Variables": {"bpf_cpu_time_ms": {"scale": 17168.853814174618}, "bpf_page_cache_hit": {"scale": 1.0}}, "CurveFit_Weights": [73.53850754218128, 1.3285565151618852, 15.192487781833943]}}}