{"platform": {"All_Weights": {"Categorical_Variables": {}, "Numerical_Variables": {"bpf_cpu_time_ms": {"scale": 206202.82993888325}, "bpf_page_cache_hit": {"scale": 1.0}}, "CurveFit_Weights": [3877.9187800910913, 0.333385857039718, -3268.158280407576]}}}