{"platform": {"All_Weights": {"Categorical_Variables": {}, "Numerical_Variables": {"bpf_cpu_time_ms": {"scale": 118367.90322811548}, "bpf_page_cache_hit": {"scale": 1.0}}, "CurveFit_Weights": [390.740922526058, 1.1923553993952787, -244.84150835533765]}}}