{"platform": {"All_Weights": {"Categorical_Variables": {}, "Numerical_Variables": {"bpf_cpu_time_ms": {"scale": 22125.987405759784}, "bpf_page_cache_hit": {"scale": 1.0}}, "CurveFit_Weights": [255.5348102571513, 0.4820778192377869, -213.03148440501974]}}}