{"platform": {"All_Weights": {"Categorical_Variables": {}, "Numerical_Variables": {"bpf_cpu_time_ms": {"scale": 51027.93707155226}, "bpf_page_cache_hit": {"scale": 1.0}}, "CurveFit_Weights": [243.17699578050673, 0.6365869370900916, -178.8422179368337]}}}