{"platform": {"All_Weights": {"Categorical_Variables": {}, "Numerical_Variables": {"bpf_cpu_time_ms": {"scale": 83841.27702040575}, "bpf_page_cache_hit": {"scale": 1.0}}, "CurveFit_Weights": [99.26148110305115, 1.5787409772597671, 60.53260583795337]}}}