{"platform": {"All_Weights": {"Categorical_Variables": {}, "Numerical_Variables": {"bpf_cpu_time_ms": {"scale": 76905.28667816507}, "bpf_page_cache_hit": {"scale": 1.0}}, "CurveFit_Weights": [4418.447721493133, 0.03900590390871333, -4344.784662779212]}}}