{"platform": {"All_Weights": {"Categorical_Variables": {}, "Numerical_Variables": {"bpf_cpu_time_ms": {"scale": 4000.0}, "bpf_page_cache_hit": {"scale": 1.0}}, "CurveFit_Weights": [479140.14559493016, 0.000199126884059646, -478948.51709886995]}}}