{"platform": {"All_Weights": {"Categorical_Variables": {}, "Numerical_Variables": {"bpf_cpu_time_ms": {"scale": 67322.65324361128}, "bpf_page_cache_hit": {"scale": 1.0}}, "CurveFit_Weights": [236.5739543113493, 0.9461994203012193, -141.10373152226805]}}}