{"platform": {"All_Weights": {"Categorical_Variables": {}, "Numerical_Variables": {"bpf_cpu_time_ms": {"scale": 69329.2902154432}, "bpf_page_cache_hit": {"scale": 1.0}}, "CurveFit_Weights": [177.22184672978753, 1.1622735347091806, -81.60488326142817]}}}