{"platform": {"All_Weights": {"Categorical_Variables": {}, "Numerical_Variables": {"bpf_cpu_time_ms": {"scale": 162460.97349404098}, "bpf_page_cache_hit": {"scale": 1.0}}, "CurveFit_Weights": [133.06622752882575, 1.1087988238433928, 59.37053599651959]}}}