{"platform": {"All_Weights": {"Categorical_Variables": {}, "Numerical_Variables": {"bpf_cpu_time_ms": {"scale": 139311.08133376986}, "bpf_page_cache_hit": {"scale": 1.0}}, "CurveFit_Weights": [620.8253622040531, 0.8455410207381316, -480.22032976184215]}}}