{"platform": {"All_Weights": {"Categorical_Variables": {}, "Numerical_Variables": {"bpf_cpu_time_ms": {"scale": 15810.88313068615}, "bpf_page_cache_hit": {"scale": 1.0}}, "CurveFit_Weights": [1055.731355401832, 0.16355830139384603, -995.9242415045142]}}}