{"platform": {"All_Weights": {"Categorical_Variables": {}, "Numerical_Variables": {"bpf_cpu_time_ms": {"scale": 30366.452562332714}, "bpf_page_cache_hit": {"scale": 1.0}}, "CurveFit_Weights": [170.53142158573786, 0.6668438160667731, -66.16341209545617]}}}