{"platform": {"All_Weights": {"Categorical_Variables": {}, "Numerical_Variables": {"bpf_cpu_time_ms": {"scale": 18862.87309339697}, "bpf_page_cache_hit": {"scale": 1.0}}, "CurveFit_Weights": [62.68439187320052, 1.3774358674824523, 0.5202917984064653]}}}