{"platform": {"All_Weights": {"Categorical_Variables": {}, "Numerical_Variables": {"bpf_cpu_time_ms": {"scale": 28891.57159981703}, "bpf_page_cache_hit": {"scale": 1.0}}, "CurveFit_Weights": [479.84333508633165, 0.22400663796509648, -424.9421293692798]}}}