{"platform": {"All_Weights": {"Categorical_Variables": {}, "Numerical_Variables": {"bpf_cpu_time_ms": {"scale": 130867.3894484954}, "bpf_page_cache_hit": {"scale": 1.0}}, "CurveFit_Weights": [445.53669994592957, 1.0175301684401445, -260.2471400187869]}}}