{"platform": {"All_Weights": {"Categorical_Variables": {}, "Numerical_Variables": {"bpf_cpu_time_ms": {"scale": 32000.0}, "bpf_page_cache_hit": {"scale": 1.0}}, "CurveFit_Weights": [1059977.6884941703, 0.00034698866495714464, -1059542.684054108]}}}