{"platform": {"All_Weights": {"Categorical_Variables": {}, "Numerical_Variables": {"bpf_cpu_time_ms": {"scale": 2694.36071911154}, "bpf_page_cache_hit": {"scale": 1.0}}, "CurveFit_Weights": [68.1955834310021, 0.7083781362901785, -36.44737469329018]}}}