{"platform": {"All_Weights": {"Categorical_Variables": {}, "Numerical_Variables": {"bpf_cpu_time_ms": {"scale": 8978.83100134392}, "bpf_page_cache_hit": {"scale": 1.0}}, "CurveFit_Weights": [1222.128406004374, 0.11692302478994447, -1153.7584947109706]}}}