{"platform": {"All_Weights": {"Categorical_Variables": {}, "Numerical_Variables": {"bpf_cpu_time_ms": {"scale": 149030.7604006794}, "bpf_page_cache_hit": {"scale": 1.0}}, "CurveFit_Weights": [520.4289590282417, 0.7510530492978169, -347.08443820509876]}}}