{"platform": {"All_Weights": {"Categorical_Variables": {}, "Numerical_Variables": {"bpf_cpu_time_ms": {"scale": 65448.79891181445}, "bpf_page_cache_hit": {"scale": 1.0}}, "CurveFit_Weights": [619045.7445763247, 0.0003008409930398397, -618921.2245634961]}}}