{"platform": {"All_Weights": {"Categorical_Variables": {}, "Numerical_Variables": {"bpf_cpu_time_ms": {"scale": 91697.64372723806}, "bpf_page_cache_hit": {"scale": 1.0}}, "CurveFit_Weights": [303332.3770720823, 0.00043582921867909636, -303250.98261428956]}}}