{"platform": {"All_Weights": {"Categorical_Variables": {}, "Numerical_Variables": {"bpf_cpu_time_ms": {"scale": 7817.318424135709}, "bpf_page_cache_hit": {"scale": 1.0}}, "CurveFit_Weights": [199313.56322392455, 0.00046240195586443777, -199143.30873858486]}}}