{"platform": {"All_Weights": {"Categorical_Variables": {}, "Numerical_Variables": {"bpf_cpu_time_ms": {"scale": 22745.45436134916}, "bpf_page_cache_hit": {"scale": 1.0}}, "CurveFit_Weights": [460.7463105000694, 0.49238184683563513, -318.6676645558885]}}}