{"platform": {"All_Weights": {"Categorical_Variables": {}, "Numerical_Variables": {"bpf_cpu_time_ms": {"scale": 76780.00882819411}, "bpf_page_cache_hit": {"scale": 1.0}}, "CurveFit_Weights": [339899.6259867149, 0.00048146183255113776, -339815.6632098754]}}}