{"platform": {"All_Weights": {"Categorical_Variables": {}, "Numerical_Variables": {"bpf_cpu_time_ms": {"scale": 44870.637328859986}, "bpf_page_cache_hit": {"scale": 1.0}}, "CurveFit_Weights": [483.01173595085356, 0.4709979376956971, -379.1729033980099]}}}