{"platform": {"All_Weights": {"Categorical_Variables": {}, "Numerical_Variables": {"bpf_cpu_time_ms": {"scale": 19253.4588031984}, "bpf_page_cache_hit": {"scale": 1.0}}, "CurveFit_Weights": [97.23021370842004, 1.1585970391080573, -26.27766039070941]}}}