{"platform": {"All_Weights": {"Categorical_Variables": {}, "Numerical_Variables": {"bpf_cpu_time_ms": {"scale": 2819.7572301766277}, "bpf_page_cache_hit": {"scale": 1.0}}, "CurveFit_Weights": [36.9739707376284, 1.2013666802280079, -2.8091400303734195]}}}