{"platform": {"All_Weights": {"Categorical_Variables": {}, "Numerical_Variables": {"bpf_cpu_time_ms": {"scale": 13998.46312916353}, "bpf_page_cache_hit": {"scale": 1.0}}, "CurveFit_Weights": [133130.9506953221, 0.00026834155340737815, -133059.9866506316]}}}