{"platform": {"All_Weights": {"Categorical_Variables": {}, "Numerical_Variables": {"bpf_cpu_time_ms": {"scale": 9139.21516131371}, "bpf_page_cache_hit": {"scale": 1.0}}, "CurveFit_Weights": [187924.2940414878, 0.0008784439160299248, -187846.35350613613]}}}