{"platform": {"All_Weights": {"Categorical_Variables": {}, "Numerical_Variables": {"bpf_cpu_time_ms": {"scale": 8867.168814666149}, "bpf_page_cache_hit": {"scale": 1.0}}, "CurveFit_Weights": [238.8816705089199, 0.4768499345058065, -166.25578154977168]}}}