{"platform": {"All_Weights": {"Categorical_Variables": {}, "Numerical_Variables": {"bpf_cpu_time_ms": {"scale": 24127.315010142673}, "bpf_page_cache_hit": {"scale": 1.0}}, "CurveFit_Weights": [295.78072537405274, 0.37108474946725784, -239.22941353723405]}}}