{"platform": {"All_Weights": {"Categorical_Variables": {}, "Numerical_Variables": {"bpf_cpu_time_ms": {"scale": 29156.839581512097}, "bpf_page_cache_hit": {"scale": 1.0}}, "CurveFit_Weights": [83.63551397289973, 1.5044675333651152, 34.11845976318613]}}}