{"platform": {"All_Weights": {"Categorical_Variables": {}, "Numerical_Variables": {"bpf_cpu_time_ms": {"scale": 16895.30714352416}, "bpf_page_cache_hit": {"scale": 1.0}}, "CurveFit_Weights": [331.3478214868603, 0.6143277487774869, -220.78778973064112]}}}