{"platform": {"All_Weights": {"Categorical_Variables": {}, "Numerical_Variables": {"bpf_cpu_time_ms": {"scale": 12287.380895322896}, "bpf_page_cache_hit": {"scale": 1.0}}, "CurveFit_Weights": [439.52873611275527, 0.3172228133565591, -363.5726492382039]}}}