{"platform": {"All_Weights": {"Categorical_Variables": {}, "Numerical_Variables": {"bpf_cpu_time_ms": {"scale": 224000.0}, "bpf_page_cache_hit": {"scale": 1.0}}, "CurveFit_Weights": [93.62387541043447, 2.250515494058499, 120.2667369772889]}}}