{"platform": {"All_Weights": {"Categorical_Variables": {}, "Numerical_Variables": {"bpf_cpu_time_ms": {"scale": 88027.16113554429}, "bpf_page_cache_hit": {"scale": 1.0}}, "CurveFit_Weights": [380461.612433381, 0.00039625648255146276, -380378.39558805455]}}}