{"platform": {"All_Weights": {"Categorical_Variables": {}, "Numerical_Variables": {"bpf_cpu_time_ms": {"scale": 6088.087675893517}, "bpf_page_cache_hit": {"scale": 1.0}}, "CurveFit_Weights": [18.281639530811532, 1.2668812084194367, -1.5094250368686968]}}}