{"platform": {"All_Weights": {"Categorical_Variables": {}, "Numerical_Variables": {"bpf_cpu_time_ms": {"scale": 3698.3724897663774}, "bpf_page_cache_hit": {"scale": 1.0}}, "CurveFit_Weights": [105171.74184432869, 0.00046681743702199765, -105115.73965870266]}}}