{"platform": {"All_Weights": {"Categorical_Variables": {}, "Numerical_Variables": {"bpf_cpu_time_ms": {"scale": 19577.971491921595}, "bpf_page_cache_hit": {"scale": 1.0}}, "CurveFit_Weights": [99.88190303940561, 1.1433102995577067, -40.987206699014266]}}}