{"platform": {"All_Weights": {"Categorical_Variables": {}, "Numerical_Variables": {"bpf_cpu_time_ms": {"scale": 9643.989541498406}, "bpf_page_cache_hit": {"scale": 1.0}}, "CurveFit_Weights": [128.0128538751785, 0.7683430243958606, -16.361785629727812]}}}