{"platform": {"All_Weights": {"Categorical_Variables": {}, "Numerical_Variables": {"bpf_cpu_time_ms": {"scale": 6736.230121530199}, "bpf_page_cache_hit": {"scale": 1.0}}, "CurveFit_Weights": [396444.8824930799, 0.0002871814837346787, -396368.1987181368]}}}