{"platform": {"All_Weights": {"Categorical_Variables": {}, "Numerical_Variables": {"bpf_cpu_time_ms": {"scale": 47804.24404558129}, "bpf_page_cache_hit": {"scale": 1.0}}, "CurveFit_Weights": [63433.85242341897, 0.012248567939082246, -62451.87961770466]}}}