{"platform": {"All_Weights": {"Categorical_Variables": {}, "Numerical_Variables": {"bpf_cpu_time_ms": {"scale": 48000.0}, "bpf_page_cache_hit": {"scale": 1.0}}, "CurveFit_Weights": [794147.1520036461, 0.0003715088707537094, -793911.212783541]}}}