{"platform": {"All_Weights": {"Categorical_Variables": {}, "Numerical_Variables": {"bpf_cpu_time_ms": {"scale": 84981.7566906198}, "bpf_page_cache_hit": {"scale": 1.0}}, "CurveFit_Weights": [384.84185731586786, 0.6645162737901651, -233.99390876047042]}}}