{"platform": {"All_Weights": {"Categorical_Variables": {}, "Numerical_Variables": {"bpf_cpu_time_ms": {"scale": 26998.008432698734}, "bpf_page_cache_hit": {"scale": 1.0}}, "CurveFit_Weights": [60.94688788386482, 1.262944261472492, 43.50994363266313]}}}