{"platform": {"All_Weights": {"Categorical_Variables": {}, "Numerical_Variables": {"bpf_cpu_time_ms": {"scale": 3199.300811410386}, "bpf_page_cache_hit": {"scale": 1.0}}, "CurveFit_Weights": [82.47668267588088, 0.708429856169113, -50.06144139278908]}}}