{"platform": {"All_Weights": {"Categorical_Variables": {}, "Numerical_Variables": {"bpf_cpu_time_ms": {"scale": 64390.04266710471}, "bpf_page_cache_hit": {"scale": 1.0}}, "CurveFit_Weights": [260.44728524129215, 0.8332326703980609, -194.27246134000063]}}}