{"platform": {"All_Weights": {"Categorical_Variables": {}, "Numerical_Variables": {"bpf_cpu_time_ms": {"scale": 9118.333396743748}, "bpf_page_cache_hit": {"scale": 1.0}}, "CurveFit_Weights": [182.39561247615595, 0.6224641339665179, -39.59579554925485]}}}