{"platform": {"All_Weights": {"Categorical_Variables": {}, "Numerical_Variables": {"bpf_cpu_time_ms": {"scale": 18333.332381335407}, "bpf_page_cache_hit": {"scale": 1.0}}, "CurveFit_Weights": [205.8798981043563, 0.9543711265312455, -112.20697146594551]}}}