{"platform": {"All_Weights": {"Categorical_Variables": {}, "Numerical_Variables": {"bpf_cpu_time_ms": {"scale": 333673.5600836616}, "bpf_page_cache_hit": {"scale": 1.0}}, "CurveFit_Weights": [1052315.6595111112, 0.0005716520582563422, -1052136.4469524822]}}}