{"platform": {"All_Weights": {"Categorical_Variables": {}, "Numerical_Variables": {"bpf_cpu_time_ms": {"scale": 33342.033691312026}, "bpf_page_cache_hit": {"scale": 1.0}}, "CurveFit_Weights": [162.85668839244693, 0.8822150031110644, -38.30925194787948]}}}