{"platform": {"All_Weights": {"Categorical_Variables": {}, "Numerical_Variables": {"bpf_cpu_time_ms": {"scale": 109108.55866042468}, "bpf_page_cache_hit": {"scale": 1.0}}, "CurveFit_Weights": [883116.6504460355, 0.0005649202758012301, -883004.5683543514]}}}