{"platform": {"All_Weights": {"Categorical_Variables": {}, "Numerical_Variables": {"bpf_cpu_time_ms": {"scale": 6537.554729526322}, "bpf_page_cache_hit": {"scale": 1.0}}, "CurveFit_Weights": [556476.9332877327, 0.00024779360739795236, -556394.8813826019]}}}