{"platform": {"All_Weights": {"Categorical_Variables": {}, "Numerical_Variables": {"bpf_cpu_time_ms": {"scale": 12418.275212975575}, "bpf_page_cache_hit": {"scale": 1.0}}, "CurveFit_Weights": [319.92221994852014, 0.5155408874600366, -207.55352531859353]}}}