{"platform": {"All_Weights": {"Categorical_Variables": {}, "Numerical_Variables": {"bpf_cpu_time_ms": {"scale": 48909.658729464776}, "bpf_page_cache_hit": {"scale": 1.0}}, "CurveFit_Weights": [392487.91680217953, 0.0002568520690790407, -392407.8790329358]}}}