{"platform": {"All_Weights": {"Categorical_Variables": {}, "Numerical_Variables": {"bpf_cpu_time_ms": {"scale": 71847.68616718204}, "bpf_page_cache_hit": {"scale": 1.0}}, "CurveFit_Weights": [592.3560527134531, 0.38889123972862116, -520.8220651571944]}}}