{"platform": {"All_Weights": {"Categorical_Variables": {}, "Numerical_Variables": {"bpf_cpu_time_ms": {"scale": 45672.76449936964}, "bpf_page_cache_hit": {"scale": 1.0}}, "CurveFit_Weights": [224.7134655626975, 0.7553559920169647, -148.15714040781668]}}}