{"platform": {"All_Weights": {"Categorical_Variables": {}, "Numerical_Variables": {"bpf_cpu_time_ms": {"scale": 131946.5742994043}, "bpf_page_cache_hit": {"scale": 1.0}}, "CurveFit_Weights": [985.7492061157395, 0.548637721367797, -845.7613667447556]}}}