{"platform": {"All_Weights": {"Categorical_Variables": {}, "Numerical_Variables": {"bpf_cpu_time_ms": {"scale": 9260.773529492924}, "bpf_page_cache_hit": {"scale": 1.0}}, "CurveFit_Weights": [558.3640087183609, 0.25082600180158565, -462.43717989350273]}}}