{"platform": {"All_Weights": {"Categorical_Variables": {}, "Numerical_Variables": {"bpf_cpu_time_ms": {"scale": 60732.483270793295}, "bpf_page_cache_hit": {"scale": 1.0}}, "CurveFit_Weights": [980665.3450746008, 0.0004433842738442823, -980517.7047386508]}}}