{"platform": {"All_Weights": {"Categorical_Variables": {}, "Numerical_Variables": {"bpf_cpu_time_ms": {"scale": 128000.0}, "bpf_page_cache_hit": {"scale": 1.0}}, "CurveFit_Weights": [101116.98254835136, 0.0036400706276707574, -100921.29277404581]}}}