{"platform": {"All_Weights": {"Categorical_Variables": {}, "Numerical_Variables": {"bpf_cpu_time_ms": {"scale": 56248.726841862226}, "bpf_page_cache_hit": {"scale": 1.0}}, "CurveFit_Weights": [248.06899513455343, 0.7795008988073336, -177.29108530697025]}}}