{"platform": {"All_Weights": {"Categorical_Variables": {}, "Numerical_Variables": {"bpf_cpu_time_ms": {"scale": 8675.858443717963}, "bpf_page_cache_hit": {"scale": 1.0}}, "CurveFit_Weights": [43.9990195292631, 1.2417652316817975, 12.556104703144095]}}}