{"platform": {"All_Weights": {"Categorical_Variables": {}, "Numerical_Variables": {"bpf_cpu_time_ms": {"scale": 3452.372325127004}, "bpf_page_cache_hit": {"scale": 1.0}}, "CurveFit_Weights": [61.08440534072728, 0.864469945982045, -36.64596415174245]}}}