{"platform": {"All_Weights": {"Categorical_Variables": {}, "Numerical_Variables": {"bpf_cpu_time_ms": {"scale": 4417.951187499074}, "bpf_page_cache_hit": {"scale": 1.0}}, "CurveFit_Weights": [5518.6528141244935, 0.01685942839570679, -5440.653055996959]}}}