{"platform": {"All_Weights": {"Categorical_Variables": {}, "Numerical_Variables": {"bpf_cpu_time_ms": {"scale": 10114.699618257488}, "bpf_page_cache_hit": {"scale": 1.0}}, "CurveFit_Weights": [65.88918117074066, 1.0147419223818681, 98.96528188559017]}}}