{"platform": {"All_Weights": {"Categorical_Variables": {}, "Numerical_Variables": {"bpf_cpu_time_ms": {"scale": 95667.13807873146}, "bpf_page_cache_hit": {"scale": 1.0}}, "CurveFit_Weights": [1152999.8899263642, 0.00034445442810997727, -1152764.5575611116]}}}