{"platform": {"All_Weights": {"Categorical_Variables": {}, "Numerical_Variables": {"bpf_cpu_time_ms": {"scale": 146561.22337618796}, "bpf_page_cache_hit": {"scale": 1.0}}, "CurveFit_Weights": [492245.33792453463, 0.0005266690113422629, -492154.7713578171]}}}