{"platform": {"All_Weights": {"Categorical_Variables": {}, "Numerical_Variables": {"bpf_cpu_time_ms": {"scale": 91705.25318267434}, "bpf_page_cache_hit": {"scale": 1.0}}, "CurveFit_Weights": [400.0910787439385, 0.8226948168861997, -250.08542153782943]}}}