{"platform": {"All_Weights": {"Categorical_Variables": {}, "Numerical_Variables": {"bpf_cpu_time_ms": {"scale": 33680.096847614645}, "bpf_page_cache_hit": {"scale": 1.0}}, "CurveFit_Weights": [540374.2735515009, 0.0002758608293895324, -540239.8293968405]}}}