{"platform": {"All_Weights": {"Categorical_Variables": {}, "Numerical_Variables": {"bpf_cpu_time_ms": {"scale": 19464.08886398693}, "bpf_page_cache_hit": {"scale": 1.0}}, "CurveFit_Weights": [59.60146632258788, 1.2475830151674563, 8.603874920301385]}}}