{"platform": {"All_Weights": {"Categorical_Variables": {}, "Numerical_Variables": {"bpf_cpu_time_ms": {"scale": 23672.356239009292}, "bpf_page_cache_hit": {"scale": 1.0}}, "CurveFit_Weights": [119.39798502661793, 0.7286439652006911, -66.01203490749462]}}}