{"platform": {"All_Weights": {"Categorical_Variables": {}, "Numerical_Variables": {"bpf_cpu_time_ms": {"scale": 17741.204902235437}, "bpf_page_cache_hit": {"scale": 1.0}}, "CurveFit_Weights": [43.396656101537474, 1.5836686891773013, 18.013413339907096]}}}