{"platform": {"All_Weights": {"Categorical_Variables": {}, "Numerical_Variables": {"bpf_cpu_time_ms": {"scale": 9166.483407065574}, "bpf_page_cache_hit": {"scale": 1.0}}, "CurveFit_Weights": [152327.0485056551, 0.000726196471846399, -152292.37408121812]}}}