{"platform": {"All_Weights": {"Categorical_Variables": {}, "Numerical_Variables": {"bpf_cpu_time_ms": {"scale": 14919.755315761702}, "bpf_page_cache_hit": {"scale": 1.0}}, "CurveFit_Weights": [561862.4930242354, 0.0004070794821928592, -561595.667413778]}}}