{"platform": {"All_Weights": {"Categorical_Variables": {}, "Numerical_Variables": {"bpf_cpu_time_ms": {"scale": 138157.4426289267}, "bpf_page_cache_hit": {"scale": 1.0}}, "CurveFit_Weights": [451.2498915842641, 1.0132317194735025, -272.5778576478792]}}}