{"platform": {"All_Weights": {"Categorical_Variables": {}, "Numerical_Variables": {"bpf_cpu_time_ms": {"scale": 14876.51366588698}, "bpf_page_cache_hit": {"scale": 1.0}}, "CurveFit_Weights": [26.266718700445093, 1.1327147873182066, 39.58341063258188]}}}