{"platform": {"All_Weights": {"Categorical_Variables": {}, "Numerical_Variables": {"bpf_cpu_time_ms": {"scale": 181557.8349847757}, "bpf_page_cache_hit": {"scale": 1.0}}, "CurveFit_Weights": [201128.3612374439, 0.0013901335125842704, -201026.93747450688]}}}