{"platform": {"All_Weights": {"Categorical_Variables": {}, "Numerical_Variables": {"bpf_cpu_time_ms": {"scale": 111806.64454742755}, "bpf_page_cache_hit": {"scale": 1.0}}, "CurveFit_Weights": [79.19477501869727, 1.739831525568339, 72.50620382247676]}}}