{"platform": {"All_Weights": {"Categorical_Variables": {}, "Numerical_Variables": {"bpf_cpu_time_ms": {"scale": 269655.3516520236}, "bpf_page_cache_hit": {"scale": 1.0}}, "CurveFit_Weights": [967.4840455839465, 0.6955408989088664, -625.2745284716235]}}}