{"platform": {"All_Weights": {"Categorical_Variables": {}, "Numerical_Variables": {"bpf_cpu_time_ms": {"scale": 6294.7645461156035}, "bpf_page_cache_hit": {"scale": 1.0}}, "CurveFit_Weights": [225638.84157902937, 0.0003031526934224052, -225566.4467221855]}}}