{"platform": {"All_Weights": {"Categorical_Variables": {}, "Numerical_Variables": {"bpf_cpu_time_ms": {"scale": 26581.429964931}, "bpf_page_cache_hit": {"scale": 1.0}}, "CurveFit_Weights": [84.6654439787911, 1.0810534580066924, 37.35404917141916]}}}