{"platform": {"All_Weights": {"Categorical_Variables": {}, "Numerical_Variables": {"bpf_cpu_time_ms": {"scale": 94140.26047363192}, "bpf_page_cache_hit": {"scale": 1.0}}, "CurveFit_Weights": [547.424031937986, 0.2336645109491883, -485.4383000944289]}}}