{"platform": {"All_Weights": {"Categorical_Variables": {}, "Numerical_Variables": {"bpf_cpu_time_ms": {"scale": 37910.511148721685}, "bpf_page_cache_hit": {"scale": 1.0}}, "CurveFit_Weights": [314.89802475340275, 0.5198978614341688, -230.28792996270192]}}}