{"platform": {"All_Weights": {"Categorical_Variables": {}, "Numerical_Variables": {"bpf_cpu_time_ms": {"scale": 287863.718999192}, "bpf_page_cache_hit": {"scale": 1.0}}, "CurveFit_Weights": [3684.257730120606, 0.2656761622718504, -3391.786951074811]}}}