{"platform": {"All_Weights": {"Categorical_Variables": {}, "Numerical_Variables": {"bpf_cpu_time_ms": {"scale": 19063.888637374548}, "bpf_page_cache_hit": {"scale": 1.0}}, "CurveFit_Weights": [86.11822793455053, 1.1921450698704879, -33.97791830918945]}}}