{"platform": {"All_Weights": {"Categorical_Variables": {}, "Numerical_Variables": {"bpf_cpu_time_ms": {"scale": 3660.385117779886}, "bpf_page_cache_hit": {"scale": 1.0}}, "CurveFit_Weights": [287004.5583760776, 0.00039523441680299165, -286848.23435694707]}}}