{"platform": {"All_Weights": {"Categorical_Variables": {}, "Numerical_Variables": {"bpf_cpu_time_ms": {"scale": 85129.18828242872}, "bpf_page_cache_hit": {"scale": 1.0}}, "CurveFit_Weights": [544171.4344210487, 0.00030386332259277256, -544075.539436417]}}}