{"platform": {"All_Weights": {"Categorical_Variables": {}, "Numerical_Variables": {"bpf_cpu_time_ms": {"scale": 6000.0}, "bpf_page_cache_hit": {"scale": 1.0}}, "CurveFit_Weights": [216309.44432529682, 0.00016796550758396518, -216272.69461329555]}}}