{"platform": {"All_Weights": {"Categorical_Variables": {}, "Numerical_Variables": {"bpf_cpu_time_ms": {"scale": 287863.718999192}, "bpf_page_cache_hit": {"scale": 1.0}}, "CurveFit_Weights": [22468.11588138394, 0.04804656303763844, 275.9321427238171]}}}