{"platform": {"All_Weights": {"Categorical_Variables": {}, "Numerical_Variables": {"bpf_cpu_time_ms": {"scale": 152148.69738520947}, "bpf_page_cache_hit": {"scale": 1.0}}, "CurveFit_Weights": [537656.0572094324, 0.0006457664178074543, 133.38017807657695]}}}