{"platform": {"All_Weights": {"Categorical_Variables": {}, "Numerical_Variables": {"bpf_cpu_time_ms": {"scale": 4084.7559139337336}, "bpf_page_cache_hit": {"scale": 1.0}}, "CurveFit_Weights": [190050.7356759829, 0.00026157645651336933, 36.73085637364387]}}}