{"platform": {"All_Weights": {"Categorical_Variables": {}, "Numerical_Variables": {"bpf_cpu_time_ms": {"scale": 9166.483407065574}, "bpf_page_cache_hit": {"scale": 1.0}}, "CurveFit_Weights": [354.217727519268, 0.38013488047795285, 29.632220590530718]}}}