{"platform": {"All_Weights": {"Categorical_Variables": {}, "Numerical_Variables": {"bpf_cpu_time_ms": {"scale": 115738.1199096779}, "bpf_page_cache_hit": {"scale": 1.0}}, "CurveFit_Weights": [3638021.266802571, 0.00013465995864394992, 117.42034407203148]}}}