{"platform": {"All_Weights": {"Categorical_Variables": {}, "Numerical_Variables": {"bpf_cpu_time_ms": {"scale": 44870.637328859986}, "bpf_page_cache_hit": {"scale": 1.0}}, "CurveFit_Weights": [406608.16544235405, 0.000697853690264482, 98.63295674288369]}}}