{"platform": {"All_Weights": {"Categorical_Variables": {}, "Numerical_Variables": {"bpf_cpu_time_ms": {"scale": 73878.47726670367}, "bpf_page_cache_hit": {"scale": 1.0}}, "CurveFit_Weights": [1459.0937697824945, 0.3135269700943449, 112.15509285114297]}}}