{"platform": {"All_Weights": {"Categorical_Variables": {}, "Numerical_Variables": {"bpf_cpu_time_ms": {"scale": 69740.60815531621}, "bpf_page_cache_hit": {"scale": 1.0}}, "CurveFit_Weights": [1661885.306282428, 0.00022244700384205433, 56.316987758027864]}}}