{"platform": {"All_Weights": {"Categorical_Variables": {}, "Numerical_Variables": {"bpf_cpu_time_ms": {"scale": 165957.34339612455}, "bpf_page_cache_hit": {"scale": 1.0}}, "CurveFit_Weights": [7761.547014901689, 0.0432240783173647, 146.0319231658866]}}}