{"platform": {"All_Weights": {"Categorical_Variables": {}, "Numerical_Variables": {"bpf_cpu_time_ms": {"scale": 23672.356239009292}, "bpf_page_cache_hit": {"scale": 1.0}}, "CurveFit_Weights": [529348.9912512425, 0.0002448625605713922, 45.63654789684844]}}}