{"platform": {"All_Weights": {"Categorical_Variables": {}, "Numerical_Variables": {"bpf_cpu_time_ms": {"scale": 121806.69444265492}, "bpf_page_cache_hit": {"scale": 1.0}}, "CurveFit_Weights": [826699.8368350605, 0.0006401035413294648, 146.78323211253522]}}}