{"platform": {"All_Weights": {"Categorical_Variables": {}, "Numerical_Variables": {"bpf_cpu_time_ms": {"scale": 60645.2834014939}, "bpf_page_cache_hit": {"scale": 1.0}}, "CurveFit_Weights": [605.7121679458232, 1.0760284658179713, 140.95999439095814]}}}