{"platform": {"All_Weights": {"Categorical_Variables": {}, "Numerical_Variables": {"bpf_cpu_time_ms": {"scale": 149030.7604006794}, "bpf_page_cache_hit": {"scale": 1.0}}, "CurveFit_Weights": [3048385.463264764, 0.00019146787469961576, 136.24870885732204]}}}