{"platform": {"All_Weights": {"Categorical_Variables": {}, "Numerical_Variables": {"bpf_cpu_time_ms": {"scale": 107192.98651010284}, "bpf_page_cache_hit": {"scale": 1.0}}, "CurveFit_Weights": [1043167.2836441951, 0.0004842902167476047, 157.12407403360845]}}}