{"platform": {"All_Weights": {"Categorical_Variables": {}, "Numerical_Variables": {"bpf_cpu_time_ms": {"scale": 1264.397522156386}, "bpf_page_cache_hit": {"scale": 1.0}}, "CurveFit_Weights": [97.45259492092181, 0.4260908610028409, 25.94229655955356]}}}