{"platform": {"All_Weights": {"Categorical_Variables": {}, "Numerical_Variables": {"bpf_cpu_time_ms": {"scale": 133174.27082704377}, "bpf_page_cache_hit": {"scale": 1.0}}, "CurveFit_Weights": [2988762.751971311, 0.0002268829938463727, 121.08949622099642]}}}