{"platform": {"All_Weights": {"Categorical_Variables": {}, "Numerical_Variables": {"bpf_cpu_time_ms": {"scale": 104000.0}, "bpf_page_cache_hit": {"scale": 1.0}}, "CurveFit_Weights": [818223.984070297, 0.0004121140713618878, 89.46412911166904]}}}