{"platform": {"All_Weights": {"Categorical_Variables": {}, "Numerical_Variables": {"bpf_cpu_time_ms": {"scale": 60255.11204245108}, "bpf_page_cache_hit": {"scale": 1.0}}, "CurveFit_Weights": [569.0229935028249, 1.5452110919837556, 211.1337901722342]}}}