{"platform": {"All_Weights": {"Categorical_Variables": {}, "Numerical_Variables": {"bpf_cpu_time_ms": {"scale": 3991.690709751875}, "bpf_page_cache_hit": {"scale": 1.0}}, "CurveFit_Weights": [129.55522136058184, 0.6182433672198523, 60.09114994571722]}}}