{"platform": {"All_Weights": {"Categorical_Variables": {}, "Numerical_Variables": {"bpf_cpu_time_ms": {"scale": 164735.09229663186}, "bpf_page_cache_hit": {"scale": 1.0}}, "CurveFit_Weights": [362.8592041915859, 1.0421291042042986, 171.55153306754625]}}}