{"platform": {"All_Weights": {"Categorical_Variables": {}, "Numerical_Variables": {"bpf_cpu_time_ms": {"scale": 9118.333396743748}, "bpf_page_cache_hit": {"scale": 1.0}}, "CurveFit_Weights": [606467.0455498178, 0.00026011116103625404, 135.43679124079506]}}}