{"platform": {"All_Weights": {"Categorical_Variables": {}, "Numerical_Variables": {"bpf_cpu_time_ms": {"scale": 25731.422248118502}, "bpf_page_cache_hit": {"scale": 1.0}}, "CurveFit_Weights": [562246.7312097838, 0.0008678477797246699, 515.8523919911481]}}}