{"platform": {"All_Weights": {"Categorical_Variables": {}, "Numerical_Variables": {"bpf_cpu_time_ms": {"scale": 67010.20117706756}, "bpf_page_cache_hit": {"scale": 1.0}}, "CurveFit_Weights": [2117451.887379629, 0.00023117717014647856, 92.27222654529531]}}}