{"platform": {"All_Weights": {"Categorical_Variables": {}, "Numerical_Variables": {"bpf_cpu_time_ms": {"scale": 473228.5496999834}, "bpf_page_cache_hit": {"scale": 1.0}}, "CurveFit_Weights": [6892814.211369516, 0.00018692092784480251, 410.20784892607793]}}}