{"platform": {"All_Weights": {"Categorical_Variables": {}, "Numerical_Variables": {"bpf_cpu_time_ms": {"scale": 24127.315010142673}, "bpf_page_cache_hit": {"scale": 1.0}}, "CurveFit_Weights": [332478.4011652596, 0.00039749604992670427, 53.291809835795114]}}}