{"platform": {"All_Weights": {"Categorical_Variables": {}, "Numerical_Variables": {"bpf_cpu_time_ms": {"scale": 2311.0444362442263}, "bpf_page_cache_hit": {"scale": 1.0}}, "CurveFit_Weights": [712543.7740011812, 0.00022483714125376194, 166.54861217398067]}}}