{"platform": {"All_Weights": {"Categorical_Variables": {}, "Numerical_Variables": {"bpf_cpu_time_ms": {"scale": 32783.01756475603}, "bpf_page_cache_hit": {"scale": 1.0}}, "CurveFit_Weights": [2141614.086576448, 0.00024852911979654003, 99.94029325149206]}}}