{"platform": {"All_Weights": {"Categorical_Variables": {}, "Numerical_Variables": {"bpf_cpu_time_ms": {"scale": 1699.2134852756644}, "bpf_page_cache_hit": {"scale": 1.0}}, "CurveFit_Weights": [409870.1975983798, 0.0003976333217310879, 574.0172729566322]}}}