{"platform": {"All_Weights": {"Categorical_Variables": {}, "Numerical_Variables": {"bpf_cpu_time_ms": {"scale": 5205.8926733114395}, "bpf_page_cache_hit": {"scale": 1.0}}, "CurveFit_Weights": [185650.82271128191, 0.00021465399706779162, 16.647766828972006]}}}