{"platform": {"All_Weights": {"Categorical_Variables": {}, "Numerical_Variables": {"bpf_cpu_time_ms": {"scale": 63754.78986321015}, "bpf_page_cache_hit": {"scale": 1.0}}, "CurveFit_Weights": [909702.0302119437, 0.00027414175551840987, 61.870359531630235]}}}