{"platform": {"All_Weights": {"Categorical_Variables": {}, "Numerical_Variables": {"bpf_cpu_time_ms": {"scale": 87305.55939960781}, "bpf_page_cache_hit": {"scale": 1.0}}, "CurveFit_Weights": [1991790.054801311, 0.00022488797622135842, 133.0202865950879]}}}