{"platform": {"All_Weights": {"Categorical_Variables": {}, "Numerical_Variables": {"bpf_cpu_time_ms": {"scale": 22966.216968809174}, "bpf_page_cache_hit": {"scale": 1.0}}, "CurveFit_Weights": [63586.44488786002, 0.002219005166189917, 52.289886472375095]}}}