{"platform": {"All_Weights": {"Categorical_Variables": {}, "Numerical_Variables": {"bpf_cpu_time_ms": {"scale": 120000.0}, "bpf_page_cache_hit": {"scale": 1.0}}, "CurveFit_Weights": [1032872.63789716, 0.00028259911235975065, 115.57734087820317]}}}