{"platform": {"All_Weights": {"Categorical_Variables": {}, "Numerical_Variables": {"bpf_cpu_time_ms": {"scale": 26998.008432698734}, "bpf_page_cache_hit": {"scale": 1.0}}, "CurveFit_Weights": [356752.96755799337, 0.0004007444762584385, 95.51814877907205]}}}