{"platform": {"All_Weights": {"Categorical_Variables": {}, "Numerical_Variables": {"bpf_cpu_time_ms": {"scale": 7519.881128657864}, "bpf_page_cache_hit": {"scale": 1.0}}, "CurveFit_Weights": [412733.34828494885, 0.00020346431131742438, 168.11208856578386]}}}