{"platform": {"All_Weights": {"Categorical_Variables": {}, "Numerical_Variables": {"bpf_cpu_time_ms": {"scale": 9260.773529492924}, "bpf_page_cache_hit": {"scale": 1.0}}, "CurveFit_Weights": [256057.42909476647, 0.0006187478304333483, 93.13434318167477]}}}