{"platform": {"All_Weights": {"Categorical_Variables": {}, "Numerical_Variables": {"bpf_cpu_time_ms": {"scale": 920.788158877064}, "bpf_page_cache_hit": {"scale": 1.0}}, "CurveFit_Weights": [751624.9862398873, 0.00024187125644745133, 205.4652396668141]}}}