{"platform": {"All_Weights": {"Categorical_Variables": {}, "Numerical_Variables": {"bpf_cpu_time_ms": {"scale": 33500.16257528249}, "bpf_page_cache_hit": {"scale": 1.0}}, "CurveFit_Weights": [1630482.5612825167, 0.00020292856404223933, 95.31568946859547]}}}