{"platform": {"All_Weights": {"Categorical_Variables": {}, "Numerical_Variables": {"bpf_cpu_time_ms": {"scale": 76780.00882819411}, "bpf_page_cache_hit": {"scale": 1.0}}, "CurveFit_Weights": [166.05457166147508, 1.649009393533627, 76.01726000388845]}}}