{"platform": {"All_Weights": {"Categorical_Variables": {}, "Numerical_Variables": {"bpf_cpu_time_ms": {"scale": 12509.70674960623}, "bpf_page_cache_hit": {"scale": 1.0}}, "CurveFit_Weights": [448461.3209621209, 0.000279889102957144, 55.95795764646763]}}}