{"platform": {"All_Weights": {"Categorical_Variables": {}, "Numerical_Variables": {"bpf_cpu_time_ms": {"scale": 19253.4588031984}, "bpf_page_cache_hit": {"scale": 1.0}}, "CurveFit_Weights": [858489.90759574, 0.00023597522428161195, 54.99090590823634]}}}