{"platform": {"All_Weights": {"Categorical_Variables": {}, "Numerical_Variables": {"bpf_cpu_time_ms": {"scale": 16608.225821755237}, "bpf_page_cache_hit": {"scale": 1.0}}, "CurveFit_Weights": [369292.7109079764, 0.0002695975756024431, 56.088295641657396]}}}