{"platform": {"All_Weights": {"Categorical_Variables": {}, "Numerical_Variables": {"bpf_cpu_time_ms": {"scale": 7439.84047830315}, "bpf_page_cache_hit": {"scale": 1.0}}, "CurveFit_Weights": [109.5660284942739, 1.5851245021434164, 141.81311446632859]}}}