{"platform": {"All_Weights": {"Categorical_Variables": {}, "Numerical_Variables": {"bpf_cpu_time_ms": {"scale": 181557.8349847757}, "bpf_page_cache_hit": {"scale": 1.0}}, "CurveFit_Weights": [520274.55258985364, 0.000520216328962032, 101.42662285706106]}}}