{"platform": {"All_Weights": {"Categorical_Variables": {}, "Numerical_Variables": {"bpf_cpu_time_ms": {"scale": 27442.775647418955}, "bpf_page_cache_hit": {"scale": 1.0}}, "CurveFit_Weights": [50.317750695168336, 2.4005054278805944, 72.36941340798182]}}}