{"platform": {"All_Weights": {"Categorical_Variables": {}, "Numerical_Variables": {"bpf_cpu_time_ms": {"scale": 56248.726841862226}, "bpf_page_cache_hit": {"scale": 1.0}}, "CurveFit_Weights": [1051038.2866176318, 0.0002721097290923819, 57.64731094018043]}}}