{"platform": {"All_Weights": {"Categorical_Variables": {}, "Numerical_Variables": {"bpf_cpu_time_ms": {"scale": 142659.4963171837}, "bpf_page_cache_hit": {"scale": 1.0}}, "CurveFit_Weights": [2103890.9608943746, 0.00025971623012549755, 143.1607860196519]}}}