{"platform": {"All_Weights": {"Categorical_Variables": {}, "Numerical_Variables": {"bpf_cpu_time_ms": {"scale": 13998.46312916353}, "bpf_page_cache_hit": {"scale": 1.0}}, "CurveFit_Weights": [16.867711989817757, 8.969894692753952, 63.498559234747546]}}}