{"platform": {"All_Weights": {"Categorical_Variables": {}, "Numerical_Variables": {"bpf_cpu_time_ms": {"scale": 165116.76730582942}, "bpf_page_cache_hit": {"scale": 1.0}}, "CurveFit_Weights": [160.25203657540467, 5.078840399639707, 90.31432382725487]}}}