{"platform": {"All_Weights": {"Categorical_Variables": {}, "Numerical_Variables": {"bpf_cpu_time_ms": {"scale": 12418.275212975575}, "bpf_page_cache_hit": {"scale": 1.0}}, "CurveFit_Weights": [756715.4772498454, 0.00028756196078342367, 102.3225373618268]}}}