{"platform": {"All_Weights": {"Categorical_Variables": {}, "Numerical_Variables": {"bpf_cpu_time_ms": {"scale": 28891.57159981703}, "bpf_page_cache_hit": {"scale": 1.0}}, "CurveFit_Weights": [298442.4505353457, 0.0004017671714376899, 53.74352477657225]}}}