{"platform": {"All_Weights": {"Categorical_Variables": {}, "Numerical_Variables": {"bpf_cpu_time_ms": {"scale": 9637.798574736054}, "bpf_page_cache_hit": {"scale": 1.0}}, "CurveFit_Weights": [120.21734091171986, 1.5291591903759083, 53.961641304326314]}}}