{"platform": {"All_Weights": {"Categorical_Variables": {}, "Numerical_Variables": {"bpf_cpu_time_ms": {"scale": 85129.18828242872}, "bpf_page_cache_hit": {"scale": 1.0}}, "CurveFit_Weights": [516.6874584178197, 0.3784409302769683, 92.38829701918061]}}}