{"platform": {"All_Weights": {"Categorical_Variables": {}, "Numerical_Variables": {"bpf_cpu_time_ms": {"scale": 31561.296506937862}, "bpf_page_cache_hit": {"scale": 1.0}}, "CurveFit_Weights": [323777.09801278694, 0.0003982120663726672, 114.43880530868336]}}}