{"platform": {"All_Weights": {"Categorical_Variables": {}, "Numerical_Variables": {"bpf_cpu_time_ms": {"scale": 95382.02941206252}, "bpf_page_cache_hit": {"scale": 1.0}}, "CurveFit_Weights": [658.0802665750965, 0.7740290710222493, 108.93484018686112]}}}