{"platform": {"All_Weights": {"Categorical_Variables": {}, "Numerical_Variables": {"bpf_cpu_time_ms": {"scale": 62562.32596287884}, "bpf_page_cache_hit": {"scale": 1.0}}, "CurveFit_Weights": [95.34483029737265, 6.259675930556879, 109.37512634323141]}}}