{"platform": {"All_Weights": {"Categorical_Variables": {}, "Numerical_Variables": {"bpf_cpu_time_ms": {"scale": 16618.126600203945}, "bpf_page_cache_hit": {"scale": 1.0}}, "CurveFit_Weights": [261387.60112015274, 0.00037398721779444903, 55.13524671059094]}}}