{"platform": {"All_Weights": {"Categorical_Variables": {}, "Numerical_Variables": {"bpf_cpu_time_ms": {"scale": 36330.55999027924}, "bpf_page_cache_hit": {"scale": 1.0}}, "CurveFit_Weights": [56199.40631875052, 0.003075943456447132, 64.86348515608248]}}}