{"platform": {"All_Weights": {"Categorical_Variables": {}, "Numerical_Variables": {"bpf_cpu_time_ms": {"scale": 60485.09023690227}, "bpf_page_cache_hit": {"scale": 1.0}}, "CurveFit_Weights": [568.1365286598552, 1.2093617519590751, 136.53014376981614]}}}