{"platform": {"All_Weights": {"Categorical_Variables": {}, "Numerical_Variables": {"bpf_cpu_time_ms": {"scale": 91697.64372723806}, "bpf_page_cache_hit": {"scale": 1.0}}, "CurveFit_Weights": [267913.88984674454, 0.00046323332779870464, 86.9960944915934]}}}