{"platform": {"All_Weights": {"Categorical_Variables": {}, "Numerical_Variables": {"bpf_cpu_time_ms": {"scale": 18862.87309339697}, "bpf_page_cache_hit": {"scale": 1.0}}, "CurveFit_Weights": [803700.4709401208, 0.00020411487806451466, 52.19847851002857]}}}