{"platform": {"All_Weights": {"Categorical_Variables": {}, "Numerical_Variables": {"bpf_cpu_time_ms": {"scale": 111806.64454742755}, "bpf_page_cache_hit": {"scale": 1.0}}, "CurveFit_Weights": [1841902.5952444775, 0.00019043506665503382, 116.43026190963708]}}}