{"platform": {"All_Weights": {"Categorical_Variables": {}, "Numerical_Variables": {"bpf_cpu_time_ms": {"scale": 30366.452562332714}, "bpf_page_cache_hit": {"scale": 1.0}}, "CurveFit_Weights": [640616.5148260096, 0.0002611792746836958, 95.69738936329495]}}}