{"platform": {"All_Weights": {"Categorical_Variables": {}, "Numerical_Variables": {"bpf_cpu_time_ms": {"scale": 46581.149889281354}, "bpf_page_cache_hit": {"scale": 1.0}}, "CurveFit_Weights": [52805.448011124965, 0.0067535657402178996, 188.2646563359498]}}}