{"platform": {"All_Weights": {"Categorical_Variables": {}, "Numerical_Variables": {"bpf_cpu_time_ms": {"scale": 31205.86756133701}, "bpf_page_cache_hit": {"scale": 1.0}}, "CurveFit_Weights": [1774529.0974706209, 0.00021867914985692092, 89.88935438421797]}}}