{"platform": {"All_Weights": {"Categorical_Variables": {}, "Numerical_Variables": {"bpf_cpu_time_ms": {"scale": 91705.25318267434}, "bpf_page_cache_hit": {"scale": 1.0}}, "CurveFit_Weights": [1683532.690923002, 0.0003029780960011538, 119.40409804625517]}}}