{"platform": {"All_Weights": {"Categorical_Variables": {}, "Numerical_Variables": {"bpf_cpu_time_ms": {"scale": 59669.66645587067}, "bpf_page_cache_hit": {"scale": 1.0}}, "CurveFit_Weights": [458.8285444233711, 2.2388657708564486, 194.50873771648298]}}}