{"platform": {"All_Weights": {"Categorical_Variables": {}, "Numerical_Variables": {"bpf_cpu_time_ms": {"scale": 16895.30714352416}, "bpf_page_cache_hit": {"scale": 1.0}}, "CurveFit_Weights": [1009465.3071870245, 0.00027922948483647005, 95.66643662213153]}}}