{"platform": {"All_Weights": {"Categorical_Variables": {}, "Numerical_Variables": {"bpf_cpu_time_ms": {"scale": 146499.34351088357}, "bpf_page_cache_hit": {"scale": 1.0}}, "CurveFit_Weights": [1000.2246450144695, 0.3396285213658366, 96.18693704036623]}}}