{"platform": {"All_Weights": {"Categorical_Variables": {}, "Numerical_Variables": {"bpf_cpu_time_ms": {"scale": 52279.620485160645}, "bpf_page_cache_hit": {"scale": 1.0}}, "CurveFit_Weights": [800157.2778208685, 0.00028859587486883753, 66.86143661693252]}}}