{"platform": {"All_Weights": {"Categorical_Variables": {}, "Numerical_Variables": {"bpf_cpu_time_ms": {"scale": 5584.737451333462}, "bpf_page_cache_hit": {"scale": 1.0}}, "CurveFit_Weights": [245187.1675269197, 0.00023120089364907275, 7.6773638653718415]}}}