{"platform": {"All_Weights": {"Categorical_Variables": {}, "Numerical_Variables": {"bpf_cpu_time_ms": {"scale": 23718.934901256616}, "bpf_page_cache_hit": {"scale": 1.0}}, "CurveFit_Weights": [153161.15707011038, 0.0008235153966635017, 60.41300754751793]}}}