{"platform": {"All_Weights": {"Categorical_Variables": {}, "Numerical_Variables": {"bpf_cpu_time_ms": {"scale": 366165.10973175266}, "bpf_page_cache_hit": {"scale": 1.0}}, "CurveFit_Weights": [252682.30686795738, 0.0022119450324046214, 190.43426179599788]}}}