{"platform": {"All_Weights": {"Categorical_Variables": {}, "Numerical_Variables": {"bpf_cpu_time_ms": {"scale": 16245.749437434137}, "bpf_page_cache_hit": {"scale": 1.0}}, "CurveFit_Weights": [985162.62643923, 0.00020791845583919492, 44.95343590990953]}}}