{"platform": {"All_Weights": {"Categorical_Variables": {}, "Numerical_Variables": {"bpf_cpu_time_ms": {"scale": 19577.971491921595}, "bpf_page_cache_hit": {"scale": 1.0}}, "CurveFit_Weights": [1088771.4170023848, 0.00018642647397132698, 44.862821297593555]}}}