{"platform": {"All_Weights": {"Categorical_Variables": {}, "Numerical_Variables": {"bpf_cpu_time_ms": {"scale": 93641.36455228794}, "bpf_page_cache_hit": {"scale": 1.0}}, "CurveFit_Weights": [240.89416405529118, 0.6720043355105995, 59.96126152128061]}}}