{"platform": {"All_Weights": {"Categorical_Variables": {}, "Numerical_Variables": {"bpf_cpu_time_ms": {"scale": 9683.905086357803}, "bpf_page_cache_hit": {"scale": 1.0}}, "CurveFit_Weights": [62.644761427602134, 5.655204769490649, 57.9477819357165]}}}