{"platform": {"All_Weights": {"Categorical_Variables": {}, "Numerical_Variables": {"bpf_cpu_time_ms": {"scale": 6634.090855393506}, "bpf_page_cache_hit": {"scale": 1.0}}, "CurveFit_Weights": [95.23093654422819, 2.0456581278916994, 69.46603985871111]}}}