{"platform": {"All_Weights": {"Categorical_Variables": {}, "Numerical_Variables": {"bpf_cpu_time_ms": {"scale": 5140.558426406277}, "bpf_page_cache_hit": {"scale": 1.0}}, "CurveFit_Weights": [239562.43181959254, 0.000246684987958537, 11.54568678471806]}}}