{"platform": {"All_Weights": {"Categorical_Variables": {}, "Numerical_Variables": {"bpf_cpu_time_ms": {"scale": 7997.919992709427}, "bpf_page_cache_hit": {"scale": 1.0}}, "CurveFit_Weights": [255575.97855309123, 0.00020862593561139773, 17.728208205117678]}}}