{"platform": {"All_Weights": {"Categorical_Variables": {}, "Numerical_Variables": {"bpf_cpu_time_ms": {"scale": 15999.999999999996}, "bpf_page_cache_hit": {"scale": 1.0}}, "CurveFit_Weights": [628.4768789280758, 0.42222832414790873, 296.2062833401603]}}}