{"platform": {"All_Weights": {"Categorical_Variables": {}, "Numerical_Variables": {"bpf_cpu_time_ms": {"scale": 15894.21468262942}, "bpf_page_cache_hit": {"scale": 1.0}}, "CurveFit_Weights": [273748.0985047128, 0.0003904636643039804, 64.73270085788269]}}}