{"platform": {"All_Weights": {"Categorical_Variables": {}, "Numerical_Variables": {"bpf_cpu_time_ms": {"scale": 6485.77278057086}, "bpf_page_cache_hit": {"scale": 1.0}}, "CurveFit_Weights": [731.1346921863995, 0.24335458545154673, 86.55828748967842]}}}