{"platform": {"All_Weights": {"Categorical_Variables": {}, "Numerical_Variables": {"bpf_cpu_time_ms": {"scale": 46050.9353889413}, "bpf_page_cache_hit": {"scale": 1.0}}, "CurveFit_Weights": [101495.56948432128, 0.0006765257293405213, 84.57527561814281]}}}