{"platform": {"All_Weights": {"Categorical_Variables": {}, "Numerical_Variables": {"bpf_cpu_time_ms": {"scale": 138157.4426289267}, "bpf_page_cache_hit": {"scale": 1.0}}, "CurveFit_Weights": [4466836.7982409075, 0.00017568973287425762, 121.83538247189631]}}}