{"platform": {"All_Weights": {"Categorical_Variables": {}, "Numerical_Variables": {"bpf_cpu_time_ms": {"scale": 37910.511148721685}, "bpf_page_cache_hit": {"scale": 1.0}}, "CurveFit_Weights": [817300.3005813999, 0.00026280981609448455, 76.45629446611593]}}}