{"platform": {"All_Weights": {"Categorical_Variables": {}, "Numerical_Variables": {"bpf_cpu_time_ms": {"scale": 64489.710503488335}, "bpf_page_cache_hit": {"scale": 1.0}}, "CurveFit_Weights": [1506876.551496481, 0.0002049133188123736, 55.123780893851425]}}}