{"platform": {"All_Weights": {"Categorical_Variables": {}, "Numerical_Variables": {"bpf_cpu_time_ms": {"scale": 131946.5742994043}, "bpf_page_cache_hit": {"scale": 1.0}}, "CurveFit_Weights": [3054113.8569268873, 0.0002486670974418774, 97.9922338057436]}}}