{"platform": {"All_Weights": {"Categorical_Variables": {}, "Numerical_Variables": {"bpf_cpu_time_ms": {"scale": 2819.7572301766277}, "bpf_page_cache_hit": {"scale": 1.0}}, "CurveFit_Weights": [271383.61361957155, 0.0003053135793269834, 27.478438843012817]}}}