{"platform": {"All_Weights": {"Categorical_Variables": {}, "Numerical_Variables": {"bpf_cpu_time_ms": {"scale": 146561.22337618796}, "bpf_page_cache_hit": {"scale": 1.0}}, "CurveFit_Weights": [9620.651880531972, 0.027838607447171607, 90.12877538388729]}}}