{"platform": {"All_Weights": {"Categorical_Variables": {}, "Numerical_Variables": {"bpf_cpu_time_ms": {"scale": 377176.0954705064}, "bpf_page_cache_hit": {"scale": 1.0}}, "CurveFit_Weights": [717990.6662931574, 0.0007703128320023346, 137.0420478433728]}}}