{"platform": {"All_Weights": {"Categorical_Variables": {}, "Numerical_Variables": {"bpf_cpu_time_ms": {"scale": 185626.3948752971}, "bpf_page_cache_hit": {"scale": 1.0}}, "CurveFit_Weights": [855913.9655855262, 0.0003391435980703518, 80.8610137707894]}}}