{"platform": {"All_Weights": {"Categorical_Variables": {}, "Numerical_Variables": {"bpf_cpu_time_ms": {"scale": 32000.0}, "bpf_page_cache_hit": {"scale": 1.0}}, "CurveFit_Weights": [296.40206590697835, 0.8230750266639338, 79.50903264692612]}}}