{"platform": {"All_Weights": {"Categorical_Variables": {}, "Numerical_Variables": {"bpf_cpu_time_ms": {"scale": 3993.6151229890447}, "bpf_page_cache_hit": {"scale": 1.0}}, "CurveFit_Weights": [58852.407414598165, 0.0006407954241947824, 18.09045093866702]}}}