{"platform": {"All_Weights": {"Categorical_Variables": {}, "Numerical_Variables": {"bpf_cpu_time_ms": {"scale": 48909.658729464776}, "bpf_page_cache_hit": {"scale": 1.0}}, "CurveFit_Weights": [113.81822519435904, 1.4034417753325263, 74.63177226703337]}}}