{"platform": {"All_Weights": {"Categorical_Variables": {}, "Numerical_Variables": {"bpf_cpu_time_ms": {"scale": 6879.14917040082}, "bpf_page_cache_hit": {"scale": 1.0}}, "CurveFit_Weights": [296984.33512055915, 0.0002257850186834483, 11.955402556848693]}}}