{"platform": {"All_Weights": {"Categorical_Variables": {}, "Numerical_Variables": {"bpf_cpu_time_ms": {"scale": 139729.2362111971}, "bpf_page_cache_hit": {"scale": 1.0}}, "CurveFit_Weights": [2545224.2325414866, 0.0002069782019664674, 137.38500809297764]}}}