{"platform": {"All_Weights": {"Categorical_Variables": {}, "Numerical_Variables": {"bpf_cpu_time_ms": {"scale": 6294.7645461156035}, "bpf_page_cache_hit": {"scale": 1.0}}, "CurveFit_Weights": [49.04537214794922, 3.394185474220419, 62.9705144312416]}}}