{"platform": {"All_Weights": {"Categorical_Variables": {}, "Numerical_Variables": {"bpf_cpu_time_ms": {"scale": 171729.662244694}, "bpf_page_cache_hit": {"scale": 1.0}}, "CurveFit_Weights": [218.11943145054326, 2.62791542032981, 121.28869680721336]}}}