{"platform": {"All_Weights": {"Categorical_Variables": {}, "Numerical_Variables": {"bpf_cpu_time_ms": {"scale": 31510.316498634707}, "bpf_page_cache_hit": {"scale": 1.0}}, "CurveFit_Weights": [204.17894781829602, 0.6153649686899689, 80.89460994207784]}}}