{"platform": {"All_Weights": {"Categorical_Variables": {}, "Numerical_Variables": {"bpf_cpu_time_ms": {"scale": 248616.7104288696}, "bpf_page_cache_hit": {"scale": 1.0}}, "CurveFit_Weights": [1200580.449126615, 0.00024600218930812576, 137.33653623450076]}}}