{"platform": {"All_Weights": {"Categorical_Variables": {}, "Numerical_Variables": {"bpf_cpu_time_ms": {"scale": 83841.27702040575}, "bpf_page_cache_hit": {"scale": 1.0}}, "CurveFit_Weights": [1482795.8941911347, 0.0002932710462896172, 98.20597487712217]}}}