{"platform": {"All_Weights": {"Categorical_Variables": {}, "Numerical_Variables": {"bpf_cpu_time_ms": {"scale": 5205.8926733114395}, "bpf_page_cache_hit": {"scale": 1.0}}, "CurveFit_Weights": [131.11203454722678, 1.1238064198573192, 1.6138754332006204, 0.188985192043283]}}}