{"platform": {"All_Weights": {"Categorical_Variables": {}, "Numerical_Variables": {"bpf_cpu_time_ms": {"scale": 87305.55939960781}, "bpf_page_cache_hit": {"scale": 1.0}}, "CurveFit_Weights": [17005637.642327085, 21.15625400099086, 0.475595087548749, -579.228121604992]}}}