{"platform": {"All_Weights": {"Categorical_Variables": {}, "Numerical_Variables": {"bpf_cpu_time_ms": {"scale": 46111.67007103627}, "bpf_page_cache_hit": {"scale": 1.0}}, "CurveFit_Weights": [459249.30531507847, -8.077785811947553, 0.7924561724684894, -458347.76358606806]}}}