{"platform": {"All_Weights": {"Categorical_Variables": {}, "Numerical_Variables": {"bpf_cpu_time_ms": {"scale": 139729.2362111971}, "bpf_page_cache_hit": {"scale": 1.0}}, "CurveFit_Weights": [8940898.70954071, 12.094299866381935, 0.8275583923133402, -228.5841199350856]}}}