{"platform": {"All_Weights": {"Categorical_Variables": {}, "Numerical_Variables": {"bpf_cpu_time_ms": {"scale": 19253.4588031984}, "bpf_page_cache_hit": {"scale": 1.0}}, "CurveFit_Weights": [1124.963671145186, 1.677121790516776, 1.662337300506006, 7.855993766211973]}}}