{"platform": {"All_Weights": {"Categorical_Variables": {}, "Numerical_Variables": {"bpf_cpu_time_ms": {"scale": 7786.193874103079}, "bpf_page_cache_hit": {"scale": 1.0}}, "CurveFit_Weights": [110.0126518252696, 0.03250902347623379, 2.923380215678301, 121.29927177094521]}}}