{"platform": {"All_Weights": {"Categorical_Variables": {}, "Numerical_Variables": {"bpf_cpu_time_ms": {"scale": 9118.333396743748}, "bpf_page_cache_hit": {"scale": 1.0}}, "CurveFit_Weights": [905943.5746000211, 11.706353593281332, 0.7494409788423485, 4.600379413313211]}}}