{"platform": {"All_Weights": {"Categorical_Variables": {}, "Numerical_Variables": {"bpf_cpu_time_ms": {"scale": 17611.607672653263}, "bpf_page_cache_hit": {"scale": 1.0}}, "CurveFit_Weights": [166006.27262410536, -9.558400949162161, 0.6916521266036226, -165724.74218121514]}}}