{"platform": {"All_Weights": {"Categorical_Variables": {}, "Numerical_Variables": {"bpf_cpu_time_ms": {"scale": 22745.45436134916}, "bpf_page_cache_hit": {"scale": 1.0}}, "CurveFit_Weights": [717097.8120271508, 17.48328117514369, 0.40670200744170465, -444.2116288084763]}}}