{"platform": {"All_Weights": {"Categorical_Variables": {}, "Numerical_Variables": {"bpf_cpu_time_ms": {"scale": 15999.999999999996}, "bpf_page_cache_hit": {"scale": 1.0}}, "CurveFit_Weights": [136401.29436419194, -13.992028912048498, 0.37530290954805784, -135394.6101329655]}}}