{"platform": {"All_Weights": {"Categorical_Variables": {}, "Numerical_Variables": {"bpf_cpu_time_ms": {"scale": 33500.16257528249}, "bpf_page_cache_hit": {"scale": 1.0}}, "CurveFit_Weights": [4060941.2804962792, 8.037828100277045, 1.285635743473946, -8.064721596340634]}}}