{"platform": {"All_Weights": {"Categorical_Variables": {}, "Numerical_Variables": {"bpf_cpu_time_ms": {"scale": 101439.72293959543}, "bpf_page_cache_hit": {"scale": 1.0}}, "CurveFit_Weights": [2921160.316071345, 24.00860621300187, 0.3148198804471763, -1351.34972920382]}}}