{"platform": {"All_Weights": {"Categorical_Variables": {}, "Numerical_Variables": {"bpf_cpu_time_ms": {"scale": 118367.90322811548}, "bpf_page_cache_hit": {"scale": 1.0}}, "CurveFit_Weights": [18264908.141432256, 8.78648826376659, 1.2310936926793035, -213.58276158372902]}}}