{"platform": {"All_Weights": {"Categorical_Variables": {}, "Numerical_Variables": {"bpf_cpu_time_ms": {"scale": 239233.5518432769}, "bpf_page_cache_hit": {"scale": 1.0}}, "CurveFit_Weights": [11537730.943538573, 7.242288035356012, 1.5327223107339312, 66.23319982930306]}}}