{"platform": {"All_Weights": {"Categorical_Variables": {}, "Numerical_Variables": {"bpf_cpu_time_ms": {"scale": 30366.452562332714}, "bpf_page_cache_hit": {"scale": 1.0}}, "CurveFit_Weights": [9027112.623938369, 7.966810684589627, 1.538573488098075, 76.5621080004145]}}}