{"platform": {"All_Weights": {"Categorical_Variables": {}, "Numerical_Variables": {"bpf_cpu_time_ms": {"scale": 377176.0954705064}, "bpf_page_cache_hit": {"scale": 1.0}}, "CurveFit_Weights": [458742.79839086527, -14.202313613950636, 0.4021310598067563, -457084.6173246816]}}}