{"platform": {"All_Weights": {"Categorical_Variables": {}, "Numerical_Variables": {"bpf_cpu_time_ms": {"scale": 48117.86426707801}, "bpf_page_cache_hit": {"scale": 1.0}}, "CurveFit_Weights": [1741406.607021879, 17.429849251593303, 0.49152484386342543, -268.2252602696703]}}}