{"platform": {"All_Weights": {"Categorical_Variables": {}, "Numerical_Variables": {"bpf_cpu_time_ms": {"scale": 3904.324074254532}, "bpf_page_cache_hit": {"scale": 1.0}}, "CurveFit_Weights": [60.49220947601572, 0.7956464765221887, 2.8571042854739472, 31.40098054294446]}}}