{"platform": {"All_Weights": {"Categorical_Variables": {}, "Numerical_Variables": {"bpf_cpu_time_ms": {"scale": 7672.730086207248}, "bpf_page_cache_hit": {"scale": 1.0}}, "CurveFit_Weights": [185.94517809212195, 0.2183871727581303, 3.0612033038648376, 167.7262877403858]}}}