{"platform": {"All_Weights": {"Categorical_Variables": {}, "Numerical_Variables": {"bpf_cpu_time_ms": {"scale": 22125.987405759784}, "bpf_page_cache_hit": {"scale": 1.0}}, "CurveFit_Weights": [6643497.905132187, 12.166924179437876, 0.9043427251131763, -63.14703178342979]}}}