{"platform": {"All_Weights": {"Categorical_Variables": {}, "Numerical_Variables": {"bpf_cpu_time_ms": {"scale": 5597.174077811869}, "bpf_page_cache_hit": {"scale": 1.0}}, "CurveFit_Weights": [229757.83373194846, 6.693739381993518, 1.436016406290844, 0.744933338810198]}}}