{"platform": {"All_Weights": {"Categorical_Variables": {}, "Numerical_Variables": {"bpf_cpu_time_ms": {"scale": 920.788158877064}, "bpf_page_cache_hit": {"scale": 1.0}}, "CurveFit_Weights": [254.94192196184295, 0.7246087610760845, 3.5394072610089564, 209.1355995670034]}}}