{"platform": {"All_Weights": {"Categorical_Variables": {}, "Numerical_Variables": {"bpf_cpu_time_ms": {"scale": 88750.03797173554}, "bpf_page_cache_hit": {"scale": 1.0}}, "CurveFit_Weights": [61553.60386870545, -18.665993813493955, 0.21919673728519637, -60473.33050847697]}}}