{"platform": {"All_Weights": {"Categorical_Variables": {}, "Numerical_Variables": {"bpf_cpu_time_ms": {"scale": 5844.0770505581}, "bpf_page_cache_hit": {"scale": 1.0}}, "CurveFit_Weights": [448.2277856641765, 2.146568550001054, 1.626497657343847, 5.340906520962867]}}}