{"platform": {"All_Weights": {"Categorical_Variables": {}, "Numerical_Variables": {"bpf_cpu_time_ms": {"scale": 9637.798574736054}, "bpf_page_cache_hit": {"scale": 1.0}}, "CurveFit_Weights": [218551.23085020878, -6.644613405303721, 1.0780701498701692, -218331.9844014515]}}}