{"platform": {"All_Weights": {"Categorical_Variables": {}, "Numerical_Variables": {"bpf_cpu_time_ms": {"scale": 6823.236964041063}, "bpf_page_cache_hit": {"scale": 1.0}}, "CurveFit_Weights": [239.396682786914, -0.13426490561856025, 1.929387876326061, -29.19039938738044]}}}