{"platform": {"All_Weights": {"Categorical_Variables": {}, "Numerical_Variables": {"bpf_cpu_time_ms": {"scale": 28891.57159981703}, "bpf_page_cache_hit": {"scale": 1.0}}, "CurveFit_Weights": [35277.09330645952, 46.177115756627636, 0.0611557434155028, -1921.9398339177137]}}}