{"platform": {"All_Weights": {"Categorical_Variables": {}, "Numerical_Variables": {"bpf_cpu_time_ms": {"scale": 24848.028676254668}, "bpf_page_cache_hit": {"scale": 1.0}}, "CurveFit_Weights": [287305.70776403823, -11.341830724272679, 0.5115327422344637, -286273.79399329395]}}}