{"platform": {"All_Weights": {"Categorical_Variables": {}, "Numerical_Variables": {"bpf_cpu_time_ms": {"scale": 85129.18828242872}, "bpf_page_cache_hit": {"scale": 1.0}}, "CurveFit_Weights": [22102.880048223873, -28.57416310428699, 0.06834888679718053, -19257.709756213564]}}}