{"platform": {"All_Weights": {"Categorical_Variables": {}, "Numerical_Variables": {"bpf_cpu_time_ms": {"scale": 60732.483270793295}, "bpf_page_cache_hit": {"scale": 1.0}}, "CurveFit_Weights": [119443.26582670037, -18.208122671060668, 0.21776057492151746, -117076.36832833025]}}}