{"platform": {"All_Weights": {"Categorical_Variables": {}, "Numerical_Variables": {"bpf_cpu_time_ms": {"scale": 92300.0070880573}, "bpf_page_cache_hit": {"scale": 1.0}}, "CurveFit_Weights": [169327.80562011353, 23.01620497847898, 0.2493164582323699, -475.86102926120407]}}}