{"platform": {"All_Weights": {"Categorical_Variables": {}, "Numerical_Variables": {"bpf_cpu_time_ms": {"scale": 22863.91267513408}, "bpf_page_cache_hit": {"scale": 1.0}}, "CurveFit_Weights": [7000886.955580567, 11.673077109076313, 0.9271105795061486, -34.433313213868864]}}}