{"platform": {"All_Weights": {"Categorical_Variables": {}, "Numerical_Variables": {"bpf_cpu_time_ms": {"scale": 42851.430063253945}, "bpf_page_cache_hit": {"scale": 1.0}}, "CurveFit_Weights": [402.1884431881622, 0.9354852804060338, 3.6111549357420913, 85.89286027452557]}}}