{"platform": {"All_Weights": {"Categorical_Variables": {}, "Numerical_Variables": {"bpf_cpu_time_ms": {"scale": 26998.008432698734}, "bpf_page_cache_hit": {"scale": 1.0}}, "CurveFit_Weights": [1862256.0457165623, 6.4021505722783525, 1.7102924487835862, 80.98727999213506]}}}