{"platform": {"All_Weights": {"Categorical_Variables": {}, "Numerical_Variables": {"bpf_cpu_time_ms": {"scale": 88027.16113554429}, "bpf_page_cache_hit": {"scale": 1.0}}, "CurveFit_Weights": [181791.16683753015, -11.352110390772948, 0.5482791022161009, -181355.545663595]}}}