{"platform": {"All_Weights": {"Categorical_Variables": {}, "Numerical_Variables": {"bpf_cpu_time_ms": {"scale": 961.21670348286}, "bpf_page_cache_hit": {"scale": 1.0}}, "CurveFit_Weights": [391.4397696503431, 0.29142361891488344, 5.091005703414578, 444.6063265915099]}}}