{"platform": {"All_Weights": {"Categorical_Variables": {}, "Numerical_Variables": {"bpf_cpu_time_ms": {"scale": 6494.023383745279}, "bpf_page_cache_hit": {"scale": 1.0}}, "CurveFit_Weights": [128243.16443120466, -14.17726445194937, 0.40103438152285414, -127732.36728931482]}}}