{"platform": {"All_Weights": {"Categorical_Variables": {}, "Numerical_Variables": {"bpf_cpu_time_ms": {"scale": 91705.25318267434}, "bpf_page_cache_hit": {"scale": 1.0}}, "CurveFit_Weights": [6675397.43803042, 15.798752019193426, 0.5820836604931178, -545.1986703169974]}}}