{"platform": {"All_Weights": {"Categorical_Variables": {}, "Numerical_Variables": {"bpf_cpu_time_ms": {"scale": 480000.0}, "bpf_page_cache_hit": {"scale": 1.0}}, "CurveFit_Weights": [61917215.05339444, 6.886893607315454, 1.7644324871726946, 192.19757044281664]}}}