{"platform": {"All_Weights": {"Categorical_Variables": {}, "Numerical_Variables": {"bpf_cpu_time_ms": {"scale": 4084.7559139337336}, "bpf_page_cache_hit": {"scale": 1.0}}, "CurveFit_Weights": [81.60386538709382, 0.8267835192748674, 3.3790361706630594, 37.99148376488503]}}}