{"platform": {"All_Weights": {"Categorical_Variables": {}, "Numerical_Variables": {"bpf_cpu_time_ms": {"scale": 94140.26047363192}, "bpf_page_cache_hit": {"scale": 1.0}}, "CurveFit_Weights": [160290.31058976342, 36.621979214322714, 0.13924072980601776, -909.1899471862265]}}}