{"platform": {"All_Weights": {"Categorical_Variables": {}, "Numerical_Variables": {"bpf_cpu_time_ms": {"scale": 71847.68616718204}, "bpf_page_cache_hit": {"scale": 1.0}}, "CurveFit_Weights": [1377032.064345741, 22.61212208821341, 0.33443577395612, -645.6667802382387]}}}