{"platform": {"All_Weights": {"Categorical_Variables": {}, "Numerical_Variables": {"bpf_cpu_time_ms": {"scale": 56248.726841862226}, "bpf_page_cache_hit": {"scale": 1.0}}, "CurveFit_Weights": [5237700.433035518, 12.184228430042642, 0.8224360560759649, -164.81887801168747]}}}