{"platform": {"All_Weights": {"Categorical_Variables": {}, "Numerical_Variables": {"bpf_cpu_time_ms": {"scale": 65448.79891181445}, "bpf_page_cache_hit": {"scale": 1.0}}, "CurveFit_Weights": [273971.4032483774, -7.602313153792266, 0.8910118767453582, -273547.38134633715]}}}