{"platform": {"All_Weights": {"Categorical_Variables": {}, "Numerical_Variables": {"bpf_cpu_time_ms": {"scale": 17153.09866238233}, "bpf_page_cache_hit": {"scale": 1.0}}, "CurveFit_Weights": [12334532.24728716, 6.499814665404865, 1.9807293658760663, 28.564339268021836]}}}