{"platform": {"All_Weights": {"Categorical_Variables": {}, "Numerical_Variables": {"bpf_cpu_time_ms": {"scale": 51027.93707155226}, "bpf_page_cache_hit": {"scale": 1.0}}, "CurveFit_Weights": [3913672.2697180007, 11.240393172203422, 0.9073590407952375, -75.73167834877665]}}}