{"platform": {"All_Weights": {"Categorical_Variables": {}, "Numerical_Variables": {"bpf_cpu_time_ms": {"scale": 19723.5657653583}, "bpf_page_cache_hit": {"scale": 1.0}}, "CurveFit_Weights": [970591.3083570718, 8.031686086105795, 1.1562931673695995, -24.905065523514907]}}}