{"platform": {"All_Weights": {"Categorical_Variables": {}, "Numerical_Variables": {"bpf_cpu_time_ms": {"scale": 18862.87309339697}, "bpf_page_cache_hit": {"scale": 1.0}}, "CurveFit_Weights": [221035.5999454755, 6.150416662689027, 1.311788552087307, -7.297692276969767]}}}