{"platform": {"All_Weights": {"Categorical_Variables": {}, "Numerical_Variables": {"bpf_cpu_time_ms": {"scale": 152148.69738520947}, "bpf_page_cache_hit": {"scale": 1.0}}, "CurveFit_Weights": [27609.501496058157, -2.9292972937277626, 0.05088253180081416, -14697.607901534666]}}}