{"platform": {"All_Weights": {"Categorical_Variables": {}, "Numerical_Variables": {"bpf_cpu_time_ms": {"scale": 8675.858443717963}, "bpf_page_cache_hit": {"scale": 1.0}}, "CurveFit_Weights": [549395.6092410531, 7.0293586749107995, 1.3675483383518345, 20.101706994193474]}}}