{"platform": {"All_Weights": {"Categorical_Variables": {}, "Numerical_Variables": {"bpf_cpu_time_ms": {"scale": 10114.699618257488}, "bpf_page_cache_hit": {"scale": 1.0}}, "CurveFit_Weights": [6766505.927720133, 9.723968581072766, 1.2164911589582414, 116.39752358369144]}}}