{"platform": {"All_Weights": {"Categorical_Variables": {}, "Numerical_Variables": {"bpf_cpu_time_ms": {"scale": 3991.690709751875}, "bpf_page_cache_hit": {"scale": 1.0}}, "CurveFit_Weights": [76.95205029898524, 0.3844795925803754, 3.8450142150828293, 48.79654527313572]}}}