{"platform": {"All_Weights": {"Categorical_Variables": {}, "Numerical_Variables": {"bpf_cpu_time_ms": {"scale": 7999.999999999999}, "bpf_page_cache_hit": {"scale": 1.0}}, "CurveFit_Weights": [175.40218902293174, 0.024431987316868384, 2.1185563636040885, 140.41160492913056]}}}