{"platform": {"All_Weights": {"Categorical_Variables": {}, "Numerical_Variables": {"bpf_cpu_time_ms": {"scale": 517.8404152026453}, "bpf_page_cache_hit": {"scale": 1.0}}, "CurveFit_Weights": [125.55617940129865, 0.4419694441159392, 2.251811668554477, 71.27171433122304]}}}