{"platform": {"All_Weights": {"Categorical_Variables": {}, "Numerical_Variables": {"bpf_cpu_time_ms": {"scale": 7785.797965597758}, "bpf_page_cache_hit": {"scale": 1.0}}, "CurveFit_Weights": [384.4062451868244, 0.04111977386530725, 1.4217100385328096, -6.712337119791883]}}}