{"platform": {"All_Weights": {"Categorical_Variables": {}, "Numerical_Variables": {"bpf_cpu_time_ms": {"scale": 5140.558426406277}, "bpf_page_cache_hit": {"scale": 1.0}}, "CurveFit_Weights": [56.631895831736244, 0.5565510914824581, 5.944160440072472, 14.62701080817249]}}}