{"platform": {"All_Weights": {"Categorical_Variables": {}, "Numerical_Variables": {"bpf_cpu_time_ms": {"scale": 256000.0}, "bpf_page_cache_hit": {"scale": 1.0}}, "CurveFit_Weights": [35872159.898771346, 9.500335310738604, 1.2312346237864134, -88.82071996871683]}}}