{"platform": {"All_Weights": {"Categorical_Variables": {}, "Numerical_Variables": {"bpf_cpu_time_ms": {"scale": 71007.70978118155}, "bpf_page_cache_hit": {"scale": 1.0}}, "CurveFit_Weights": [84980.67181210394, -13.283104800487054, 0.40447860612351233, -84507.84424123437]}}}