{"platform": {"All_Weights": {"Categorical_Variables": {}, "Numerical_Variables": {"bpf_cpu_time_ms": {"scale": 23672.356239009292}, "bpf_page_cache_hit": {"scale": 1.0}}, "CurveFit_Weights": [3378807.9851471526, 13.149434873754155, 0.7872359397837355, -54.455896662863616]}}}