{"platform": {"All_Weights": {"Categorical_Variables": {}, "Numerical_Variables": {"bpf_cpu_time_ms": {"scale": 366165.10973175266}, "bpf_page_cache_hit": {"scale": 1.0}}, "CurveFit_Weights": [372119.98300117906, 40.7947156545339, 0.1038730812068156, -5109.410594971653]}}}