{"platform": {"All_Weights": {"Categorical_Variables": {}, "Numerical_Variables": {"bpf_cpu_time_ms": {"scale": 37910.511148721685}, "bpf_page_cache_hit": {"scale": 1.0}}, "CurveFit_Weights": [5769253.114374821, 21.50088874531656, 0.44706251009778475, -304.84548817713556]}}}