{"platform": {"All_Weights": {"Categorical_Variables": {}, "Numerical_Variables": {"bpf_cpu_time_ms": {"scale": 23718.934901256616}, "bpf_page_cache_hit": {"scale": 1.0}}, "CurveFit_Weights": [2373395.201672857, 20.515157186701778, 0.4467545424115807, -191.0247785629942]}}}