{"platform": {"All_Weights": {"Categorical_Variables": {}, "Numerical_Variables": {"bpf_cpu_time_ms": {"scale": 12418.275212975575}, "bpf_page_cache_hit": {"scale": 1.0}}, "CurveFit_Weights": [1185443.6242972135, 19.10415220280803, 0.41497532912323226, -319.0928946084958]}}}