{"platform": {"All_Weights": {"Categorical_Variables": {}, "Numerical_Variables": {"bpf_cpu_time_ms": {"scale": 26581.429964931}, "bpf_page_cache_hit": {"scale": 1.0}}, "CurveFit_Weights": [6108405.884736923, 11.195621862860689, 0.9867754474917809, 24.96246659165883]}}}