{"platform": {"All_Weights": {"Categorical_Variables": {}, "Numerical_Variables": {"bpf_cpu_time_ms": {"scale": 17846.648192714154}, "bpf_page_cache_hit": {"scale": 1.0}}, "CurveFit_Weights": [369128.5997110518, -4.029462799456788, 1.9010594833287466, -368819.57629610825]}}}