{"platform": {"All_Weights": {"Categorical_Variables": {}, "Numerical_Variables": {"bpf_cpu_time_ms": {"scale": 2819.7572301766277}, "bpf_page_cache_hit": {"scale": 1.0}}, "CurveFit_Weights": [1437555.1681282464, 8.290819303614837, 1.291485133804149, 3.212289154121204]}}}