{"platform": {"All_Weights": {"Categorical_Variables": {}, "Numerical_Variables": {"bpf_cpu_time_ms": {"scale": 62554.10831676641}, "bpf_page_cache_hit": {"scale": 1.0}}, "CurveFit_Weights": [56899.19672888493, 22.30120406056799, 0.1945574065619513, -626.9338891519591]}}}