{"platform": {"All_Weights": {"Categorical_Variables": {}, "Numerical_Variables": {"bpf_cpu_time_ms": {"scale": 130867.3894484954}, "bpf_page_cache_hit": {"scale": 1.0}}, "CurveFit_Weights": [10113693.143821103, 9.552940225942438, 1.0560580512347435, -233.41396516806157]}}}