{"platform": {"All_Weights": {"Categorical_Variables": {}, "Numerical_Variables": {"bpf_cpu_time_ms": {"scale": 62113.59439564508}, "bpf_page_cache_hit": {"scale": 1.0}}, "CurveFit_Weights": [10024424.98681817, 11.379109854355413, 0.979071314913779, -41.65977538732999]}}}