{"platform": {"All_Weights": {"Categorical_Variables": {}, "Numerical_Variables": {"bpf_cpu_time_ms": {"scale": 9643.989541498406}, "bpf_page_cache_hit": {"scale": 1.0}}, "CurveFit_Weights": [28802.500702017864, -22.524325330902045, 0.12889220286238243, -27221.673545527272]}}}