{"platform": {"All_Weights": {"Categorical_Variables": {}, "Numerical_Variables": {"bpf_cpu_time_ms": {"scale": 375646.0951742331}, "bpf_page_cache_hit": {"scale": 1.0}}, "CurveFit_Weights": [73003.89131082797, -18.729379167251665, 0.1552677830177255, -69063.79236263956]}}}