{"platform": {"All_Weights": {"Categorical_Variables": {}, "Numerical_Variables": {"bpf_cpu_time_ms": {"scale": 111806.64454742755}, "bpf_page_cache_hit": {"scale": 1.0}}, "CurveFit_Weights": [20268592.602226656, 7.443786760098057, 1.6596689888344711, 63.007464977339296]}}}