{"platform": {"All_Weights": {"Categorical_Variables": {}, "Numerical_Variables": {"bpf_cpu_time_ms": {"scale": 58806.30364562414}, "bpf_page_cache_hit": {"scale": 1.0}}, "CurveFit_Weights": [3029886.992102491, 11.427546112023167, 0.8556279140052322, -43.016449793405734]}}}