{"platform": {"All_Weights": {"Categorical_Variables": {}, "Numerical_Variables": {"bpf_cpu_time_ms": {"scale": 40825.47251147187}, "bpf_page_cache_hit": {"scale": 1.0}}, "CurveFit_Weights": [32805.070398905315, -21.77799302909051, 0.1361730487998464, -31139.97128526781]}}}