{"platform": {"All_Weights": {"Categorical_Variables": {}, "Numerical_Variables": {"bpf_cpu_time_ms": {"scale": 27540.500371841736}, "bpf_page_cache_hit": {"scale": 1.0}}, "CurveFit_Weights": [1058.550228741944, 0.9190120475053387, 1.871427109444068, 268.37349692043443]}}}