{"platform": {"All_Weights": {"Categorical_Variables": {}, "Numerical_Variables": {"bpf_cpu_time_ms": {"scale": 9359.23061950746}, "bpf_page_cache_hit": {"scale": 1.0}}, "CurveFit_Weights": [17468.61097947816, 4.276794128553433, 0.029200648784865252, -8117.604311300639]}}}