{"platform": {"All_Weights": {"Categorical_Variables": {}, "Numerical_Variables": {"bpf_cpu_time_ms": {"scale": 12287.380895322896}, "bpf_page_cache_hit": {"scale": 1.0}}, "CurveFit_Weights": [451535.8579935132, 10.021242554863042, 0.8111189107012323, -51.13930325666456]}}}