{"platform": {"All_Weights": {"Categorical_Variables": {}, "Numerical_Variables": {"bpf_cpu_time_ms": {"scale": 12000.0}, "bpf_page_cache_hit": {"scale": 1.0}}, "CurveFit_Weights": [20746.094691996488, -20.069069471247012, 0.1285446513319183, -19177.66999394618]}}}