{"platform": {"All_Weights": {"Categorical_Variables": {}, "Numerical_Variables": {"bpf_cpu_time_ms": {"scale": 24127.315010142673}, "bpf_page_cache_hit": {"scale": 1.0}}, "CurveFit_Weights": [567563.784137642, 15.694092560366746, 0.5059293477171112, -144.1004178275312]}}}