{"platform": {"All_Weights": {"Categorical_Variables": {}, "Numerical_Variables": {"bpf_cpu_time_ms": {"scale": 178369.2742841906}, "bpf_page_cache_hit": {"scale": 1.0}}, "CurveFit_Weights": [197796.34146837937, -16.533593030521416, 0.2957083226694687, -196180.39089553375]}}}