{"platform": {"All_Weights": {"Categorical_Variables": {}, "Numerical_Variables": {"bpf_cpu_time_ms": {"scale": 96912.0943288012}, "bpf_page_cache_hit": {"scale": 1.0}}, "CurveFit_Weights": [402822.5823439632, -11.097822059202594, 0.5427655021984865, -401486.00102924457]}}}