{"platform": {"All_Weights": {"Categorical_Variables": {}, "Numerical_Variables": {"bpf_cpu_time_ms": {"scale": 22966.216968809174}, "bpf_page_cache_hit": {"scale": 1.0}}, "CurveFit_Weights": [645917.1194492155, 12.078658347996623, 0.684130698231248, -111.6405481493506]}}}