{"platform": {"All_Weights": {"Categorical_Variables": {}, "Numerical_Variables": {"bpf_cpu_time_ms": {"scale": 139311.08133376986}, "bpf_page_cache_hit": {"scale": 1.0}}, "CurveFit_Weights": [13961670.229021728, 11.723843758483103, 0.857017510434032, -460.23654421340194]}}}