{"platform": {"All_Weights": {"Categorical_Variables": {}, "Numerical_Variables": {"bpf_cpu_time_ms": {"scale": 3190.9915177269927}, "bpf_page_cache_hit": {"scale": 1.0}}, "CurveFit_Weights": [929.2897794915806, 2.8028056454221337, 0.9687204706440686, -14.869609406946385]}}}