{"platform": {"All_Weights": {"Categorical_Variables": {}, "Numerical_Variables": {"bpf_cpu_time_ms": {"scale": 60645.2834014939}, "bpf_page_cache_hit": {"scale": 1.0}}, "CurveFit_Weights": [526583.842211638, -9.047384844934662, 0.7081450307976234, -525572.3134699918]}}}