{"platform": {"All_Weights": {"Categorical_Variables": {}, "Numerical_Variables": {"bpf_cpu_time_ms": {"scale": 33680.096847614645}, "bpf_page_cache_hit": {"scale": 1.0}}, "CurveFit_Weights": [407220.7381325754, -4.975570954773537, 1.5280189455657776, -406907.27963107626]}}}