{"platform": {"All_Weights": {"Categorical_Variables": {}, "Numerical_Variables": {"bpf_cpu_time_ms": {"scale": 1452.112020367595}, "bpf_page_cache_hit": {"scale": 1.0}}, "CurveFit_Weights": [45.05408824488435, 0.7086624286521618, 4.067097148623259, 29.134065532859758]}}}