{"platform": {"All_Weights": {"Categorical_Variables": {}, "Numerical_Variables": {"bpf_cpu_time_ms": {"scale": 33342.033691312026}, "bpf_page_cache_hit": {"scale": 1.0}}, "CurveFit_Weights": [11708356.521111658, 9.966839222973158, 1.1646668601070538, 23.58228230094289]}}}