{"platform": {"All_Weights": {"Categorical_Variables": {}, "Numerical_Variables": {"bpf_cpu_time_ms": {"scale": 62220.12205709674}, "bpf_page_cache_hit": {"scale": 1.0}}, "CurveFit_Weights": [11821835.893244727, 12.21123807168615, 0.8899145572880769, -134.2417083350182]}}}