{"platform": {"All_Weights": {"Categorical_Variables": {}, "Numerical_Variables": {"bpf_cpu_time_ms": {"scale": 41143.90788093361}, "bpf_page_cache_hit": {"scale": 1.0}}, "CurveFit_Weights": [80451.9816060464, -10.089349584113219, 0.5920805108828526, -80172.1340176694]}}}