{"platform": {"All_Weights": {"Categorical_Variables": {}, "Numerical_Variables": {"bpf_cpu_time_ms": {"scale": 4417.951187499074}, "bpf_page_cache_hit": {"scale": 1.0}}, "CurveFit_Weights": [58413.277390481984, -22.799071844997055, 0.2059711512603326, -57811.06793010885]}}}