{"platform": {"All_Weights": {"Categorical_Variables": {}, "Numerical_Variables": {"bpf_cpu_time_ms": {"scale": 8887.818374191296}, "bpf_page_cache_hit": {"scale": 1.0}}, "CurveFit_Weights": [1192462.579606274, 18.773165660624535, 0.444147313175875, -150.35550446940425]}}}