{"platform": {"All_Weights": {"Categorical_Variables": {}, "Numerical_Variables": {"bpf_cpu_time_ms": {"scale": 3660.385117779886}, "bpf_page_cache_hit": {"scale": 1.0}}, "CurveFit_Weights": [24198.292043165893, -20.62644834785296, 0.16537725571092052, -23270.80358609215]}}}