{"platform": {"All_Weights": {"Categorical_Variables": {}, "Numerical_Variables": {"bpf_cpu_time_ms": {"scale": 109108.55866042468}, "bpf_page_cache_hit": {"scale": 1.0}}, "CurveFit_Weights": [369.45693887854355, 0.44630949839021133, 13.065033746144831, 153.2747294749889]}}}