{"platform": {"All_Weights": {"Categorical_Variables": {}, "Numerical_Variables": {"bpf_cpu_time_ms": {"scale": 69740.60815531621}, "bpf_page_cache_hit": {"scale": 1.0}}, "CurveFit_Weights": [4283336.662779181, 13.67310486321129, 0.6808613267998681, -317.7424597050756]}}}