{"platform": {"All_Weights": {"Categorical_Variables": {}, "Numerical_Variables": {"bpf_cpu_time_ms": {"scale": 47804.24404558129}, "bpf_page_cache_hit": {"scale": 1.0}}, "CurveFit_Weights": [1347.4257150102326, 0.5185619505531188, 2.5268080148574086, 710.4424121539829]}}}