{"platform": {"All_Weights": {"Categorical_Variables": {}, "Numerical_Variables": {"bpf_cpu_time_ms": {"scale": 52279.620485160645}, "bpf_page_cache_hit": {"scale": 1.0}}, "CurveFit_Weights": [8266844.065133324, 11.425569342222046, 0.9589044705771497, -63.658601297129046]}}}