{"platform": {"All_Weights": {"Categorical_Variables": {}, "Numerical_Variables": {"bpf_cpu_time_ms": {"scale": 165116.76730582942}, "bpf_page_cache_hit": {"scale": 1.0}}, "CurveFit_Weights": [569980.1390249035, -6.086796648002416, 1.1859454613493847, -569463.8472751692]}}}