{"platform": {"All_Weights": {"Categorical_Variables": {}, "Numerical_Variables": {"bpf_cpu_time_ms": {"scale": 103617.1089641578}, "bpf_page_cache_hit": {"scale": 1.0}}, "CurveFit_Weights": [20116274.429569878, 14.177484001715891, 0.7184114837803224, -443.2942984977993]}}}