{"platform": {"All_Weights": {"Categorical_Variables": {}, "Numerical_Variables": {"bpf_cpu_time_ms": {"scale": 19464.08886398693}, "bpf_page_cache_hit": {"scale": 1.0}}, "CurveFit_Weights": [3452495.53851337, 9.563312365162808, 1.1312809875838314, -1.5679234457751636]}}}