{"platform": {"All_Weights": {"Categorical_Variables": {}, "Numerical_Variables": {"bpf_cpu_time_ms": {"scale": 43603.38188732946}, "bpf_page_cache_hit": {"scale": 1.0}}, "CurveFit_Weights": [7776759.5038443105, 9.950278794839443, 1.084992673786425, -7.082558765970928]}}}