{"platform": {"All_Weights": {"Categorical_Variables": {}, "Numerical_Variables": {"bpf_cpu_time_ms": {"scale": 76780.00882819411}, "bpf_page_cache_hit": {"scale": 1.0}}, "CurveFit_Weights": [207170.454036038, -11.772539832390517, 0.5311010327625031, -206693.76624094055]}}}