{"platform": {"All_Weights": {"Categorical_Variables": {}, "Numerical_Variables": {"bpf_cpu_time_ms": {"scale": 2311.0444362442263}, "bpf_page_cache_hit": {"scale": 1.0}}, "CurveFit_Weights": [8347730.598271977, 14.986159677158295, 0.7312165107572884, 31.570363979557182]}}}