{"platform": {"All_Weights": {"Categorical_Variables": {}, "Numerical_Variables": {"bpf_cpu_time_ms": {"scale": 46050.9353889413}, "bpf_page_cache_hit": {"scale": 1.0}}, "CurveFit_Weights": [77902.95067910837, -8.683921852241573, 0.7202251879253943, -77678.70127393902]}}}