{"platform": {"All_Weights": {"Categorical_Variables": {}, "Numerical_Variables": {"bpf_cpu_time_ms": {"scale": 7936.033940217869}, "bpf_page_cache_hit": {"scale": 1.0}}, "CurveFit_Weights": [79175.48849836049, -11.57862104902244, 0.46676276172991044, -78690.75508205092]}}}