{"platform": {"All_Weights": {"Categorical_Variables": {}, "Numerical_Variables": {"bpf_cpu_time_ms": {"scale": 185626.3948752971}, "bpf_page_cache_hit": {"scale": 1.0}}, "CurveFit_Weights": [1424383.0143357676, 17.30852777410631, 0.4599140632482147, -405.69647456379835]}}}