{"platform": {"All_Weights": {"Categorical_Variables": {}, "Numerical_Variables": {"bpf_cpu_time_ms": {"scale": 15894.21468262942}, "bpf_page_cache_hit": {"scale": 1.0}}, "CurveFit_Weights": [508134.2514884741, 13.232328227399561, 0.6260752139077128, -60.436691007490495]}}}