{"platform": {"All_Weights": {"Categorical_Variables": {}, "Numerical_Variables": {"bpf_cpu_time_ms": {"scale": 8867.168814666149}, "bpf_page_cache_hit": {"scale": 1.0}}, "CurveFit_Weights": [23434.79276245281, -15.985487607976548, 0.21737206709344922, -22661.778092037952]}}}