{"platform": {"All_Weights": {"Categorical_Variables": {}, "Numerical_Variables": {"bpf_cpu_time_ms": {"scale": 20788.169469824566}, "bpf_page_cache_hit": {"scale": 1.0}}, "CurveFit_Weights": [2995152.706516427, 10.077379920306376, 1.1096647331237253, 13.223575985372166]}}}