{"platform": {"All_Weights": {"Categorical_Variables": {}, "Numerical_Variables": {"bpf_cpu_time_ms": {"scale": 69329.2902154432}, "bpf_page_cache_hit": {"scale": 1.0}}, "CurveFit_Weights": [5589533.507901854, 9.419815962749487, 1.0880154402439235, -104.49125122454767]}}}