{"platform": {"All_Weights": {"Categorical_Variables": {}, "Numerical_Variables": {"bpf_cpu_time_ms": {"scale": 7439.84047830315}, "bpf_page_cache_hit": {"scale": 1.0}}, "CurveFit_Weights": [197.22372596203294, 0.14688521567030102, 2.7372775661044266, 63.93774654110041]}}}