{"platform": {"All_Weights": {"Categorical_Variables": {}, "Numerical_Variables": {"bpf_cpu_time_ms": {"scale": 3499.877092122082}, "bpf_page_cache_hit": {"scale": 1.0}}, "CurveFit_Weights": [119.40185033956693, 0.6947509981849534, 3.032832463197536, 19.140547689265347]}}}