{"platform": {"All_Weights": {"Categorical_Variables": {}, "Numerical_Variables": {"bpf_cpu_time_ms": {"scale": 70059.57343396125}, "bpf_page_cache_hit": {"scale": 1.0}}, "CurveFit_Weights": [3893198.594729321, 13.738813030160745, 0.6955717563607621, -194.63312057093498]}}}