{"platform": {"All_Weights": {"Categorical_Variables": {}, "Numerical_Variables": {"bpf_cpu_time_ms": {"scale": 18700.719474503465}, "bpf_page_cache_hit": {"scale": 1.0}}, "CurveFit_Weights": [115618.9718125008, -12.688673138327612, 0.3735586582279233, -114512.24519443433]}}}