{"platform": {"All_Weights": {"Categorical_Variables": {}, "Numerical_Variables": {"bpf_cpu_time_ms": {"scale": 59669.66645587067}, "bpf_page_cache_hit": {"scale": 1.0}}, "CurveFit_Weights": [702328.8304416474, -7.009913564250953, 0.9518497680883411, -701243.7008711259]}}}