{"platform": {"All_Weights": {"Categorical_Variables": {}, "Numerical_Variables": {"bpf_cpu_time_ms": {"scale": 31561.296506937862}, "bpf_page_cache_hit": {"scale": 1.0}}, "CurveFit_Weights": [6869663.2820385685, 7.56785662190916, 1.5997926920423862, 86.72298475220018]}}}