{"platform": {"All_Weights": {"Categorical_Variables": {}, "Numerical_Variables": {"bpf_cpu_time_ms": {"scale": 4901.008238324463}, "bpf_page_cache_hit": {"scale": 1.0}}, "CurveFit_Weights": [498459.74898859864, 9.320302957879704, 1.1136653759597086, -0.08086827751296338]}}}