{"platform": {"All_Weights": {"Categorical_Variables": {}, "Numerical_Variables": {"bpf_cpu_time_ms": {"scale": 6736.230121530199}, "bpf_page_cache_hit": {"scale": 1.0}}, "CurveFit_Weights": [123475.66409936974, -10.376826584874827, 0.5979709702106125, -123154.6634767919]}}}