{"platform": {"All_Weights": {"Categorical_Variables": {}, "Numerical_Variables": {"bpf_cpu_time_ms": {"scale": 70076.29361815096}, "bpf_page_cache_hit": {"scale": 1.0}}, "CurveFit_Weights": [1548750.117652544, 31.003042122215742, 0.24246846635182884, -678.0347139379858]}}}