{"platform": {"All_Weights": {"Categorical_Variables": {}, "Numerical_Variables": {"bpf_cpu_time_ms": {"scale": 2928.472051115019}, "bpf_page_cache_hit": {"scale": 1.0}}, "CurveFit_Weights": [5.22142549917763, 0.47430294152653674, 4.056481184129691, 12.2560357682709]}}}