{"platform": {"All_Weights": {"Categorical_Variables": {}, "Numerical_Variables": {"bpf_cpu_time_ms": {"scale": 36330.55999027924}, "bpf_page_cache_hit": {"scale": 1.0}}, "CurveFit_Weights": [1484502.8735028808, 18.09599093840932, 0.4746011261469271, -203.33065401485786]}}}