{"platform": {"All_Weights": {"Categorical_Variables": {}, "Numerical_Variables": {"bpf_cpu_time_ms": {"scale": 69879.34069173332}, "bpf_page_cache_hit": {"scale": 1.0}}, "CurveFit_Weights": [9856442.374541687, 7.738528772488179, 1.5007787090085123, 63.56950068809998]}}}