{"platform": {"All_Weights": {"Categorical_Variables": {}, "Numerical_Variables": {"bpf_cpu_time_ms": {"scale": 149030.7604006794}, "bpf_page_cache_hit": {"scale": 1.0}}, "CurveFit_Weights": [14308262.551816134, 12.476384195930027, 0.8309927952645049, -274.98388302072544]}}}