{"platform": {"All_Weights": {"Categorical_Variables": {}, "Numerical_Variables": {"bpf_cpu_time_ms": {"scale": 6294.7645461156035}, "bpf_page_cache_hit": {"scale": 1.0}}, "CurveFit_Weights": [145518.3024731421, -5.154297611558167, 1.429120163751636, -145361.1210563355]}}}