{"platform": {"All_Weights": {"Categorical_Variables": {}, "Numerical_Variables": {"bpf_cpu_time_ms": {"scale": 35814.22732219464}, "bpf_page_cache_hit": {"scale": 1.0}}, "CurveFit_Weights": [2821503.535438322, 16.104310992350577, 0.612855307694244, -90.53960911232285]}}}