{"platform": {"All_Weights": {"Categorical_Variables": {}, "Numerical_Variables": {"bpf_cpu_time_ms": {"scale": 44870.637328859986}, "bpf_page_cache_hit": {"scale": 1.0}}, "CurveFit_Weights": [47636.46655615422, 37.331527853159976, 0.05370243686521084, -5553.152338009628]}}}