{"platform": {"All_Weights": {"Categorical_Variables": {}, "Numerical_Variables": {"bpf_cpu_time_ms": {"scale": 2000.0}, "bpf_page_cache_hit": {"scale": 1.0}}, "CurveFit_Weights": [806234.3424968204, 8.159855178878333, 1.1568355411728726, 152.7481323204028]}}}