{"platform": {"All_Weights": {"Categorical_Variables": {}, "Numerical_Variables": {"bpf_cpu_time_ms": {"scale": 90953.00618011093}, "bpf_page_cache_hit": {"scale": 1.0}}, "CurveFit_Weights": [464879.72805509757, -3.928206133328107, 2.008881245083569, -464635.02073217137]}}}