{"platform": {"All_Weights": {"Categorical_Variables": {}, "Numerical_Variables": {"bpf_cpu_time_ms": {"scale": 75911.60855022226}, "bpf_page_cache_hit": {"scale": 1.0}}, "CurveFit_Weights": [17583912.961095758, 8.882339502370975, 1.349097290428117, -24.920330542788736]}}}