{"platform": {"All_Weights": {"Categorical_Variables": {}, "Numerical_Variables": {"bpf_cpu_time_ms": {"scale": 22225.987518268623}, "bpf_page_cache_hit": {"scale": 1.0}}, "CurveFit_Weights": [12338403.700343061, 8.497698480826005, 1.4156754311340303, 59.409075206935725]}}}