{"platform": {"All_Weights": {"Categorical_Variables": {}, "Numerical_Variables": {"bpf_cpu_time_ms": {"scale": 15931.076042392297}, "bpf_page_cache_hit": {"scale": 1.0}}, "CurveFit_Weights": [23921128.96794575, 7.072212756447795, 1.891648629449386, 27.9694884772647]}}}