{"platform": {"All_Weights": {"Categorical_Variables": {}, "Numerical_Variables": {"bpf_cpu_time_ms": {"scale": 221609.1240173759}, "bpf_page_cache_hit": {"scale": 1.0}}, "CurveFit_Weights": [702848.9201938766, 8.426181264419826, 0.84307154211085, -344.3524534893336]}}}