{"platform": {"All_Weights": {"Categorical_Variables": {}, "Numerical_Variables": {"bpf_cpu_time_ms": {"scale": 6000.0}, "bpf_page_cache_hit": {"scale": 1.0}}, "CurveFit_Weights": [66649.31505740651, -6.030550609685013, 1.188455830759854, -66564.06927747933]}}}