{"platform": {"All_Weights": {"Categorical_Variables": {}, "Numerical_Variables": {"bpf_cpu_time_ms": {"scale": 3251.661389800401}, "bpf_page_cache_hit": {"scale": 1.0}}, "CurveFit_Weights": [189.96875549163872, 0.7736329535923382, 1.9380585015160183, 5.872550653046474]}}}