{"platform": {"All_Weights": {"Categorical_Variables": {}, "Numerical_Variables": {"bpf_cpu_time_ms": {"scale": 24000.0}, "bpf_page_cache_hit": {"scale": 1.0}}, "CurveFit_Weights": [257516.18213372352, -8.315404756298044, 0.7918797523814438, -257060.72788588877]}}}