{"platform": {"All_Weights": {"Categorical_Variables": {}, "Numerical_Variables": {"bpf_cpu_time_ms": {"scale": 60485.09023690227}, "bpf_page_cache_hit": {"scale": 1.0}}, "CurveFit_Weights": [541951.6584827495, -8.684780320235252, 0.7426311007756643, -540956.3237726137]}}}