{"package": {"All_Weights": {"Bias_Weight": -6.384477511300373, "Categorical_Variables": {}, "Numerical_Variables": {"cache_miss": {"scale": 144445326.66666666, "mean": 0, "variance": 0, "weight": 134.69905562636987}, "cpu_cycles": {"scale": 56749212346.333336, "mean": 0, "variance": 0, "weight": 366.8552768065377}, "cpu_instructions": {"scale": 70755378378.33333, "mean": 0, "variance": 0, "weight": 54.548868481527464}}}}, "core": {"All_Weights": {"Bias_Weight": 0.0, "Categorical_Variables": {}, "Numerical_Variables": {"cache_miss": {"scale": 144445326.66666666, "mean": 0, "variance": 0, "weight": 0.0}, "cpu_cycles": {"scale": 56749212346.333336, "mean": 0, "variance": 0, "weight": 0.0}, "cpu_instructions": {"scale": 70755378378.33333, "mean": 0, "variance": 0, "weight": 0.0}}}}, "uncore": {"All_Weights": {"Bias_Weight": 0.0, "Categorical_Variables": {}, "Numerical_Variables": {"cache_miss": {"scale": 144445326.66666666, "mean": 0, "variance": 0, "weight": 0.0}, "cpu_cycles": {"scale": 56749212346.333336, "mean": 0, "variance": 0, "weight": 0.0}, "cpu_instructions": {"scale": 70755378378.33333, "mean": 0, "variance": 0, "weight": 0.0}}}}, "dram": {"All_Weights": {"Bias_Weight": 9.532902405315816, "Categorical_Variables": {}, "Numerical_Variables": {"cache_miss": {"scale": 144445326.66666666, "mean": 0, "variance": 0, "weight": 100.01974628461006}, "cpu_cycles": {"scale": 56749212346.333336, "mean": 0, "variance": 0, "weight": 54.759615291908794}, "cpu_instructions": {"scale": 70755378378.33333, "mean": 0, "variance": 0, "weight": -27.012133116433827}}}}}