{"package": {"All_Weights": {"Bias_Weight": 168.70033369696438, "Categorical_Variables": {}, "Numerical_Variables": {"cache_miss": {"mean": 11772187.522252472, "variance": 409151166293758.44, "weight": 25.549890189762685}, "cpu_cycles": {"mean": 10958623148.504377, "variance": 1.3653973085887105e+20, "weight": 96.29159365648368}, "cpu_instructions": {"mean": 0.0, "variance": 0.0, "weight": 0.0}}}}, "core": {"All_Weights": {"Bias_Weight": 0.0, "Categorical_Variables": {}, "Numerical_Variables": {"cache_miss": {"mean": 11772187.522252472, "variance": 409151166293758.44, "weight": 0.0}, "cpu_cycles": {"mean": 10958623148.504377, "variance": 1.3653973085887105e+20, "weight": 0.0}, "cpu_instructions": {"mean": 0.0, "variance": 0.0, "weight": 0.0}}}}, "uncore": {"All_Weights": {"Bias_Weight": 0.0, "Categorical_Variables": {}, "Numerical_Variables": {"cache_miss": {"mean": 11772187.522252472, "variance": 409151166293758.44, "weight": 0.0}, "cpu_cycles": {"mean": 10958623148.504377, "variance": 1.3653973085887105e+20, "weight": 0.0}, "cpu_instructions": {"mean": 0.0, "variance": 0.0, "weight": 0.0}}}}, "dram": {"All_Weights": {"Bias_Weight": 78.16817759534884, "Categorical_Variables": {}, "Numerical_Variables": {"cache_miss": {"mean": 11772187.522252472, "variance": 409151166293758.44, "weight": 15.675470623205221}, "cpu_cycles": {"mean": 10958623148.504377, "variance": 1.3653973085887105e+20, "weight": 1.6005182085237022}, "cpu_instructions": {"mean": 0.0, "variance": 0.0, "weight": 0.0}}}}}