{"package": {"All_Weights": {"Bias_Weight": 67.76238681684752, "Categorical_Variables": {}, "Numerical_Variables": {"bpf_block_irq": {"scale": 0.6666666666666666, "mean": 0, "variance": 0, "weight": -1.7287372172182613}, "bpf_cpu_time_us": {"scale": 29170.333333333332, "mean": 0, "variance": 0, "weight": 309.4327433006369}, "bpf_net_rx_irq": {"scale": 1936.3333333333333, "mean": 0, "variance": 0, "weight": -23.779074430276218}, "bpf_net_tx_irq": {"scale": 1.6666666666666667, "mean": 0, "variance": 0, "weight": -20.339651267999354}}}}, "core": {"All_Weights": {"Bias_Weight": 0.0, "Categorical_Variables": {}, "Numerical_Variables": {"bpf_block_irq": {"scale": 0.6666666666666666, "mean": 0, "variance": 0, "weight": 0.0}, "bpf_cpu_time_us": {"scale": 29170.333333333332, "mean": 0, "variance": 0, "weight": 0.0}, "bpf_net_rx_irq": {"scale": 1936.3333333333333, "mean": 0, "variance": 0, "weight": 0.0}, "bpf_net_tx_irq": {"scale": 1.6666666666666667, "mean": 0, "variance": 0, "weight": 0.0}}}}, "uncore": {"All_Weights": {"Bias_Weight": 0.0, "Categorical_Variables": {}, "Numerical_Variables": {"bpf_block_irq": {"scale": 0.6666666666666666, "mean": 0, "variance": 0, "weight": 0.0}, "bpf_cpu_time_us": {"scale": 29170.333333333332, "mean": 0, "variance": 0, "weight": 0.0}, "bpf_net_rx_irq": {"scale": 1936.3333333333333, "mean": 0, "variance": 0, "weight": 0.0}, "bpf_net_tx_irq": {"scale": 1.6666666666666667, "mean": 0, "variance": 0, "weight": 0.0}}}}, "dram": {"All_Weights": {"Bias_Weight": 19.88077053376427, "Categorical_Variables": {}, "Numerical_Variables": {"bpf_block_irq": {"scale": 0.6666666666666666, "mean": 0, "variance": 0, "weight": 0.7933717287683599}, "bpf_cpu_time_us": {"scale": 29170.333333333332, "mean": 0, "variance": 0, "weight": 51.43873279305721}, "bpf_net_rx_irq": {"scale": 1936.3333333333333, "mean": 0, "variance": 0, "weight": -4.082854403015978}, "bpf_net_tx_irq": {"scale": 1.6666666666666667, "mean": 0, "variance": 0, "weight": -9.485053766777474}}}}}