{"package": {"All_Weights": {"Bias_Weight": 40.18058133632812, "Categorical_Variables": {}, "Numerical_Variables": {"bpf_block_irq": {"scale": 0.16683299724637102, "mean": 0, "variance": 0, "weight": -0.5120193627742979}, "bpf_cpu_time_us": {"scale": 5911.969193263386, "mean": 0, "variance": 0, "weight": 20.420973010404342}, "bpf_net_rx_irq": {"scale": 52.1304315700023, "mean": 0, "variance": 0, "weight": -2.381768156189601}, "bpf_net_tx_irq": {"scale": 0.2898158296573689, "mean": 0, "variance": 0, "weight": -0.831415395678138}}}}, "core": {"All_Weights": {"Bias_Weight": 0.0, "Categorical_Variables": {}, "Numerical_Variables": {"bpf_block_irq": {"scale": 0.16683299724637102, "mean": 0, "variance": 0, "weight": 0.0}, "bpf_cpu_time_us": {"scale": 5911.969193263386, "mean": 0, "variance": 0, "weight": 0.0}, "bpf_net_rx_irq": {"scale": 52.1304315700023, "mean": 0, "variance": 0, "weight": 0.0}, "bpf_net_tx_irq": {"scale": 0.2898158296573689, "mean": 0, "variance": 0, "weight": 0.0}}}}, "uncore": {"All_Weights": {"Bias_Weight": 0.0, "Categorical_Variables": {}, "Numerical_Variables": {"bpf_block_irq": {"scale": 0.16683299724637102, "mean": 0, "variance": 0, "weight": 0.0}, "bpf_cpu_time_us": {"scale": 5911.969193263386, "mean": 0, "variance": 0, "weight": 0.0}, "bpf_net_rx_irq": {"scale": 52.1304315700023, "mean": 0, "variance": 0, "weight": 0.0}, "bpf_net_tx_irq": {"scale": 0.2898158296573689, "mean": 0, "variance": 0, "weight": 0.0}}}}, "dram": {"All_Weights": {"Bias_Weight": 9.456779356452985, "Categorical_Variables": {}, "Numerical_Variables": {"bpf_block_irq": {"scale": 0.16683299724637102, "mean": 0, "variance": 0, "weight": 0.024167627906512487}, "bpf_cpu_time_us": {"scale": 5911.969193263386, "mean": 0, "variance": 0, "weight": 3.1515823615037855}, "bpf_net_rx_irq": {"scale": 52.1304315700023, "mean": 0, "variance": 0, "weight": -0.4338747077338469}, "bpf_net_tx_irq": {"scale": 0.2898158296573689, "mean": 0, "variance": 0, "weight": -0.5720921103392106}}}}}