{"package": {"All_Weights": {"Bias_Weight": 167.6323809628659, "Categorical_Variables": {}, "Numerical_Variables": {"bpf_block_irq": {"mean": 0.4951215960390273, "variance": 0.027851061618461348, "weight": -0.6328188068467112}, "bpf_cpu_time_us": {"mean": 5608.400902868793, "variance": 29661131.240907874, "weight": 97.94248429246507}, "bpf_net_rx_irq": {"mean": 225.86748216106014, "variance": 2067.3979042910396, "weight": -1.7873188284103927}, "bpf_net_tx_irq": {"mean": 0.3133828454929372, "variance": 0.08003496672479962, "weight": 4.371500005496864}}}}, "core": {"All_Weights": {"Bias_Weight": 0.0, "Categorical_Variables": {}, "Numerical_Variables": {"bpf_block_irq": {"mean": 0.4951215960390273, "variance": 0.027851061618461348, "weight": 0.0}, "bpf_cpu_time_us": {"mean": 5608.400902868793, "variance": 29661131.240907874, "weight": 0.0}, "bpf_net_rx_irq": {"mean": 225.86748216106014, "variance": 2067.3979042910396, "weight": 0.0}, "bpf_net_tx_irq": {"mean": 0.3133828454929372, "variance": 0.08003496672479962, "weight": 0.0}}}}, "uncore": {"All_Weights": {"Bias_Weight": 0.0, "Categorical_Variables": {}, "Numerical_Variables": {"bpf_block_irq": {"mean": 0.4951215960390273, "variance": 0.027851061618461348, "weight": 0.0}, "bpf_cpu_time_us": {"mean": 5608.400902868793, "variance": 29661131.240907874, "weight": 0.0}, "bpf_net_rx_irq": {"mean": 225.86748216106014, "variance": 2067.3979042910396, "weight": 0.0}, "bpf_net_tx_irq": {"mean": 0.3133828454929372, "variance": 0.08003496672479962, "weight": 0.0}}}}, "dram": {"All_Weights": {"Bias_Weight": 78.32373473391834, "Categorical_Variables": {}, "Numerical_Variables": {"bpf_block_irq": {"mean": 0.4951215960390273, "variance": 0.027851061618461348, "weight": -0.07729860668307145}, "bpf_cpu_time_us": {"mean": 5608.400902868793, "variance": 29661131.240907874, "weight": 9.074647508009665}, "bpf_net_rx_irq": {"mean": 225.86748216106014, "variance": 2067.3979042910396, "weight": -2.0010386040141928}, "bpf_net_tx_irq": {"mean": 0.3133828454929372, "variance": 0.08003496672479962, "weight": -0.6180248585473387}}}}}