{"platform": {"All_Weights": {"Bias_Weight": 203.2075352620967, "Categorical_Variables": {}, "Numerical_Variables": {"bpf_block_irq": {"mean": 0.4951215960390273, "variance": 0.027851061618461348, "weight": -0.7816256572544297}, "bpf_cpu_time_us": {"mean": 5608.400902868793, "variance": 29661131.240907874, "weight": 120.43283960253098}, "bpf_net_rx_irq": {"mean": 225.86748216106014, "variance": 2067.3979042910396, "weight": -1.492914442325853}, "bpf_net_tx_irq": {"mean": 0.3133828454929372, "variance": 0.08003496672479962, "weight": 2.444197258067313}}}}}