{"platform": {"All_Weights": {"Bias_Weight": 97.54643267411353, "Categorical_Variables": {}, "Numerical_Variables": {"bpf_block_irq": {"scale": 0.6666666666666666, "mean": 0, "variance": 0, "weight": -16.923411577517744}, "bpf_cpu_time_us": {"scale": 29170.333333333332, "mean": 0, "variance": 0, "weight": 414.98469929180055}, "bpf_net_rx_irq": {"scale": 1936.3333333333333, "mean": 0, "variance": 0, "weight": -37.648303542995116}, "bpf_net_tx_irq": {"scale": 1.6666666666666667, "mean": 0, "variance": 0, "weight": -47.89031705107524}}}}}