{"platform": {"All_Weights": {"Bias_Weight": -7.979833266658389, "Categorical_Variables": {}, "Numerical_Variables": {"bpf_block_irq": {"scale": 1.5, "mean": 0, "variance": 0, "weight": 0.0}, "bpf_net_rx_irq": {"scale": 0.0008278145695364238, "mean": 0, "variance": 0, "weight": 43.469562275723625}, "bpf_net_tx_irq": {"scale": 0.6, "mean": 0, "variance": 0, "weight": 0.0}, "cache_miss": {"scale": 1.0158675600729726e-08, "mean": 0, "variance": 0, "weight": 62.208910331821095}, "cpu_cycles": {"scale": 1.8357850000664683e-11, "mean": 0, "variance": 0, "weight": 158.83552750931625}, "cpu_instructions": {"scale": 1.0, "mean": 0, "variance": 0, "weight": 1.0690920996706992e-12}}}}}