{"platform": {"All_Weights": {"Bias_Weight": -39.64198438667489, "Categorical_Variables": {}, "Numerical_Variables": {"bpf_block_irq": {"scale": 0.6666666666666666, "mean": 0, "variance": 0, "weight": 0.0}, "bpf_net_rx_irq": {"scale": 1936.3333333333333, "mean": 0, "variance": 0, "weight": 188.37178368104128}, "bpf_net_tx_irq": {"scale": 1.6666666666666667, "mean": 0, "variance": 0, "weight": 0.0}, "cache_miss": {"scale": 144445326.66666666, "mean": 0, "variance": 0, "weight": 272.0225337589922}, "cpu_cycles": {"scale": 56749212346.333336, "mean": 0, "variance": 0, "weight": 496.40321271737275}, "cpu_instructions": {"scale": 70755378378.33333, "mean": 0, "variance": 0, "weight": 2.2498103975057715}}}}}