{"platform": {"All_Weights": {"Bias_Weight": 203.69244828668732, "Categorical_Variables": {}, "Numerical_Variables": {"bpf_block_irq": {"mean": 0.4951215960390273, "variance": 0.027851061618461348, "weight": -1.2456545766227007}, "bpf_net_rx_irq": {"mean": 225.86748216106014, "variance": 2067.3979042910396, "weight": -0.8866010639309052}, "bpf_net_tx_irq": {"mean": 0.3133828454929372, "variance": 0.08003496672479962, "weight": -1.3592986669564746}, "cache_miss": {"mean": 11772187.522252472, "variance": 409151166293758.44, "weight": 49.71176187511104}, "cpu_cycles": {"mean": 10958623148.504377, "variance": 1.3653973085887105e+20, "weight": 111.80132505035664}, "cpu_instructions": {"mean": 0.0, "variance": 0.0, "weight": 0.0}}}}}