{"platform": {"All_Weights": {"Bias_Weight": 9.749885477990372, "Categorical_Variables": {}, "Numerical_Variables": {"bpf_block_irq": {"scale": 0.6666666666666666, "mean": 0, "variance": 0, "weight": -22.757209244424043}, "bpf_net_rx_irq": {"scale": 1936.3333333333333, "mean": 0, "variance": 0, "weight": 23.04210338630247}, "bpf_net_tx_irq": {"scale": 1.6666666666666667, "mean": 0, "variance": 0, "weight": -22.126484171082513}, "cache_miss": {"scale": 144445326.66666666, "mean": 0, "variance": 0, "weight": 282.2807146612305}, "cpu_cycles": {"scale": 56749212346.333336, "mean": 0, "variance": 0, "weight": 464.09077031922476}, "cpu_instructions": {"scale": 70755378378.33333, "mean": 0, "variance": 0, "weight": 34.29508701070193}}}}}