{"package": {"All_Weights": {"Bias_Weight": 26.713252715553427, "Categorical_Variables": {}, "Numerical_Variables": {"bpf_block_irq": {"scale": 1.0, "weight": -9.863216080484316}, "bpf_cpu_time_ms": {"scale": 2185.9999999999995, "weight": 1.7632183741066398}, "bpf_net_rx_irq": {"scale": 26.666666666666668, "weight": 1.5502629547575466}, "bpf_net_tx_irq": {"scale": 1.0, "weight": 0.20053999326731448}, "bpf_page_cache_hit": {"scale": 1.0, "weight": 0.0}}}}, "core": {"All_Weights": {"Bias_Weight": 17.52872977293395, "Categorical_Variables": {}, "Numerical_Variables": {"bpf_block_irq": {"scale": 1.0, "weight": -7.687899750831902}, "bpf_cpu_time_ms": {"scale": 2185.9999999999995, "weight": 1.7446378046095974}, "bpf_net_rx_irq": {"scale": 26.666666666666668, "weight": 0.3981581705945281}, "bpf_net_tx_irq": {"scale": 1.0, "weight": 0.0}, "bpf_page_cache_hit": {"scale": 1.0, "weight": 0.0}}}}, "uncore": {"All_Weights": {"Bias_Weight": 2.5605058250454, "Categorical_Variables": {}, "Numerical_Variables": {"bpf_block_irq": {"scale": 1.0, "weight": -0.3934951414845451}, "bpf_cpu_time_ms": {"scale": 2185.9999999999995, "weight": 0.12932906232298666}, "bpf_net_rx_irq": {"scale": 26.666666666666668, "weight": -0.10660907298629843}, "bpf_net_tx_irq": {"scale": 1.0, "weight": 0.020309903096503445}, "bpf_page_cache_hit": {"scale": 1.0, "weight": 0.0}}}}, "dram": {"All_Weights": {"Bias_Weight": 0.0, "Categorical_Variables": {}, "Numerical_Variables": {"bpf_block_irq": {"scale": 1.0, "weight": 0.0}, "bpf_cpu_time_ms": {"scale": 2185.9999999999995, "weight": 0.0}, "bpf_net_rx_irq": {"scale": 26.666666666666668, "weight": 0.0}, "bpf_net_tx_irq": {"scale": 1.0, "weight": 0.0}, "bpf_page_cache_hit": {"scale": 1.0, "weight": 0.0}}}}}