{"package": {"All_Weights": {"Bias_Weight": -14018806641.392845, "Categorical_Variables": {}, "Numerical_Variables": {"bpf_cpu_time_ms": {"scale": 2185.9999999999995, "weight": 43253190130.922516}, "bpf_page_cache_hit": {"scale": 1.0, "weight": 0.0}, "cache_miss": {"scale": 63603973.0, "weight": 192824204364.01166}, "cpu_cycles": {"scale": 139277196.0, "weight": -65395845002.95001}, "cpu_instructions": {"scale": 254515913.66666666, "weight": 123971334109.49245}}}}, "core": {"All_Weights": {"Bias_Weight": -43078023629.38251, "Categorical_Variables": {}, "Numerical_Variables": {"bpf_cpu_time_ms": {"scale": 2185.9999999999995, "weight": -19468119039.215923}, "bpf_page_cache_hit": {"scale": 1.0, "weight": 0.0}, "cache_miss": {"scale": 63603973.0, "weight": -113944743654.53108}, "cpu_cycles": {"scale": 139277196.0, "weight": -54181437113.481224}, "cpu_instructions": {"scale": 254515913.66666666, "weight": -184277826286.70044}}}}, "uncore": {"All_Weights": {"Bias_Weight": -10526344933.61001, "Categorical_Variables": {}, "Numerical_Variables": {"bpf_cpu_time_ms": {"scale": 2185.9999999999995, "weight": 19697610905.63656}, "bpf_page_cache_hit": {"scale": 1.0, "weight": 0.0}, "cache_miss": {"scale": 63603973.0, "weight": 76434295774.85278}, "cpu_cycles": {"scale": 139277196.0, "weight": 59149253288.86465}, "cpu_instructions": {"scale": 254515913.66666666, "weight": 48940821688.560905}}}}, "dram": {"All_Weights": {"Bias_Weight": 0.0, "Categorical_Variables": {}, "Numerical_Variables": {"bpf_cpu_time_ms": {"scale": 2185.9999999999995, "weight": 0.0}, "bpf_page_cache_hit": {"scale": 1.0, "weight": 0.0}, "cache_miss": {"scale": 63603973.0, "weight": 0.0}, "cpu_cycles": {"scale": 139277196.0, "weight": 0.0}, "cpu_instructions": {"scale": 254515913.66666666, "weight": 0.0}}}}}