{"platform": {"All_Weights": {"Bias_Weight": 674.9131983327874, "Categorical_Variables": {}, "Numerical_Variables": {"kubelet_cpu_usage": {"mean": 7.212174166302607, "variance": 420.0275514159066, "weight": 41.807466321623146}, "kubelet_memory_bytes": {"mean": 22912587.379641764, "variance": 1.1963713956742662e+17, "weight": -1.3844647449612442}}}}}