{"package": {"All_Weights": {"Categorical_Variables": {}, "Numerical_Variables": {"bpf_block_irq": {"scale": 0.6666666666666666}, "bpf_net_rx_irq": {"scale": 346.3333333333333}, "bpf_net_tx_irq": {"scale": 1.0}, "cache_miss": {"scale": 42768344.0}, "cpu_cycles": {"scale": 173138343756.0}, "cpu_instructions": {"scale": 203169697829.66666}}, "CurveFit_Weights": [182.87639844961873, 1.0594278613641246, -183.53063851194534]}}, "core": {"All_Weights": {"Categorical_Variables": {}, "Numerical_Variables": {"bpf_block_irq": {"scale": 0.6666666666666666}, "bpf_net_rx_irq": {"scale": 346.3333333333333}, "bpf_net_tx_irq": {"scale": 1.0}, "cache_miss": {"scale": 42768344.0}, "cpu_cycles": {"scale": 173138343756.0}, "cpu_instructions": {"scale": 203169697829.66666}}, "CurveFit_Weights": [188.21472384110356, 1.0407625127587061, -189.12607721574034]}}, "uncore": {"All_Weights": {"Categorical_Variables": {}, "Numerical_Variables": {"bpf_block_irq": {"scale": 0.6666666666666666}, "bpf_net_rx_irq": {"scale": 346.3333333333333}, "bpf_net_tx_irq": {"scale": 1.0}, "cache_miss": {"scale": 42768344.0}, "cpu_cycles": {"scale": 173138343756.0}, "cpu_instructions": {"scale": 203169697829.66666}}, "CurveFit_Weights": [0.0, 1.0, 0.0]}}, "dram": {"All_Weights": {"Categorical_Variables": {}, "Numerical_Variables": {"bpf_block_irq": {"scale": 0.6666666666666666}, "bpf_net_rx_irq": {"scale": 346.3333333333333}, "bpf_net_tx_irq": {"scale": 1.0}, "cache_miss": {"scale": 42768344.0}, "cpu_cycles": {"scale": 173138343756.0}, "cpu_instructions": {"scale": 203169697829.66666}}, "CurveFit_Weights": [256294.53932504074, 0.00025811857601715915, -256290.35447544188]}}}