{"package": {"All_Weights": {"Categorical_Variables": {}, "Numerical_Variables": {"bpf_block_irq": {"scale": 1.6666666666666667}, "bpf_net_rx_irq": {"scale": 340.3333333333333}, "bpf_net_tx_irq": {"scale": 1.0}, "cache_miss": {"scale": 896014183.0}, "cpu_cycles": {"scale": 98242894842.66667}, "cpu_instructions": {"scale": 131924440822.99998}}, "CurveFit_Weights": [1423915.9165072571, 0.00014560940629665704, -1423853.0816357043]}}, "core": {"All_Weights": {"Categorical_Variables": {}, "Numerical_Variables": {"bpf_block_irq": {"scale": 1.6666666666666667}, "bpf_net_rx_irq": {"scale": 340.3333333333333}, "bpf_net_tx_irq": {"scale": 1.0}, "cache_miss": {"scale": 896014183.0}, "cpu_cycles": {"scale": 98242894842.66667}, "cpu_instructions": {"scale": 131924440822.99998}}, "CurveFit_Weights": [0.0, 1.0, 0.0]}}, "uncore": {"All_Weights": {"Categorical_Variables": {}, "Numerical_Variables": {"bpf_block_irq": {"scale": 1.6666666666666667}, "bpf_net_rx_irq": {"scale": 340.3333333333333}, "bpf_net_tx_irq": {"scale": 1.0}, "cache_miss": {"scale": 896014183.0}, "cpu_cycles": {"scale": 98242894842.66667}, "cpu_instructions": {"scale": 131924440822.99998}}, "CurveFit_Weights": [0.0, 1.0, 0.0]}}, "dram": {"All_Weights": {"Categorical_Variables": {}, "Numerical_Variables": {"bpf_block_irq": {"scale": 1.6666666666666667}, "bpf_net_rx_irq": {"scale": 340.3333333333333}, "bpf_net_tx_irq": {"scale": 1.0}, "cache_miss": {"scale": 896014183.0}, "cpu_cycles": {"scale": 98242894842.66667}, "cpu_instructions": {"scale": 131924440822.99998}}, "CurveFit_Weights": [249293.97899642694, 0.0001835403074708478, -249282.3902743218]}}}