{"package": {"All_Weights": {"Categorical_Variables": {}, "Numerical_Variables": {"bpf_block_irq": {"scale": 1.6666666666666667}, "bpf_net_rx_irq": {"scale": 340.3333333333333}, "bpf_net_tx_irq": {"scale": 1.0}, "cache_miss": {"scale": 896014183.0}, "cpu_cycles": {"scale": 98242894842.66667}, "cpu_instructions": {"scale": 131924440822.99998}}, "CurveFit_Weights": [60.94590005922016, 22.036249722973245, 24.204046693523303]}}, "core": {"All_Weights": {"Categorical_Variables": {}, "Numerical_Variables": {"bpf_block_irq": {"scale": 1.6666666666666667}, "bpf_net_rx_irq": {"scale": 340.3333333333333}, "bpf_net_tx_irq": {"scale": 1.0}, "cache_miss": {"scale": 896014183.0}, "cpu_cycles": {"scale": 98242894842.66667}, "cpu_instructions": {"scale": 131924440822.99998}}, "CurveFit_Weights": [0.0, 1.0, 0.0]}}, "uncore": {"All_Weights": {"Categorical_Variables": {}, "Numerical_Variables": {"bpf_block_irq": {"scale": 1.6666666666666667}, "bpf_net_rx_irq": {"scale": 340.3333333333333}, "bpf_net_tx_irq": {"scale": 1.0}, "cache_miss": {"scale": 896014183.0}, "cpu_cycles": {"scale": 98242894842.66667}, "cpu_instructions": {"scale": 131924440822.99998}}, "CurveFit_Weights": [0.0, 1.0, 0.0]}}, "dram": {"All_Weights": {"Categorical_Variables": {}, "Numerical_Variables": {"bpf_block_irq": {"scale": 1.6666666666666667}, "bpf_net_rx_irq": {"scale": 340.3333333333333}, "bpf_net_tx_irq": {"scale": 1.0}, "cache_miss": {"scale": 896014183.0}, "cpu_cycles": {"scale": 98242894842.66667}, "cpu_instructions": {"scale": 131924440822.99998}}, "CurveFit_Weights": [22.599259924411314, 4.404833761238093, 11.216906619091578]}}}