{"package": {"All_Weights": {"Bias_Weight": 11.325424664635662, "Categorical_Variables": {}, "Numerical_Variables": {"bpf_block_irq": {"scale": 4.0, "weight": -2.507590154015036}, "bpf_net_rx_irq": {"scale": 379.0, "weight": -11.257808611810638}, "bpf_net_tx_irq": {"scale": 1.0, "weight": 0.0}, "cache_miss": {"scale": 15910928.999999998, "weight": 2.4586741598101303}, "cpu_cycles": {"scale": 97698336411.0, "weight": 115.366286709375}, "cpu_instructions": {"scale": 113818923081.66667, "weight": 65.7408639677095}}}}, "core": {"All_Weights": {"Bias_Weight": 0.0, "Categorical_Variables": {}, "Numerical_Variables": {"bpf_block_irq": {"scale": 4.0, "weight": 0.0}, "bpf_net_rx_irq": {"scale": 379.0, "weight": 0.0}, "bpf_net_tx_irq": {"scale": 1.0, "weight": 0.0}, "cache_miss": {"scale": 15910928.999999998, "weight": 0.0}, "cpu_cycles": {"scale": 97698336411.0, "weight": 0.0}, "cpu_instructions": {"scale": 113818923081.66667, "weight": 0.0}}}}, "uncore": {"All_Weights": {"Bias_Weight": 0.0, "Categorical_Variables": {}, "Numerical_Variables": {"bpf_block_irq": {"scale": 4.0, "weight": 0.0}, "bpf_net_rx_irq": {"scale": 379.0, "weight": 0.0}, "bpf_net_tx_irq": {"scale": 1.0, "weight": 0.0}, "cache_miss": {"scale": 15910928.999999998, "weight": 0.0}, "cpu_cycles": {"scale": 97698336411.0, "weight": 0.0}, "cpu_instructions": {"scale": 113818923081.66667, "weight": 0.0}}}}, "dram": {"All_Weights": {"Bias_Weight": 4.241244515470152, "Categorical_Variables": {}, "Numerical_Variables": {"bpf_block_irq": {"scale": 4.0, "weight": 0.5466889076245582}, "bpf_net_rx_irq": {"scale": 379.0, "weight": -0.7039214845946798}, "bpf_net_tx_irq": {"scale": 1.0, "weight": 0.0}, "cache_miss": {"scale": 15910928.999999998, "weight": -1.0455769814141636}, "cpu_cycles": {"scale": 97698336411.0, "weight": 7.159680769772002}, "cpu_instructions": {"scale": 113818923081.66667, "weight": 1.6544389160956348}}}}}