{"package": {"All_Weights": {"Bias_Weight": -21.718019317535045, "Categorical_Variables": {}, "Numerical_Variables": {"bpf_block_irq": {"scale": 0.6666666666666666, "weight": 1.0604911737127591}, "bpf_net_rx_irq": {"scale": 346.3333333333333, "weight": 16.826676648463025}, "bpf_net_tx_irq": {"scale": 1.0, "weight": 0.0}, "cache_miss": {"scale": 42768344.0, "weight": 165.60323403732315}, "cpu_cycles": {"scale": 173138343756.0, "weight": 25.819874741470713}, "cpu_instructions": {"scale": 203169697829.66666, "weight": 198.27711679233968}}}}, "core": {"All_Weights": {"Bias_Weight": -19.55278256998476, "Categorical_Variables": {}, "Numerical_Variables": {"bpf_block_irq": {"scale": 0.6666666666666666, "weight": -1.041752112508906}, "bpf_net_rx_irq": {"scale": 346.3333333333333, "weight": 13.643029235637151}, "bpf_net_tx_irq": {"scale": 1.0, "weight": 0.0}, "cache_miss": {"scale": 42768344.0, "weight": 164.84270113910267}, "cpu_cycles": {"scale": 173138343756.0, "weight": 27.72610766977528}, "cpu_instructions": {"scale": 203169697829.66666, "weight": 196.9976429498954}}}}, "uncore": {"All_Weights": {"Bias_Weight": 0.0, "Categorical_Variables": {}, "Numerical_Variables": {"bpf_block_irq": {"scale": 0.6666666666666666, "weight": 0.0}, "bpf_net_rx_irq": {"scale": 346.3333333333333, "weight": 0.0}, "bpf_net_tx_irq": {"scale": 1.0, "weight": 0.0}, "cache_miss": {"scale": 42768344.0, "weight": 0.0}, "cpu_cycles": {"scale": 173138343756.0, "weight": 0.0}, "cpu_instructions": {"scale": 203169697829.66666, "weight": 0.0}}}}, "dram": {"All_Weights": {"Bias_Weight": -3.658724623860681, "Categorical_Variables": {}, "Numerical_Variables": {"bpf_block_irq": {"scale": 0.6666666666666666, "weight": 0.0755787086614395}, "bpf_net_rx_irq": {"scale": 346.3333333333333, "weight": 2.7192828570876353}, "bpf_net_tx_irq": {"scale": 1.0, "weight": 0.0}, "cache_miss": {"scale": 42768344.0, "weight": 26.42701984908446}, "cpu_cycles": {"scale": 173138343756.0, "weight": 4.9661804833333525}, "cpu_instructions": {"scale": 203169697829.66666, "weight": 31.37707991313689}}}}}