{"package": {"All_Weights": {"Bias_Weight": 25.514669013740168, "Categorical_Variables": {}, "Numerical_Variables": {"bpf_block_irq": {"scale": 1.6666666666666667, "weight": 0.25805980048611704}, "bpf_net_rx_irq": {"scale": 340.3333333333333, "weight": 1.6927035167769877}, "bpf_net_tx_irq": {"scale": 1.0, "weight": 0.0}, "cache_miss": {"scale": 896014183.0, "weight": 4.051227370323698}, "cpu_cycles": {"scale": 98242894842.66667, "weight": 155.54553658595927}, "cpu_instructions": {"scale": 131924440822.99998, "weight": 18.04205240515507}}}}, "core": {"All_Weights": {"Bias_Weight": 0.0, "Categorical_Variables": {}, "Numerical_Variables": {"bpf_block_irq": {"scale": 1.6666666666666667, "weight": 0.0}, "bpf_net_rx_irq": {"scale": 340.3333333333333, "weight": 0.0}, "bpf_net_tx_irq": {"scale": 1.0, "weight": 0.0}, "cache_miss": {"scale": 896014183.0, "weight": 0.0}, "cpu_cycles": {"scale": 98242894842.66667, "weight": 0.0}, "cpu_instructions": {"scale": 131924440822.99998, "weight": 0.0}}}}, "uncore": {"All_Weights": {"Bias_Weight": 0.0, "Categorical_Variables": {}, "Numerical_Variables": {"bpf_block_irq": {"scale": 1.6666666666666667, "weight": 0.0}, "bpf_net_rx_irq": {"scale": 340.3333333333333, "weight": 0.0}, "bpf_net_tx_irq": {"scale": 1.0, "weight": 0.0}, "cache_miss": {"scale": 896014183.0, "weight": 0.0}, "cpu_cycles": {"scale": 98242894842.66667, "weight": 0.0}, "cpu_instructions": {"scale": 131924440822.99998, "weight": 0.0}}}}, "dram": {"All_Weights": {"Bias_Weight": 7.019315758282932, "Categorical_Variables": {}, "Numerical_Variables": {"bpf_block_irq": {"scale": 1.6666666666666667, "weight": -1.0778688803309082}, "bpf_net_rx_irq": {"scale": 340.3333333333333, "weight": 3.7669784991222097}, "bpf_net_tx_irq": {"scale": 1.0, "weight": 0.0}, "cache_miss": {"scale": 896014183.0, "weight": 40.13199037487633}, "cpu_cycles": {"scale": 98242894842.66667, "weight": 8.997957928355126}, "cpu_instructions": {"scale": 131924440822.99998, "weight": -7.421839959400667}}}}}