{"package": {"All_Weights": {"Bias_Weight": 30.478630678523523, "Categorical_Variables": {}, "Numerical_Variables": {"bpf_block_irq": {"scale": 2.3333333333333335, "weight": -16.196182958809473}, "bpf_net_rx_irq": {"scale": 350.3333333333333, "weight": -28.871573126838907}, "bpf_net_tx_irq": {"scale": 1.0, "weight": 0.0}, "cache_miss": {"scale": 19150439.333333336, "weight": -34.00965803986263}, "cpu_cycles": {"scale": 106382758382.66667, "weight": 339.32564342229045}, "cpu_instructions": {"scale": 129823412733.66667, "weight": 105.6816471800279}}}}, "core": {"All_Weights": {"Bias_Weight": 0.0, "Categorical_Variables": {}, "Numerical_Variables": {"bpf_block_irq": {"scale": 2.3333333333333335, "weight": 0.0}, "bpf_net_rx_irq": {"scale": 350.3333333333333, "weight": 0.0}, "bpf_net_tx_irq": {"scale": 1.0, "weight": 0.0}, "cache_miss": {"scale": 19150439.333333336, "weight": 0.0}, "cpu_cycles": {"scale": 106382758382.66667, "weight": 0.0}, "cpu_instructions": {"scale": 129823412733.66667, "weight": 0.0}}}}, "uncore": {"All_Weights": {"Bias_Weight": 0.0, "Categorical_Variables": {}, "Numerical_Variables": {"bpf_block_irq": {"scale": 2.3333333333333335, "weight": 0.0}, "bpf_net_rx_irq": {"scale": 350.3333333333333, "weight": 0.0}, "bpf_net_tx_irq": {"scale": 1.0, "weight": 0.0}, "cache_miss": {"scale": 19150439.333333336, "weight": 0.0}, "cpu_cycles": {"scale": 106382758382.66667, "weight": 0.0}, "cpu_instructions": {"scale": 129823412733.66667, "weight": 0.0}}}}, "dram": {"All_Weights": {"Bias_Weight": 0.9730898748522957, "Categorical_Variables": {}, "Numerical_Variables": {"bpf_block_irq": {"scale": 2.3333333333333335, "weight": -0.2600234948751842}, "bpf_net_rx_irq": {"scale": 350.3333333333333, "weight": -0.21961181691926632}, "bpf_net_tx_irq": {"scale": 1.0, "weight": 0.0}, "cache_miss": {"scale": 19150439.333333336, "weight": -0.5509334167068557}, "cpu_cycles": {"scale": 106382758382.66667, "weight": 4.659121461153477}, "cpu_instructions": {"scale": 129823412733.66667, "weight": 1.2847413131647842}}}}}