{"package": {"All_Weights": {"Bias_Weight": -4.053471438613791, "Categorical_Variables": {}, "Numerical_Variables": {"bpf_cpu_time_us": {"scale": 3.5519772673454885e-05, "mean": 0, "variance": 0, "weight": 0.0}, "cache_miss": {"scale": 1.0158675600729726e-08, "mean": 0, "variance": 0, "weight": 26.796704306186133}, "cgroupfs_cpu_usage_us": {"scale": 8.125391980758681e-09, "mean": 0, "variance": 0, "weight": 0.0}, "cgroupfs_memory_usage_bytes": {"scale": 1.1936471235332465e-07, "mean": 0, "variance": 0, "weight": 95.9367930618481}, "cgroupfs_system_cpu_usage_us": {"scale": 3.491779623312634e-08, "mean": 0, "variance": 0, "weight": 0.0}, "cgroupfs_user_cpu_usage_us": {"scale": 1.0589597664544716e-08, "mean": 0, "variance": 0, "weight": 0.0}, "cpu_cycles": {"scale": 1.8357850000664683e-11, "mean": 0, "variance": 0, "weight": 125.59516681571961}, "cpu_instructions": {"scale": 1.0, "mean": 0, "variance": 0, "weight": 1.3614698502748041e-10}, "kubelet_cpu_usage": {"scale": 0.005802707930367505, "mean": 0, "variance": 0, "weight": 0.5022922725381767}, "kubelet_memory_bytes": {"scale": 8.805236663121755e-11, "mean": 0, "variance": 0, "weight": 1.2063468776196984}}}}, "core": {"All_Weights": {"Bias_Weight": 0.0, "Categorical_Variables": {}, "Numerical_Variables": {"bpf_cpu_time_us": {"scale": 3.5519772673454885e-05, "mean": 0, "variance": 0, "weight": 0.0}, "cache_miss": {"scale": 1.0158675600729726e-08, "mean": 0, "variance": 0, "weight": 0.0}, "cgroupfs_cpu_usage_us": {"scale": 8.125391980758681e-09, "mean": 0, "variance": 0, "weight": 0.0}, "cgroupfs_memory_usage_bytes": {"scale": 1.1936471235332465e-07, "mean": 0, "variance": 0, "weight": 0.0}, "cgroupfs_system_cpu_usage_us": {"scale": 3.491779623312634e-08, "mean": 0, "variance": 0, "weight": 0.0}, "cgroupfs_user_cpu_usage_us": {"scale": 1.0589597664544716e-08, "mean": 0, "variance": 0, "weight": 0.0}, "cpu_cycles": {"scale": 1.8357850000664683e-11, "mean": 0, "variance": 0, "weight": 0.0}, "cpu_instructions": {"scale": 1.0, "mean": 0, "variance": 0, "weight": 0.0}, "kubelet_cpu_usage": {"scale": 0.005802707930367505, "mean": 0, "variance": 0, "weight": 0.0}, "kubelet_memory_bytes": {"scale": 8.805236663121755e-11, "mean": 0, "variance": 0, "weight": 0.0}}}}, "uncore": {"All_Weights": {"Bias_Weight": 0.0, "Categorical_Variables": {}, "Numerical_Variables": {"bpf_cpu_time_us": {"scale": 3.5519772673454885e-05, "mean": 0, "variance": 0, "weight": 0.0}, "cache_miss": {"scale": 1.0158675600729726e-08, "mean": 0, "variance": 0, "weight": 0.0}, "cgroupfs_cpu_usage_us": {"scale": 8.125391980758681e-09, "mean": 0, "variance": 0, "weight": 0.0}, "cgroupfs_memory_usage_bytes": {"scale": 1.1936471235332465e-07, "mean": 0, "variance": 0, "weight": 0.0}, "cgroupfs_system_cpu_usage_us": {"scale": 3.491779623312634e-08, "mean": 0, "variance": 0, "weight": 0.0}, "cgroupfs_user_cpu_usage_us": {"scale": 1.0589597664544716e-08, "mean": 0, "variance": 0, "weight": 0.0}, "cpu_cycles": {"scale": 1.8357850000664683e-11, "mean": 0, "variance": 0, "weight": 0.0}, "cpu_instructions": {"scale": 1.0, "mean": 0, "variance": 0, "weight": 0.0}, "kubelet_cpu_usage": {"scale": 0.005802707930367505, "mean": 0, "variance": 0, "weight": 0.0}, "kubelet_memory_bytes": {"scale": 8.805236663121755e-11, "mean": 0, "variance": 0, "weight": 0.0}}}}, "dram": {"All_Weights": {"Bias_Weight": 3.038944604204058, "Categorical_Variables": {}, "Numerical_Variables": {"bpf_cpu_time_us": {"scale": 3.5519772673454885e-05, "mean": 0, "variance": 0, "weight": 0.0}, "cache_miss": {"scale": 1.0158675600729726e-08, "mean": 0, "variance": 0, "weight": 25.131293680270794}, "cgroupfs_cpu_usage_us": {"scale": 8.125391980758681e-09, "mean": 0, "variance": 0, "weight": 0.0}, "cgroupfs_memory_usage_bytes": {"scale": 1.1936471235332465e-07, "mean": 0, "variance": 0, "weight": 17.704671605249864}, "cgroupfs_system_cpu_usage_us": {"scale": 3.491779623312634e-08, "mean": 0, "variance": 0, "weight": 0.0}, "cgroupfs_user_cpu_usage_us": {"scale": 1.0589597664544716e-08, "mean": 0, "variance": 0, "weight": 0.0}, "cpu_cycles": {"scale": 1.8357850000664683e-11, "mean": 0, "variance": 0, "weight": 12.971873663520961}, "cpu_instructions": {"scale": 1.0, "mean": 0, "variance": 0, "weight": 0.0}, "kubelet_cpu_usage": {"scale": 0.005802707930367505, "mean": 0, "variance": 0, "weight": 0.0}, "kubelet_memory_bytes": {"scale": 8.805236663121755e-11, "mean": 0, "variance": 0, "weight": 2.998719289932977}}}}}