{"package": {"All_Weights": {"Bias_Weight": 168.04620489148317, "Categorical_Variables": {}, "Numerical_Variables": {"bpf_cpu_time_us": {"mean": 5608.400902868793, "variance": 29661131.240907874, "weight": 4.239046324796651}, "cache_miss": {"mean": 11772187.522252472, "variance": 409151166293758.44, "weight": 25.709164103978974}, "cgroupfs_cpu_usage_us": {"mean": 1080538.090723751, "variance": 129154197094126.67, "weight": -0.584996825632167}, "cgroupfs_memory_usage_bytes": {"mean": 98691.1128585991, "variance": 557223414532.787, "weight": 1.2840516666749247}, "cgroupfs_system_cpu_usage_us": {"mean": 251370.65487112277, "variance": 6987370354187.755, "weight": -0.649412593732617}, "cgroupfs_user_cpu_usage_us": {"mean": 829167.4355613805, "variance": 76060314812705.55, "weight": -0.5654717092610804}, "cpu_cycles": {"mean": 10958623148.504377, "variance": 1.3653973085887105e+20, "weight": 92.08147823892112}, "cpu_instructions": {"mean": 0.0, "variance": 0.0, "weight": 0.0}, "kubelet_cpu_usage": {"mean": 7.212174166302607, "variance": 420.0275514159066, "weight": 0.44245977513569007}, "kubelet_memory_bytes": {"mean": 22912587.379641764, "variance": 1.1963713956742662e+17, "weight": -1.0769814169901752}}}}, "core": {"All_Weights": {"Bias_Weight": 0.0, "Categorical_Variables": {}, "Numerical_Variables": {"bpf_cpu_time_us": {"mean": 5608.400902868793, "variance": 29661131.240907874, "weight": 0.0}, "cache_miss": {"mean": 11772187.522252472, "variance": 409151166293758.44, "weight": 0.0}, "cgroupfs_cpu_usage_us": {"mean": 1080538.090723751, "variance": 129154197094126.67, "weight": 0.0}, "cgroupfs_memory_usage_bytes": {"mean": 98691.1128585991, "variance": 557223414532.787, "weight": 0.0}, "cgroupfs_system_cpu_usage_us": {"mean": 251370.65487112277, "variance": 6987370354187.755, "weight": 0.0}, "cgroupfs_user_cpu_usage_us": {"mean": 829167.4355613805, "variance": 76060314812705.55, "weight": 0.0}, "cpu_cycles": {"mean": 10958623148.504377, "variance": 1.3653973085887105e+20, "weight": 0.0}, "cpu_instructions": {"mean": 0.0, "variance": 0.0, "weight": 0.0}, "kubelet_cpu_usage": {"mean": 7.212174166302607, "variance": 420.0275514159066, "weight": 0.0}, "kubelet_memory_bytes": {"mean": 22912587.379641764, "variance": 1.1963713956742662e+17, "weight": 0.0}}}}, "uncore": {"All_Weights": {"Bias_Weight": 0.0, "Categorical_Variables": {}, "Numerical_Variables": {"bpf_cpu_time_us": {"mean": 5608.400902868793, "variance": 29661131.240907874, "weight": 0.0}, "cache_miss": {"mean": 11772187.522252472, "variance": 409151166293758.44, "weight": 0.0}, "cgroupfs_cpu_usage_us": {"mean": 1080538.090723751, "variance": 129154197094126.67, "weight": 0.0}, "cgroupfs_memory_usage_bytes": {"mean": 98691.1128585991, "variance": 557223414532.787, "weight": 0.0}, "cgroupfs_system_cpu_usage_us": {"mean": 251370.65487112277, "variance": 6987370354187.755, "weight": 0.0}, "cgroupfs_user_cpu_usage_us": {"mean": 829167.4355613805, "variance": 76060314812705.55, "weight": 0.0}, "cpu_cycles": {"mean": 10958623148.504377, "variance": 1.3653973085887105e+20, "weight": 0.0}, "cpu_instructions": {"mean": 0.0, "variance": 0.0, "weight": 0.0}, "kubelet_cpu_usage": {"mean": 7.212174166302607, "variance": 420.0275514159066, "weight": 0.0}, "kubelet_memory_bytes": {"mean": 22912587.379641764, "variance": 1.1963713956742662e+17, "weight": 0.0}}}}, "dram": {"All_Weights": {"Bias_Weight": 78.15127654447122, "Categorical_Variables": {}, "Numerical_Variables": {"bpf_cpu_time_us": {"mean": 5608.400902868793, "variance": 29661131.240907874, "weight": 5.687648912637281}, "cache_miss": {"mean": 11772187.522252472, "variance": 409151166293758.44, "weight": 15.305773391370078}, "cgroupfs_cpu_usage_us": {"mean": 1080538.090723751, "variance": 129154197094126.67, "weight": -0.04149241634054464}, "cgroupfs_memory_usage_bytes": {"mean": 98691.1128585991, "variance": 557223414532.787, "weight": -2.524759819520397}, "cgroupfs_system_cpu_usage_us": {"mean": 251370.65487112277, "variance": 6987370354187.755, "weight": -0.076212964939396}, "cgroupfs_user_cpu_usage_us": {"mean": 829167.4355613805, "variance": 76060314812705.55, "weight": -0.030966507080468417}, "cpu_cycles": {"mean": 10958623148.504377, "variance": 1.3653973085887105e+20, "weight": -3.2369092489796323}, "cpu_instructions": {"mean": 0.0, "variance": 0.0, "weight": 0.0}, "kubelet_cpu_usage": {"mean": 7.212174166302607, "variance": 420.0275514159066, "weight": 0.21068790311387303}, "kubelet_memory_bytes": {"mean": 22912587.379641764, "variance": 1.1963713956742662e+17, "weight": 0.34658502498373855}}}}}