{"platform": {"All_Weights": {"Bias_Weight": 502.7072988547686, "Categorical_Variables": {}, "Numerical_Variables": {"cache_miss": {"scale": 144445326.66666666, "mean": 0, "variance": 0, "weight": 274.9937907417715}, "cpu_cycles": {"scale": 56749212346.333336, "mean": 0, "variance": 0, "weight": 486.58190482246}, "cpu_instructions": {"scale": 70755378378.33334, "mean": 0, "variance": 0, "weight": 0.0}}}}}