{"platform": {"All_Weights": {"Bias_Weight": 167.87105411504461, "Categorical_Variables": {}, "Numerical_Variables": {"cache_miss": {"scale": 1.0158675600729725e-08, "mean": 0, "variance": 0, "weight": 62.35407054086852}, "cpu_cycles": {"scale": 1.8357850000664686e-11, "mean": 0, "variance": 0, "weight": 155.1396936209684}, "cpu_instructions": {"scale": 1.0, "mean": 0, "variance": 0, "weight": 3.67138318808463e-11}}}}}