{"platform": {"All_Weights": {"Bias_Weight": 674.2937679570157, "Categorical_Variables": {}, "Numerical_Variables": {"cache_miss": {"mean": 11772187.52225247, "variance": 409151166293758.44, "weight": 48.88581997384793}, "cpu_cycles": {"mean": 10958623148.504377, "variance": 1.3653973085887105e+20, "weight": 111.7674839233344}, "cpu_instructions": {"mean": 0.0, "variance": 0.0, "weight": 0.0}}}}}