{"platform": {"All_Weights": {"Bias_Weight": 503.5218690565391, "Categorical_Variables": {}, "Numerical_Variables": {"cache_miss": {"scale": 144445326.66666666, "mean": 0, "variance": 0, "weight": 281.3994262849563}, "cpu_cycles": {"scale": 56749212346.333336, "mean": 0, "variance": 0, "weight": 474.3313769680425}, "cpu_instructions": {"scale": 70755378378.33334, "mean": 0, "variance": 0, "weight": 16.825776330040867}}}}}