{"package": {"All_Weights": {"Bias_Weight": 162.0505274184256, "Categorical_Variables": {}, "Numerical_Variables": {"bpf_block_irq": {"scale": 0.6666666666666666, "mean": 0, "variance": 0, "weight": -6.097299182541637}, "bpf_cpu_time_us": {"scale": 29170.333333333332, "mean": 0, "variance": 0, "weight": 310.7364708321506}, "bpf_net_rx_irq": {"scale": 1936.3333333333333, "mean": 0, "variance": 0, "weight": -26.94081110571593}, "bpf_net_tx_irq": {"scale": 1.6666666666666667, "mean": 0, "variance": 0, "weight": -23.298722084491896}}}}, "core": {"All_Weights": {"Bias_Weight": 0.0, "Categorical_Variables": {}, "Numerical_Variables": {"bpf_block_irq": {"scale": 0.6666666666666666, "mean": 0, "variance": 0, "weight": 0.0}, "bpf_cpu_time_us": {"scale": 29170.333333333332, "mean": 0, "variance": 0, "weight": 0.0}, "bpf_net_rx_irq": {"scale": 1936.3333333333333, "mean": 0, "variance": 0, "weight": 0.0}, "bpf_net_tx_irq": {"scale": 1.6666666666666667, "mean": 0, "variance": 0, "weight": 0.0}}}}, "uncore": {"All_Weights": {"Bias_Weight": 0.0, "Categorical_Variables": {}, "Numerical_Variables": {"bpf_block_irq": {"scale": 0.6666666666666666, "mean": 0, "variance": 0, "weight": 0.0}, "bpf_cpu_time_us": {"scale": 29170.333333333332, "mean": 0, "variance": 0, "weight": 0.0}, "bpf_net_rx_irq": {"scale": 1936.3333333333333, "mean": 0, "variance": 0, "weight": 0.0}, "bpf_net_tx_irq": {"scale": 1.6666666666666667, "mean": 0, "variance": 0, "weight": 0.0}}}}, "dram": {"All_Weights": {"Bias_Weight": 132.06522285350798, "Categorical_Variables": {}, "Numerical_Variables": {"bpf_block_irq": {"scale": 0.6666666666666666, "mean": 0, "variance": 0, "weight": 1.6450943933289988}, "bpf_cpu_time_us": {"scale": 29170.333333333332, "mean": 0, "variance": 0, "weight": 50.84625085560481}, "bpf_net_rx_irq": {"scale": 1936.3333333333333, "mean": 0, "variance": 0, "weight": 5.536515321950542}, "bpf_net_tx_irq": {"scale": 1.6666666666666667, "mean": 0, "variance": 0, "weight": -9.124409363025388}}}}}