{"package": {"All_Weights": {"Bias_Weight": 71.26768221571874, "Categorical_Variables": {}, "Numerical_Variables": {"bpf_block_irq": {"scale": 0.16683299724637102, "mean": 0, "variance": 0, "weight": -0.8111745306950344}, "bpf_cpu_time_us": {"scale": 5911.969193263386, "mean": 0, "variance": 0, "weight": 20.484132659916988}, "bpf_net_rx_irq": {"scale": 52.1304315700023, "mean": 0, "variance": 0, "weight": -1.205894477777378}, "bpf_net_tx_irq": {"scale": 0.2898158296573689, "mean": 0, "variance": 0, "weight": -1.031226103814171}}}}, "core": {"All_Weights": {"Bias_Weight": 0.0, "Categorical_Variables": {}, "Numerical_Variables": {"bpf_block_irq": {"scale": 0.16683299724637102, "mean": 0, "variance": 0, "weight": 0.0}, "bpf_cpu_time_us": {"scale": 5911.969193263386, "mean": 0, "variance": 0, "weight": 0.0}, "bpf_net_rx_irq": {"scale": 52.1304315700023, "mean": 0, "variance": 0, "weight": 0.0}, "bpf_net_tx_irq": {"scale": 0.2898158296573689, "mean": 0, "variance": 0, "weight": 0.0}}}}, "uncore": {"All_Weights": {"Bias_Weight": 0.0, "Categorical_Variables": {}, "Numerical_Variables": {"bpf_block_irq": {"scale": 0.16683299724637102, "mean": 0, "variance": 0, "weight": 0.0}, "bpf_cpu_time_us": {"scale": 5911.969193263386, "mean": 0, "variance": 0, "weight": 0.0}, "bpf_net_rx_irq": {"scale": 52.1304315700023, "mean": 0, "variance": 0, "weight": 0.0}, "bpf_net_tx_irq": {"scale": 0.2898158296573689, "mean": 0, "variance": 0, "weight": 0.0}}}}, "dram": {"All_Weights": {"Bias_Weight": 47.540129138605394, "Categorical_Variables": {}, "Numerical_Variables": {"bpf_block_irq": {"scale": 0.16683299724637102, "mean": 0, "variance": 0, "weight": -0.18474499053077095}, "bpf_cpu_time_us": {"scale": 5911.969193263386, "mean": 0, "variance": 0, "weight": 3.2517863873821833}, "bpf_net_rx_irq": {"scale": 52.1304315700023, "mean": 0, "variance": 0, "weight": -0.4894026657711067}, "bpf_net_tx_irq": {"scale": 0.2898158296573689, "mean": 0, "variance": 0, "weight": -0.4727655770977359}}}}}