{"package": {"All_Weights": {"Bias_Weight": 184.12545605764055, "Categorical_Variables": {}, "Numerical_Variables": {"bpf_cpu_time_us": {"mean": 137650220.50684932, "variance": 64906989337960.34, "weight": 18.02982554497362}}}}, "core": {"All_Weights": {"Bias_Weight": 0.0, "Categorical_Variables": {}, "Numerical_Variables": {"bpf_cpu_time_us": {"mean": 137650220.50684932, "variance": 64906989337960.34, "weight": 0.0}}}}, "uncore": {"All_Weights": {"Bias_Weight": 0.0, "Categorical_Variables": {}, "Numerical_Variables": {"bpf_cpu_time_us": {"mean": 137650220.50684932, "variance": 64906989337960.34, "weight": 0.0}}}}, "dram": {"All_Weights": {"Bias_Weight": 3.5991992934555035, "Categorical_Variables": {}, "Numerical_Variables": {"bpf_cpu_time_us": {"mean": 137650220.50684932, "variance": 64906989337960.34, "weight": 0.3498065468297566}}}}}