{"platform": {"All_Weights": {"Categorical_Variables": {}, "Numerical_Variables": {"bpf_cpu_time_ms": {"scale": 24000.0}, "bpf_page_cache_hit": {"scale": 1.0}}, "CurveFit_Weights": [151.67110082131626, 0.8379858175176281, -41.23930817048867]}}}