{"platform": {"All_Weights": {"Categorical_Variables": {}, "Numerical_Variables": {"bpf_cpu_time_ms": {"scale": 269655.3516520236}, "bpf_page_cache_hit": {"scale": 1.0}}, "CurveFit_Weights": [1280.5587077921803, 0.5641018873957959, -944.0117663560798]}}}