{"platform": {"All_Weights": {"Categorical_Variables": {}, "Numerical_Variables": {"bpf_cpu_time_ms": {"scale": 64000.0}, "bpf_page_cache_hit": {"scale": 1.0}}, "CurveFit_Weights": [525984.9746847771, 0.0002740992365526855, -525903.753893924]}}}