{"platform": {"All_Weights": {"Categorical_Variables": {}, "Numerical_Variables": {"bpf_cpu_time_ms": {"scale": 84981.7566906198}, "bpf_page_cache_hit": {"scale": 1.0}}, "CurveFit_Weights": [342.9873297851367, 0.7268961345175645, -193.30298998856782]}}}