{"platform": {"All_Weights": {"Categorical_Variables": {}, "Numerical_Variables": {"bpf_cpu_time_ms": {"scale": 17153.09866238233}, "bpf_page_cache_hit": {"scale": 1.0}}, "CurveFit_Weights": [31.35795948519954, 1.995905952852026, 28.1070137194696]}}}