{"platform": {"All_Weights": {"Categorical_Variables": {}, "Numerical_Variables": {"bpf_cpu_time_ms": {"scale": 11999.999999999998}, "bpf_page_cache_hit": {"scale": 1.0}}, "CurveFit_Weights": [64.67208964611378, 1.0364272917370683, 98.51169928244344]}}}