{"platform": {"All_Weights": {"Categorical_Variables": {}, "Numerical_Variables": {"bpf_cpu_time_ms": {"scale": 28000.0}, "bpf_page_cache_hit": {"scale": 1.0}}, "CurveFit_Weights": [183.93703100804936, 0.6965188968777579, -135.4015992211919]}}}