{"platform": {"All_Weights": {"Categorical_Variables": {}, "Numerical_Variables": {"bpf_cpu_time_ms": {"scale": 17846.648192714154}, "bpf_page_cache_hit": {"scale": 1.0}}, "CurveFit_Weights": [593352.7560576356, 0.00024948714990995186, -593196.8440232647]}}}