{"platform": {"All_Weights": {"Categorical_Variables": {}, "Numerical_Variables": {"bpf_cpu_time_ms": {"scale": 56000.0}, "bpf_page_cache_hit": {"scale": 1.0}}, "CurveFit_Weights": [290.4650048397582, 0.7775255333900629, -227.55205349863215]}}}