{"platform": {"All_Weights": {"Categorical_Variables": {}, "Numerical_Variables": {"bpf_cpu_time_ms": {"scale": 67322.65324361128}, "bpf_page_cache_hit": {"scale": 1.0}}, "CurveFit_Weights": [205.03934390757792, 1.0293009558668276, -106.12435739682331]}}}