{"platform": {"All_Weights": {"Categorical_Variables": {}, "Numerical_Variables": {"bpf_cpu_time_ms": {"scale": 480000.0}, "bpf_page_cache_hit": {"scale": 1.0}}, "CurveFit_Weights": [420.1155329355146, 1.5161135024073085, 99.2154229048867]}}}