{"platform": {"All_Weights": {"Categorical_Variables": {}, "Numerical_Variables": {"bpf_cpu_time_ms": {"scale": 24127.315010142676}, "bpf_page_cache_hit": {"scale": 1.0}}, "CurveFit_Weights": [198.94339995015275, 0.5047442867916246, -140.34344362994693]}}}