{"platform": {"All_Weights": {"Categorical_Variables": {}, "Numerical_Variables": {"bpf_cpu_time_ms": {"scale": 152148.69738520947}, "bpf_page_cache_hit": {"scale": 1.0}}, "CurveFit_Weights": [6389.115750844134, 0.05458098842159979, -6257.046219701164]}}}