{"platform": {"All_Weights": {"Categorical_Variables": {}, "Numerical_Variables": {"bpf_cpu_time_us": {"scale": 2000000.0}, "bpf_page_cache_hit": {"scale": 1.0}}, "CurveFit_Weights": [-208.62589669969182, -0.2338722065569902, 301.1806542748265]}}}