{"platform": {"All_Weights": {"Categorical_Variables": {}, "Numerical_Variables": {"bpf_cpu_time_ms": {"scale": 33500.16257528249}, "bpf_page_cache_hit": {"scale": 1.0}}, "CurveFit_Weights": [156.66765029762067, 1.1731019516568455, -37.68977799557062]}}}