{"platform": {"All_Weights": {"Categorical_Variables": {}, "Numerical_Variables": {"bpf_cpu_time_ms": {"scale": 149030.7604006794}, "bpf_page_cache_hit": {"scale": 1.0}}, "CurveFit_Weights": [428.39720647159436, 0.8597371941010788, -253.69821349159878]}}}