{"platform": {"All_Weights": {"Categorical_Variables": {}, "Numerical_Variables": {"bpf_cpu_time_ms": {"scale": 30366.452562332717}, "bpf_page_cache_hit": {"scale": 1.0}}, "CurveFit_Weights": [185.33654108940252, 0.6586075482210231, -84.72966697698122]}}}