{"platform": {"All_Weights": {"Categorical_Variables": {}, "Numerical_Variables": {"bpf_cpu_time_ms": {"scale": 178369.2742841906}, "bpf_page_cache_hit": {"scale": 1.0}}, "CurveFit_Weights": [1151454.243335499, 0.0003213693829096989, -1151303.7063176697]}}}