{"platform": {"All_Weights": {"Categorical_Variables": {}, "Numerical_Variables": {"bpf_cpu_time_us": {"scale": 8000000.0}, "bpf_page_cache_hit": {"scale": 1.0}}, "CurveFit_Weights": [-52.97058824240248, -443.44574883237465, 216.47058823612917]}}}