{"platform": {"All_Weights": {"Categorical_Variables": {}, "Numerical_Variables": {"bpf_cpu_time_ms": {"scale": 43603.38188732946}, "bpf_page_cache_hit": {"scale": 1.0}}, "CurveFit_Weights": [202.07660681961454, 0.9097512014160075, -49.60743088635918]}}}