{"platform": {"All_Weights": {"Categorical_Variables": {}, "Numerical_Variables": {"bpf_cpu_time_ms": {"scale": 12000.0}, "bpf_page_cache_hit": {"scale": 1.0}}, "CurveFit_Weights": [298299.06884699716, 0.0002109458057172545, -298233.2642539836]}}}