{"platform": {"All_Weights": {"Categorical_Variables": {}, "Numerical_Variables": {"bpf_cpu_time_ms": {"scale": 9118.333396743748}, "bpf_page_cache_hit": {"scale": 1.0}}, "CurveFit_Weights": [232.85100831476353, 0.5196780480610461, -91.73003130400598]}}}