{"platform": {"All_Weights": {"Categorical_Variables": {}, "Numerical_Variables": {"bpf_cpu_time_ms": {"scale": 4417.951187499074}, "bpf_page_cache_hit": {"scale": 1.0}}, "CurveFit_Weights": [289449.2561571287, 0.00033622298785309713, -289373.4877111962]}}}