{"platform": {"All_Weights": {"Categorical_Variables": {}, "Numerical_Variables": {"bpf_cpu_time_ms": {"scale": 69879.34069173332}, "bpf_page_cache_hit": {"scale": 1.0}}, "CurveFit_Weights": [84.77307900917612, 1.535196237442267, 68.29625465159761]}}}