{"platform": {"All_Weights": {"Categorical_Variables": {}, "Numerical_Variables": {"bpf_cpu_time_us": {"scale": 112000000.0}, "bpf_page_cache_hit": {"scale": 1.0}}, "CurveFit_Weights": [505.27887992367545, 0.9178112984959502, -359.4856484312395]}}}