{"platform": {"All_Weights": {"Categorical_Variables": {}, "Numerical_Variables": {"bpf_cpu_time_ms": {"scale": 89809.33125867021}, "bpf_page_cache_hit": {"scale": 1.0}}, "CurveFit_Weights": [93.78963860685944, 1.8670789904595115, 84.01433028458045]}}}