{"platform": {"All_Weights": {"Categorical_Variables": {}, "Numerical_Variables": {"bpf_cpu_time_ms": {"scale": 164735.09229663186}, "bpf_page_cache_hit": {"scale": 1.0}}, "CurveFit_Weights": [1099691.8864372554, 0.00023395034313768685, -1099506.5638341345]}}}