{"platform": {"All_Weights": {"Categorical_Variables": {}, "Numerical_Variables": {"bpf_cpu_time_ms": {"scale": 29156.839581512097}, "bpf_page_cache_hit": {"scale": 1.0}}, "CurveFit_Weights": [67.74996921997726, 1.6663282044065142, 52.280832103369384]}}}