{"platform": {"All_Weights": {"Categorical_Variables": {}, "Numerical_Variables": {"bpf_cpu_time_ms": {"scale": 45672.76449936964}, "bpf_page_cache_hit": {"scale": 1.0}}, "CurveFit_Weights": [205.95313957387117, 0.8251881987593906, -129.40512294336347]}}}