{"platform": {"All_Weights": {"Categorical_Variables": {}, "Numerical_Variables": {"bpf_cpu_time_ms": {"scale": 16608.225821755237}, "bpf_page_cache_hit": {"scale": 1.0}}, "CurveFit_Weights": [166.1258322322446, 0.4679074146134078, -107.17778985188151]}}}