{"platform": {"All_Weights": {"Categorical_Variables": {}, "Numerical_Variables": {"bpf_cpu_time_ms": {"scale": 128000.0}, "bpf_page_cache_hit": {"scale": 1.0}}, "CurveFit_Weights": [1082518.1934645246, 0.00024469087835452403, -1082371.8906997892]}}}