{"platform": {"All_Weights": {"Categorical_Variables": {}, "Numerical_Variables": {"bpf_cpu_time_ms": {"scale": 95667.13807873146}, "bpf_page_cache_hit": {"scale": 1.0}}, "CurveFit_Weights": [946455.1724633247, 0.0004196107980525805, -946219.8384789267]}}}