{"platform": {"All_Weights": {"Categorical_Variables": {}, "Numerical_Variables": {"bpf_cpu_time_ms": {"scale": 96000.0}, "bpf_page_cache_hit": {"scale": 1.0}}, "CurveFit_Weights": [649986.6011455279, 0.00042694035857432014, -649888.3162450411]}}}