{"platform": {"All_Weights": {"Categorical_Variables": {}, "Numerical_Variables": {"bpf_cpu_time_ms": {"scale": 67010.20117706756}, "bpf_page_cache_hit": {"scale": 1.0}}, "CurveFit_Weights": [29.55958373801568, 2.981066865409471, 150.238134725028]}}}