{"platform": {"All_Weights": {"Categorical_Variables": {}, "Numerical_Variables": {"bpf_cpu_time_ms": {"scale": 92164.21527272728}, "bpf_page_cache_hit": {"scale": 1.0}}, "CurveFit_Weights": [41.53286044949033, 1.64716470327779, 47.925271789578865]}}}