{"platform": {"All_Weights": {"Categorical_Variables": {}, "Numerical_Variables": {"bpf_cpu_time_ms": {"scale": 22225.987518268623}, "bpf_page_cache_hit": {"scale": 1.0}}, "CurveFit_Weights": [82.61141489445568, 1.3227728059412125, 50.48473742524317]}}}