{"platform": {"All_Weights": {"Categorical_Variables": {}, "Numerical_Variables": {"bpf_cpu_time_ms": {"scale": 111806.64454742755}, "bpf_page_cache_hit": {"scale": 1.0}}, "CurveFit_Weights": [73.07803964649706, 1.800325895230313, 82.24650725699581]}}}