{"platform": {"All_Weights": {"Categorical_Variables": {}, "Numerical_Variables": {"bpf_cpu_time_ms": {"scale": 112000.0}, "bpf_page_cache_hit": {"scale": 1.0}}, "CurveFit_Weights": [267.6743462939192, 1.2010425817589307, -81.15052120481874]}}}