{"platform": {"All_Weights": {"Categorical_Variables": {}, "Numerical_Variables": {"bpf_cpu_time_ms": {"scale": 22966.21696880917}, "bpf_page_cache_hit": {"scale": 1.0}}, "CurveFit_Weights": [61.86592810245987, 1.2867987109260388, -3.1299167022287286]}}}