{"platform": {"All_Weights": {"Categorical_Variables": {}, "Numerical_Variables": {"bpf_cpu_time_ms": {"scale": 6399.849809812918}, "bpf_page_cache_hit": {"scale": 1.0}}, "CurveFit_Weights": [13.434833504365482, 1.3571055206874876, 3.6602287754226643]}}}