{"platform": {"All_Weights": {"Categorical_Variables": {}, "Numerical_Variables": {"bpf_cpu_time_ms": {"scale": 115738.1199096779}, "bpf_page_cache_hit": {"scale": 1.0}}, "CurveFit_Weights": [122.84326430354962, 1.698758156544305, 40.50645323062563]}}}