{"platform": {"All_Weights": {"Categorical_Variables": {}, "Numerical_Variables": {"bpf_cpu_time_ms": {"scale": 14919.755315761702}, "bpf_page_cache_hit": {"scale": 1.0}}, "CurveFit_Weights": [890.5696197968314, 0.2185373096960176, -612.2089422738188]}}}