{"platform": {"All_Weights": {"Categorical_Variables": {}, "Numerical_Variables": {"bpf_cpu_time_ms": {"scale": 60000.0}, "bpf_page_cache_hit": {"scale": 1.0}}, "CurveFit_Weights": [145.85905184605534, 1.2132352544128429, -20.30534867169654]}}}