{"platform": {"All_Weights": {"Categorical_Variables": {}, "Numerical_Variables": {"bpf_cpu_time_ms": {"scale": 44000.0}, "bpf_page_cache_hit": {"scale": 1.0}}, "CurveFit_Weights": [430.7391682858828, 0.36925309231829734, -367.9839958219111]}}}