{"platform": {"All_Weights": {"Categorical_Variables": {}, "Numerical_Variables": {"bpf_cpu_time_ms": {"scale": 27540.500371841736}, "bpf_page_cache_hit": {"scale": 1.0}}, "CurveFit_Weights": [419.121028818555, 0.6859384511306851, 7.79925298002408]}}}