{"platform": {"All_Weights": {"Categorical_Variables": {}, "Numerical_Variables": {"bpf_cpu_time_ms": {"scale": 15999.999999999996}, "bpf_page_cache_hit": {"scale": 1.0}}, "CurveFit_Weights": [723168.9827967811, 0.0003050275827122974, -722866.3717977275]}}}