{"platform": {"All_Weights": {"Categorical_Variables": {}, "Numerical_Variables": {"bpf_cpu_time_ms": {"scale": 80000.0}, "bpf_page_cache_hit": {"scale": 1.0}}, "CurveFit_Weights": [111.11118055298331, 1.6110764839381841, 49.31398553299735]}}}