{"platform": {"All_Weights": {"Categorical_Variables": {}, "Numerical_Variables": {"bpf_cpu_time_ms": {"scale": 9637.798574736054}, "bpf_page_cache_hit": {"scale": 1.0}}, "CurveFit_Weights": [422040.3910487071, 0.0002599744238955164, -421978.2660642493]}}}