{"platform": {"All_Weights": {"Categorical_Variables": {}, "Numerical_Variables": {"bpf_cpu_time_ms": {"scale": 20000.0}, "bpf_page_cache_hit": {"scale": 1.0}}, "CurveFit_Weights": [480165.88413549436, 0.00048280842089358874, -479899.94057645823]}}}