{"platform": {"All_Weights": {"Categorical_Variables": {}, "Numerical_Variables": {"bpf_cpu_time_ms": {"scale": 26998.00843269873}, "bpf_page_cache_hit": {"scale": 1.0}}, "CurveFit_Weights": [67.7492481440396, 1.2047506056358437, 33.76557659439156]}}}