{"platform": {"All_Weights": {"Categorical_Variables": {}, "Numerical_Variables": {"bpf_cpu_time_ms": {"scale": 3190.9915177269927}, "bpf_page_cache_hit": {"scale": 1.0}}, "CurveFit_Weights": [55.13536538257854, 0.9040770399784696, -11.409749721687067]}}}