{"platform": {"All_Weights": {"Categorical_Variables": {}, "Numerical_Variables": {"bpf_cpu_time_ms": {"scale": 101439.72293959543}, "bpf_page_cache_hit": {"scale": 1.0}}, "CurveFit_Weights": [1019.9451780511071, 0.44108276960355197, -844.9030849195286]}}}