{"platform": {"All_Weights": {"Categorical_Variables": {}, "Numerical_Variables": {"bpf_cpu_time_ms": {"scale": 7776.295273240703}, "bpf_page_cache_hit": {"scale": 1.0}}, "CurveFit_Weights": [-165.8724401826346, -0.9766955704838988, 307.7370520070742]}}}