{"platform": {"All_Weights": {"Categorical_Variables": {}, "Numerical_Variables": {"bpf_cpu_time_ms": {"scale": 120000.0}, "bpf_page_cache_hit": {"scale": 1.0}}, "CurveFit_Weights": [314.55138532406335, 1.1159319355395498, -106.39628601881753]}}}