{"platform": {"All_Weights": {"Categorical_Variables": {}, "Numerical_Variables": {"bpf_cpu_time_ms": {"scale": 28891.571599817034}, "bpf_page_cache_hit": {"scale": 1.0}}, "CurveFit_Weights": [1125.6704057742131, 0.10300969334972805, -1072.6576988540658]}}}