{"platform": {"All_Weights": {"Categorical_Variables": {}, "Numerical_Variables": {"bpf_cpu_time_ms": {"scale": 12287.380895322896}, "bpf_page_cache_hit": {"scale": 1.0}}, "CurveFit_Weights": [285.4216841080897, 0.45932336830735104, -204.65019426025472]}}}