{"platform": {"All_Weights": {"Categorical_Variables": {}, "Numerical_Variables": {"bpf_cpu_time_ms": {"scale": 59669.66645587067}, "bpf_page_cache_hit": {"scale": 1.0}}, "CurveFit_Weights": [2221079.824985914, 0.00023905971635299674, -2220835.5855642557]}}}