{"platform": {"All_Weights": {"Categorical_Variables": {}, "Numerical_Variables": {"bpf_cpu_time_ms": {"scale": 76000.0}, "bpf_page_cache_hit": {"scale": 1.0}}, "CurveFit_Weights": [1798091.1064659194, 0.00022691761840109258, -1797713.2814334664]}}}