{"platform": {"All_Weights": {"Categorical_Variables": {}, "Numerical_Variables": {"bpf_cpu_time_ms": {"scale": 28000.0}, "bpf_page_cache_hit": {"scale": 1.0}}, "CurveFit_Weights": [43.405412947426484, 1.5392513849114426, 75.12521030606128]}}}