{"platform": {"All_Weights": {"Categorical_Variables": {}, "Numerical_Variables": {"bpf_cpu_time_ms": {"scale": 16245.749437434137}, "bpf_page_cache_hit": {"scale": 1.0}}, "CurveFit_Weights": [131.46003700410964, 0.9572703162682846, -73.88182173581511]}}}