{"platform": {"All_Weights": {"Categorical_Variables": {}, "Numerical_Variables": {"bpf_cpu_time_ms": {"scale": 3993.6151229890447}, "bpf_page_cache_hit": {"scale": 1.0}}, "CurveFit_Weights": [477.749974184945, 0.07551540687649656, -459.27239948968025]}}}