{"platform": {"All_Weights": {"Categorical_Variables": {}, "Numerical_Variables": {"bpf_cpu_time_ms": {"scale": 7785.797965597758}, "bpf_page_cache_hit": {"scale": 1.0}}, "CurveFit_Weights": [510726.02542664704, 0.00023464742103704577, -510543.29892606003]}}}