{"platform": {"All_Weights": {"Categorical_Variables": {}, "Numerical_Variables": {"bpf_cpu_time_ms": {"scale": 1191.7196470588235}, "bpf_page_cache_hit": {"scale": 1.0}}, "CurveFit_Weights": [73.51956929736735, 1.0538799886477093, 142.85474711038609]}}}