{"platform": {"All_Weights": {"Categorical_Variables": {}, "Numerical_Variables": {"bpf_cpu_time_ms": {"scale": 63999.99999999999}, "bpf_page_cache_hit": {"scale": 1.0}}, "CurveFit_Weights": [770066.0890690039, 0.0001944563654522986, -769976.5622942409]}}}