{"platform": {"All_Weights": {"Categorical_Variables": {}, "Numerical_Variables": {"bpf_cpu_time_ms": {"scale": 880.1749090909091}, "bpf_page_cache_hit": {"scale": 1.0}}, "CurveFit_Weights": [97.69016506222577, 1.0363875271754965, 60.76332511728592]}}}