{"platform": {"All_Weights": {"Categorical_Variables": {}, "Numerical_Variables": {"bpf_cpu_time_ms": {"scale": 62037.146242051866}, "bpf_page_cache_hit": {"scale": 1.0}}, "CurveFit_Weights": [165.03794473742227, 1.0638344115646547, -83.48247648442695]}}}