{"platform": {"All_Weights": {"Categorical_Variables": {}, "Numerical_Variables": {"bpf_cpu_time_ms": {"scale": 35814.22732219464}, "bpf_page_cache_hit": {"scale": 1.0}}, "CurveFit_Weights": [265.83411177694666, 0.36834314360911563, -211.99252279422643]}}}