{"platform": {"All_Weights": {"Categorical_Variables": {}, "Numerical_Variables": {"bpf_cpu_time_ms": {"scale": 64390.04266710471}, "bpf_page_cache_hit": {"scale": 1.0}}, "CurveFit_Weights": [233.09880660211485, 0.8994322095434322, -166.2180261555253]}}}