{"platform": {"All_Weights": {"Categorical_Variables": {}, "Numerical_Variables": {"bpf_cpu_time_ms": {"scale": 3499.877092122082}, "bpf_page_cache_hit": {"scale": 1.0}}, "CurveFit_Weights": [53.80133208697463, 0.8728351835206897, -21.90513652482454]}}}