{"platform": {"All_Weights": {"Categorical_Variables": {}, "Numerical_Variables": {"bpf_cpu_time_ms": {"scale": 54128.5908604564}, "bpf_page_cache_hit": {"scale": 1.0}}, "CurveFit_Weights": [96.4584142219087, 1.3256963664090293, -26.940091050808505]}}}