{"platform": {"All_Weights": {"Categorical_Variables": {}, "Numerical_Variables": {"bpf_cpu_time_ms": {"scale": 6736.230121530199}, "bpf_page_cache_hit": {"scale": 1.0}}, "CurveFit_Weights": [344692.6927319508, 0.0003324449957121378, -344616.38187680364]}}}