{"platform": {"All_Weights": {"Categorical_Variables": {}, "Numerical_Variables": {"bpf_cpu_time_ms": {"scale": 44000.0}, "bpf_page_cache_hit": {"scale": 1.0}}, "CurveFit_Weights": [232.92117733262725, 0.8223241231866211, -164.8421111419086]}}}