{"platform": {"All_Weights": {"Categorical_Variables": {}, "Numerical_Variables": {"bpf_cpu_time_ms": {"scale": 6847.406663063169}, "bpf_page_cache_hit": {"scale": 1.0}}, "CurveFit_Weights": [9.048721059654104, 1.5421381395002667, 7.857854397158253]}}}