{"platform": {"All_Weights": {"Categorical_Variables": {}, "Numerical_Variables": {"bpf_cpu_time_ms": {"scale": 224000.0}, "bpf_page_cache_hit": {"scale": 1.0}}, "CurveFit_Weights": [1026.1027203835831, 0.6653726884853938, -684.9454235927309]}}}