{"platform": {"All_Weights": {"Categorical_Variables": {}, "Numerical_Variables": {"bpf_cpu_time_ms": {"scale": 118367.90322811548}, "bpf_page_cache_hit": {"scale": 1.0}}, "CurveFit_Weights": [283.8548776886884, 1.4385820212576808, -124.83424108188663]}}}