{"platform": {"All_Weights": {"Categorical_Variables": {}, "Numerical_Variables": {"bpf_cpu_time_ms": {"scale": 31199.333047560867}, "bpf_page_cache_hit": {"scale": 1.0}}, "CurveFit_Weights": [869506.481162054, 0.00029033310194891756, -869380.0273290834]}}}