{"platform": {"All_Weights": {"Categorical_Variables": {}, "Numerical_Variables": {"bpf_cpu_time_ms": {"scale": 71847.68616718204}, "bpf_page_cache_hit": {"scale": 1.0}}, "CurveFit_Weights": [559.3013842790415, 0.4025966347463091, -486.80027053128714]}}}