{"platform": {"All_Weights": {"Categorical_Variables": {}, "Numerical_Variables": {"bpf_cpu_time_ms": {"scale": 25731.422248118502}, "bpf_page_cache_hit": {"scale": 1.0}}, "CurveFit_Weights": [6339.963951231339, 0.06798445764613607, -5800.326812356447]}}}