{"platform": {"All_Weights": {"Categorical_Variables": {}, "Numerical_Variables": {"bpf_cpu_time_ms": {"scale": 13998.46312916353}, "bpf_page_cache_hit": {"scale": 1.0}}, "CurveFit_Weights": [29653.004503426208, 0.0009732347625441321, -29577.299445883473]}}}