{"platform": {"All_Weights": {"Categorical_Variables": {}, "Numerical_Variables": {"bpf_cpu_time_ms": {"scale": 60918.94975242429}, "bpf_page_cache_hit": {"scale": 1.0}}, "CurveFit_Weights": [1307.5988748987627, 0.1335673643515776, -1198.5154130086416]}}}