{"platform": {"All_Weights": {"Categorical_Variables": {}, "Numerical_Variables": {"bpf_cpu_time_ms": {"scale": 18700.719474503465}, "bpf_page_cache_hit": {"scale": 1.0}}, "CurveFit_Weights": [1316003.5090377938, 0.0002378082259104556, -1315891.0420230904]}}}