{"platform": {"All_Weights": {"Categorical_Variables": {}, "Numerical_Variables": {"bpf_cpu_time_ms": {"scale": 15931.076042392297}, "bpf_page_cache_hit": {"scale": 1.0}}, "CurveFit_Weights": [31.459743948241055, 2.024751240187725, 37.69270016717618]}}}