{"platform": {"All_Weights": {"Categorical_Variables": {}, "Numerical_Variables": {"bpf_cpu_time_ms": {"scale": 3698.3724897663774}, "bpf_page_cache_hit": {"scale": 1.0}}, "CurveFit_Weights": [132369.48946423794, 0.00036349283404420093, -132313.14766519458]}}}