{"platform": {"All_Weights": {"Categorical_Variables": {}, "Numerical_Variables": {"bpf_cpu_time_ms": {"scale": 4437.266475524475}, "bpf_page_cache_hit": {"scale": 1.0}}, "CurveFit_Weights": [528835.957313281, 0.00030176434998434044, -528261.0081601369]}}}