{"platform": {"All_Weights": {"Categorical_Variables": {}, "Numerical_Variables": {"bpf_cpu_time_ms": {"scale": 112000.0}, "bpf_page_cache_hit": {"scale": 1.0}}, "CurveFit_Weights": [427.70997099880003, 1.0429976848701386, -250.9912473761707]}}}