{"platform": {"All_Weights": {"Categorical_Variables": {}, "Numerical_Variables": {"bpf_cpu_time_ms": {"scale": 1699.2134852756644}, "bpf_page_cache_hit": {"scale": 1.0}}, "CurveFit_Weights": [481021.0802237479, 0.0003287479487999087, -480445.92470886646]}}}