{"platform": {"All_Weights": {"Categorical_Variables": {}, "Numerical_Variables": {"bpf_cpu_time_ms": {"scale": 121806.69444265492}, "bpf_page_cache_hit": {"scale": 1.0}}, "CurveFit_Weights": [1640.3126817818597, 0.295284306313373, -1500.9253920382876]}}}