{"platform": {"All_Weights": {"Categorical_Variables": {}, "Numerical_Variables": {"bpf_cpu_time_ms": {"scale": 56248.72684186223}, "bpf_page_cache_hit": {"scale": 1.0}}, "CurveFit_Weights": [207.01669344162053, 0.8631531532753857, -127.20998560371096]}}}