{"platform": {"All_Weights": {"Categorical_Variables": {}, "Numerical_Variables": {"bpf_cpu_time_ms": {"scale": 23672.35623900929}, "bpf_page_cache_hit": {"scale": 1.0}}, "CurveFit_Weights": [232.84177348787568, 0.42948069206608824, -182.08352521845455]}}}