{"platform": {"All_Weights": {"Categorical_Variables": {}, "Numerical_Variables": {"bpf_cpu_time_ms": {"scale": 46050.9353889413}, "bpf_page_cache_hit": {"scale": 1.0}}, "CurveFit_Weights": [272223.66788774246, 0.00028128291846838446, -272144.94749066496]}}}