{"platform": {"All_Weights": {"Categorical_Variables": {}, "Numerical_Variables": {"bpf_cpu_time_ms": {"scale": 6576.034258559246}, "bpf_page_cache_hit": {"scale": 1.0}}, "CurveFit_Weights": [340421.8323430623, 0.0005135400619239974, -340345.268534604]}}}