{"platform": {"All_Weights": {"Categorical_Variables": {}, "Numerical_Variables": {"bpf_cpu_time_ms": {"scale": 20000.0}, "bpf_page_cache_hit": {"scale": 1.0}}, "CurveFit_Weights": [112.34848930580655, 0.887080444848552, -55.676236490403824]}}}