{"platform": {"All_Weights": {"Categorical_Variables": {}, "Numerical_Variables": {"bpf_cpu_time_ms": {"scale": 7999.999999999999}, "bpf_page_cache_hit": {"scale": 1.0}}, "CurveFit_Weights": [-46.23458979713397, -1.8519946197436665, 116.7896501008907]}}}