{"platform": {"All_Weights": {"Categorical_Variables": {}, "Numerical_Variables": {"bpf_cpu_time_ms": {"scale": 7999.999999999999}, "bpf_page_cache_hit": {"scale": 1.0}}, "CurveFit_Weights": [302112.7227291092, 0.00024456822612922236, -301883.47759127564]}}}