{"platform": {"All_Weights": {"Categorical_Variables": {}, "Numerical_Variables": {"bpf_cpu_time_ms": {"scale": 69740.60815531621}, "bpf_page_cache_hit": {"scale": 1.0}}, "CurveFit_Weights": [331.60123976434835, 0.7648328987574974, -259.27929338079815]}}}