{"platform": {"All_Weights": {"Categorical_Variables": {}, "Numerical_Variables": {"bpf_cpu_time_ms": {"scale": 375646.0951742331}, "bpf_page_cache_hit": {"scale": 1.0}}, "CurveFit_Weights": [1064455.9726987262, 0.000485430746550826, -1064290.6264439758]}}}