{"platform": {"All_Weights": {"Categorical_Variables": {}, "Numerical_Variables": {"bpf_cpu_time_ms": {"scale": 5140.558426406277}, "bpf_page_cache_hit": {"scale": 1.0}}, "CurveFit_Weights": [115.70506060982527, 0.39435711362818276, -101.62182158289811]}}}