{"platform": {"All_Weights": {"Categorical_Variables": {}, "Numerical_Variables": {"bpf_cpu_time_ms": {"scale": 14876.51366588698}, "bpf_page_cache_hit": {"scale": 1.0}}, "CurveFit_Weights": [37.9512288957539, 0.9034172849659611, 27.107058770395724]}}}