{"platform": {"All_Weights": {"Categorical_Variables": {}, "Numerical_Variables": {"bpf_cpu_time_ms": {"scale": 4000.0}, "bpf_page_cache_hit": {"scale": 1.0}}, "CurveFit_Weights": [134732.73751736907, 0.0004907093323519143, -134668.6157145903]}}}