{"platform": {"All_Weights": {"Categorical_Variables": {}, "Numerical_Variables": {"bpf_cpu_time_ms": {"scale": 192000.0}, "bpf_page_cache_hit": {"scale": 1.0}}, "CurveFit_Weights": [727151.136383424, 0.0007243279642652894, -726982.27239182]}}}