{"platform": {"All_Weights": {"Categorical_Variables": {}, "Numerical_Variables": {"bpf_cpu_time_ms": {"scale": 88027.16113554429}, "bpf_page_cache_hit": {"scale": 1.0}}, "CurveFit_Weights": [485971.0142153733, 0.00031438156788539645, -485889.71361931134]}}}