{"platform": {"All_Weights": {"Categorical_Variables": {}, "Numerical_Variables": {"bpf_cpu_time_ms": {"scale": 72000.0}, "bpf_page_cache_hit": {"scale": 1.0}}, "CurveFit_Weights": [647049.8823328322, 0.0006100337290905952, -646815.1383699547]}}}