{"platform": {"All_Weights": {"Categorical_Variables": {}, "Numerical_Variables": {"bpf_cpu_time_ms": {"scale": 2510.0875734791525}, "bpf_page_cache_hit": {"scale": 1.0}}, "CurveFit_Weights": [1240156.9454151455, 0.00027381158330439746, -1239619.9757754407]}}}