{"platform": {"All_Weights": {"Categorical_Variables": {}, "Numerical_Variables": {"bpf_cpu_time_us": {"scale": 128000000.0}, "bpf_page_cache_hit": {"scale": 1.0}}, "CurveFit_Weights": [633401.9868518033, 0.0005635223403980216, -633273.7552633522]}}}