{"platform": {"All_Weights": {"Categorical_Variables": {}, "Numerical_Variables": {"bpf_cpu_time_ms": {"scale": 56000.0}, "bpf_page_cache_hit": {"scale": 1.0}}, "CurveFit_Weights": [259.66650717217925, 0.8127917733166279, -173.38073093237907]}}}