{"platform": {"All_Weights": {"Categorical_Variables": {}, "Numerical_Variables": {"bpf_cpu_time_us": {"scale": 12000000.0}, "bpf_page_cache_hit": {"scale": 1.0}}, "CurveFit_Weights": [-90.92592592592594, -454.79184334299214, 224.92592592592592]}}}