{"platform": {"All_Weights": {"Categorical_Variables": {}, "Numerical_Variables": {"bpf_cpu_time_ms": {"scale": 377176.0954705064}, "bpf_page_cache_hit": {"scale": 1.0}}, "CurveFit_Weights": [969627.879016005, 0.0005238017621130299, -969476.1149174519]}}}