{"platform": {"All_Weights": {"Categorical_Variables": {}, "Numerical_Variables": {"bpf_cpu_time_ms": {"scale": 128000.0}, "bpf_page_cache_hit": {"scale": 1.0}}, "CurveFit_Weights": [1201249.4382312351, 0.00023002029219235156, -1201116.8981036595]}}}