{"platform": {"All_Weights": {"Categorical_Variables": {}, "Numerical_Variables": {"bpf_cpu_time_us": {"scale": 4000000.0}, "bpf_page_cache_hit": {"scale": 1.0}}, "CurveFit_Weights": [-50.12500000090705, -307.2953625490471, 228.12499999980713]}}}