{"platform": {"All_Weights": {"Categorical_Variables": {}, "Numerical_Variables": {"bpf_cpu_time_ms": {"scale": 131946.5742994043}, "bpf_page_cache_hit": {"scale": 1.0}}, "CurveFit_Weights": [728.7851572680144, 0.722117260021075, -595.357911061576]}}}