{"platform": {"All_Weights": {"Categorical_Variables": {}, "Numerical_Variables": {"bpf_cpu_time_ms": {"scale": 3904.324074254532}, "bpf_page_cache_hit": {"scale": 1.0}}, "CurveFit_Weights": [30.889021996904553, 0.7574758950016024, 5.283607696729355]}}}