{"platform": {"All_Weights": {"Categorical_Variables": {}, "Numerical_Variables": {"bpf_cpu_time_ms": {"scale": 2000.0}, "bpf_page_cache_hit": {"scale": 1.0}}, "CurveFit_Weights": [158481.69791028183, 0.0002173438204092575, -158454.85230999268]}}}