{"platform": {"All_Weights": {"Categorical_Variables": {}, "Numerical_Variables": {"bpf_cpu_time_ms": {"scale": 142659.4963171837}, "bpf_page_cache_hit": {"scale": 1.0}}, "CurveFit_Weights": [476.6382244101946, 0.7584057998452158, -305.9444840232773]}}}