{"platform": {"All_Weights": {"Categorical_Variables": {}, "Numerical_Variables": {"bpf_cpu_time_ms": {"scale": 9683.905086357803}, "bpf_page_cache_hit": {"scale": 1.0}}, "CurveFit_Weights": [336501.67559917574, 0.0003323840935906756, -336424.0647885405]}}}