{"platform": {"All_Weights": {"Categorical_Variables": {}, "Numerical_Variables": {"bpf_cpu_time_ms": {"scale": 366165.1097317527}, "bpf_page_cache_hit": {"scale": 1.0}}, "CurveFit_Weights": [639757.2931843286, 0.00089558221316272, -639574.1226391505]}}}