{"platform": {"All_Weights": {"Categorical_Variables": {}, "Numerical_Variables": {"bpf_cpu_time_ms": {"scale": 86152.81176482502}, "bpf_page_cache_hit": {"scale": 1.0}}, "CurveFit_Weights": [711601.5102020414, 0.00020808697512656778, -711504.7175743667]}}}