{"platform": {"All_Weights": {"Categorical_Variables": {}, "Numerical_Variables": {"bpf_cpu_time_ms": {"scale": 14992.425395894428}, "bpf_page_cache_hit": {"scale": 1.0}}, "CurveFit_Weights": [-75.75000000200329, -422.405630295591, 346.749999999586]}}}