{"platform": {"All_Weights": {"Categorical_Variables": {}, "Numerical_Variables": {"bpf_cpu_time_ms": {"scale": 95382.02941206252}, "bpf_page_cache_hit": {"scale": 1.0}}, "CurveFit_Weights": [1959.7275178569935, 0.19876575118674658, -1855.428375744164]}}}