{"platform": {"All_Weights": {"Categorical_Variables": {}, "Numerical_Variables": {"bpf_cpu_time_ms": {"scale": 3097.7946818181817}, "bpf_page_cache_hit": {"scale": 1.0}}, "CurveFit_Weights": [-84.25000000324158, -424.3019560829869, 248.25000000074758]}}}