{"platform": {"All_Weights": {"Categorical_Variables": {}, "Numerical_Variables": {"bpf_cpu_time_ms": {"scale": 112000.0}, "bpf_page_cache_hit": {"scale": 1.0}}, "CurveFit_Weights": [609.7913766480522, 0.546085730145372, -372.07223216355743]}}}