{"platform": {"All_Weights": {"Categorical_Variables": {}, "Numerical_Variables": {"bpf_cpu_time_ms": {"scale": 51027.93707155226}, "bpf_page_cache_hit": {"scale": 1.0}}, "CurveFit_Weights": [751.9116365200894, 0.24324903202526127, -690.6928137716545]}}}