{"platform": {"All_Weights": {"Categorical_Variables": {}, "Numerical_Variables": {"bpf_cpu_time_ms": {"scale": 548.6606698564593}, "bpf_page_cache_hit": {"scale": 1.0}}, "CurveFit_Weights": [75.08766567649235, 1.247020897488721, 148.76324951284852]}}}