{"platform": {"All_Weights": {"Categorical_Variables": {}, "Numerical_Variables": {"bpf_cpu_time_ms": {"scale": 76780.00882819411}, "bpf_page_cache_hit": {"scale": 1.0}}, "CurveFit_Weights": [542028.2517722147, 0.00030784363577797625, -541945.1792445674]}}}