{"platform": {"All_Weights": {"Categorical_Variables": {}, "Numerical_Variables": {"bpf_cpu_time_ms": {"scale": 15999.999999999998}, "bpf_page_cache_hit": {"scale": 1.0}}, "CurveFit_Weights": [47.023219016783656, 1.0276073516455095, 7.948181722918438]}}}