{"platform": {"All_Weights": {"Categorical_Variables": {}, "Numerical_Variables": {"bpf_cpu_time_ms": {"scale": 20000.0}, "bpf_page_cache_hit": {"scale": 1.0}}, "CurveFit_Weights": [353623.0837631714, 0.00031345759951062127, -353558.8524582799]}}}