{"platform": {"All_Weights": {"Categorical_Variables": {}, "Numerical_Variables": {"bpf_cpu_time_ms": {"scale": 240000.0}, "bpf_page_cache_hit": {"scale": 1.0}}, "CurveFit_Weights": [497.97860603471025, 1.4425536055297954, 2.337201817331419]}}}