{"platform": {"All_Weights": {"Categorical_Variables": {}, "Numerical_Variables": {"bpf_cpu_time_us": {"scale": 2000000.0}, "bpf_page_cache_hit": {"scale": 1.0}}, "CurveFit_Weights": [-137.46122270346703, -0.25594612828847807, 223.3390960401697]}}}