{"platform": {"All_Weights": {"Categorical_Variables": {}, "Numerical_Variables": {"bpf_cpu_time_ms": {"scale": 248616.7104288696}, "bpf_page_cache_hit": {"scale": 1.0}}, "CurveFit_Weights": [72.68003619100843, 1.7273231208405193, 90.49670860406515]}}}