{"platform": {"All_Weights": {"Categorical_Variables": {}, "Numerical_Variables": {"bpf_cpu_time_ms": {"scale": 23718.934901256616}, "bpf_page_cache_hit": {"scale": 1.0}}, "CurveFit_Weights": [137.78711608529707, 0.679716530050912, -74.15563979158735]}}}