{"platform": {"All_Weights": {"Categorical_Variables": {}, "Numerical_Variables": {"bpf_cpu_time_ms": {"scale": 179012.21890909094}, "bpf_page_cache_hit": {"scale": 1.0}}, "CurveFit_Weights": [45.81032270396425, 2.0999433780975734, 124.19465688038424]}}}