{"platform": {"All_Weights": {"Categorical_Variables": {}, "Numerical_Variables": {"bpf_cpu_time_ms": {"scale": 63999.99999999999}, "bpf_page_cache_hit": {"scale": 1.0}}, "CurveFit_Weights": [125.43850463252338, 0.7268361819156606, -32.06002595359255]}}}