{"platform": {"All_Weights": {"Categorical_Variables": {}, "Numerical_Variables": {"bpf_cpu_time_ms": {"scale": 130867.3894484954}, "bpf_page_cache_hit": {"scale": 1.0}}, "CurveFit_Weights": [469.6256307600115, 0.981497172674505, -283.91345453838676]}}}