{"platform": {"All_Weights": {"Categorical_Variables": {}, "Numerical_Variables": {"bpf_cpu_time_ms": {"scale": 24000.0}, "bpf_page_cache_hit": {"scale": 1.0}}, "CurveFit_Weights": [-5437.792141952448, -0.0007863311610826797, 5450.548378863915]}}}