{"platform": {"All_Weights": {"Categorical_Variables": {}, "Numerical_Variables": {"bpf_cpu_time_ms": {"scale": 17168.853814174618}, "bpf_page_cache_hit": {"scale": 1.0}}, "CurveFit_Weights": [79.01424894683385, 1.2772849348559516, 9.16541526561441]}}}