{"platform": {"All_Weights": {"Categorical_Variables": {}, "Numerical_Variables": {"bpf_cpu_time_ms": {"scale": 128000.0}, "bpf_page_cache_hit": {"scale": 1.0}}, "CurveFit_Weights": [1102105.981846014, 0.00022397782964729876, -1101919.3065285962]}}}