{"platform": {"All_Weights": {"Categorical_Variables": {}, "Numerical_Variables": {"bpf_cpu_time_ms": {"scale": 333673.5600836616}, "bpf_page_cache_hit": {"scale": 1.0}}, "CurveFit_Weights": [1207463.8119863025, 0.0004974652718975378, -1207285.6242836695]}}}