{"platform": {"All_Weights": {"Categorical_Variables": {}, "Numerical_Variables": {"bpf_cpu_time_ms": {"scale": 62554.10831676641}, "bpf_page_cache_hit": {"scale": 1.0}}, "CurveFit_Weights": [446.92003746757774, 0.2939725487119118, -338.31614528393163]}}}