{"platform": {"All_Weights": {"Categorical_Variables": {}, "Numerical_Variables": {"bpf_cpu_time_ms": {"scale": 133174.27082704377}, "bpf_page_cache_hit": {"scale": 1.0}}, "CurveFit_Weights": [279.89264432350654, 1.2778105625868819, -108.31882013501436]}}}