{"platform": {"All_Weights": {"Categorical_Variables": {}, "Numerical_Variables": {"bpf_cpu_time_us": {"scale": 20000000.0}, "bpf_page_cache_hit": {"scale": 1.0}}, "CurveFit_Weights": [116.62436638672065, 0.8781233625089623, -70.09220792742548]}}}