{"platform": {"All_Weights": {"Categorical_Variables": {}, "Numerical_Variables": {"bpf_cpu_time_ms": {"scale": 1352.2702909090908}, "bpf_page_cache_hit": {"scale": 1.0}}, "CurveFit_Weights": [-390.8286086645867, -0.18381203124825313, 495.20295118667514]}}}