{"platform": {"All_Weights": {"Categorical_Variables": {}, "Numerical_Variables": {"bpf_cpu_time_ms": {"scale": 60255.11204245108}, "bpf_page_cache_hit": {"scale": 1.0}}, "CurveFit_Weights": [2119998.6415150487, 0.0002510770154714946, -2119756.974124619]}}}