{"platform": {"All_Weights": {"Categorical_Variables": {}, "Numerical_Variables": {"bpf_cpu_time_ms": {"scale": 879015.6020753974}, "bpf_page_cache_hit": {"scale": 1.0}}, "CurveFit_Weights": [653.2168510887452, 1.6491776389354353, 663.220119469945]}}}