{"platform": {"All_Weights": {"Categorical_Variables": {}, "Numerical_Variables": {"bpf_cpu_time_ms": {"scale": 6000.0}, "bpf_page_cache_hit": {"scale": 1.0}}, "CurveFit_Weights": [162837.6720123702, 0.00021620229879367085, -162800.58537109647]}}}