{"platform": {"All_Weights": {"Categorical_Variables": {}, "Numerical_Variables": {"bpf_cpu_time_ms": {"scale": 9139.21516131371}, "bpf_page_cache_hit": {"scale": 1.0}}, "CurveFit_Weights": [230645.17811687844, 0.0007199592489296359, -230567.21857825477]}}}