{"platform": {"All_Weights": {"Categorical_Variables": {}, "Numerical_Variables": {"bpf_cpu_time_ms": {"scale": 17450.662058304337}, "bpf_page_cache_hit": {"scale": 1.0}}, "CurveFit_Weights": [54.275985281903864, 1.2964461324038563, 9.127886819451344]}}}