{"platform": {"All_Weights": {"Categorical_Variables": {}, "Numerical_Variables": {"bpf_cpu_time_ms": {"scale": 5411.437750155175}, "bpf_page_cache_hit": {"scale": 1.0}}, "CurveFit_Weights": [71.3386335763634, 0.4168321064761025, -54.84842050003134]}}}