{"platform": {"All_Weights": {"Categorical_Variables": {}, "Numerical_Variables": {"bpf_cpu_time_us": {"scale": 56000000.0}, "bpf_page_cache_hit": {"scale": 1.0}}, "CurveFit_Weights": [399.40890737791426, 0.6525019106832586, -329.01741636422673]}}}