{"platform": {"All_Weights": {"Categorical_Variables": {}, "Numerical_Variables": {"bpf_cpu_time_ms": {"scale": 56000.0}, "bpf_page_cache_hit": {"scale": 1.0}}, "CurveFit_Weights": [126.33253568863068, 1.2529112077600977, -42.43944375457548]}}}