{"platform": {"All_Weights": {"Categorical_Variables": {}, "Numerical_Variables": {"bpf_cpu_time_ms": {"scale": 7830.336671472549}, "bpf_page_cache_hit": {"scale": 1.0}}, "CurveFit_Weights": [-70.08823529634401, -445.3363173181573, 302.5882352934367]}}}