{"platform": {"All_Weights": {"Categorical_Variables": {}, "Numerical_Variables": {"bpf_cpu_time_ms": {"scale": 40000.0}, "bpf_page_cache_hit": {"scale": 1.0}}, "CurveFit_Weights": [460.84495542462747, 0.6423738220333155, -34.83692022211733]}}}