{"platform": {"All_Weights": {"Categorical_Variables": {}, "Numerical_Variables": {"bpf_cpu_time_ms": {"scale": 9260.773529492924}, "bpf_page_cache_hit": {"scale": 1.0}}, "CurveFit_Weights": [726.3831190921043, 0.19345210274345323, -629.8785012802779]}}}