{"platform": {"All_Weights": {"Categorical_Variables": {}, "Numerical_Variables": {"bpf_cpu_time_ms": {"scale": 62220.12205709674}, "bpf_page_cache_hit": {"scale": 1.0}}, "CurveFit_Weights": [201.8602794924459, 0.9584626814780196, -110.26030410500434]}}}