{"platform": {"All_Weights": {"Categorical_Variables": {}, "Numerical_Variables": {"bpf_cpu_time_ms": {"scale": 37910.511148721685}, "bpf_page_cache_hit": {"scale": 1.0}}, "CurveFit_Weights": [371.7100635768638, 0.4557717932306418, -287.63071838647085]}}}