{"platform": {"All_Weights": {"Categorical_Variables": {}, "Numerical_Variables": {"bpf_cpu_time_ms": {"scale": 19577.971491921595}, "bpf_page_cache_hit": {"scale": 1.0}}, "CurveFit_Weights": [85.93537653982217, 1.247283816062475, -26.79912506382339]}}}