{"platform": {"All_Weights": {"Categorical_Variables": {}, "Numerical_Variables": {"bpf_cpu_time_ms": {"scale": 3199.300811410386}, "bpf_page_cache_hit": {"scale": 1.0}}, "CurveFit_Weights": [43.742170828690256, 1.0877964692045075, -8.833508489215403]}}}