{"platform": {"All_Weights": {"Categorical_Variables": {}, "Numerical_Variables": {"bpf_cpu_time_ms": {"scale": 6034.980353707725}, "bpf_page_cache_hit": {"scale": 1.0}}, "CurveFit_Weights": [-76.12500000100906, -425.10357870974707, 249.12499999971087]}}}