{"platform": {"All_Weights": {"Categorical_Variables": {}, "Numerical_Variables": {"bpf_cpu_time_ms": {"scale": 20000.0}, "bpf_page_cache_hit": {"scale": 1.0}}, "CurveFit_Weights": [133.70541595965898, 0.6996949575513335, -70.09265060650986]}}}