{"platform": {"All_Weights": {"Categorical_Variables": {}, "Numerical_Variables": {"bpf_cpu_time_ms": {"scale": 106886.0491330044}, "bpf_page_cache_hit": {"scale": 1.0}}, "CurveFit_Weights": [107.45318606132332, 1.630704222994265, 54.009090246222755]}}}