{"platform": {"All_Weights": {"Categorical_Variables": {}, "Numerical_Variables": {"bpf_cpu_time_us": {"scale": 112000000.0}, "bpf_page_cache_hit": {"scale": 1.0}}, "CurveFit_Weights": [605.2161713368782, 0.6369286569208047, -436.18293815802525]}}}