{"platform": {"All_Weights": {"Categorical_Variables": {}, "Numerical_Variables": {"bpf_cpu_time_ms": {"scale": 139729.2362111971}, "bpf_page_cache_hit": {"scale": 1.0}}, "CurveFit_Weights": [436.41503000193336, 0.7933478061922734, -271.45394868827316]}}}