{"platform": {"All_Weights": {"Categorical_Variables": {}, "Numerical_Variables": {"bpf_cpu_time_ms": {"scale": 8000.0}, "bpf_page_cache_hit": {"scale": 1.0}}, "CurveFit_Weights": [318661.789587808, 0.0003164436409563768, -318585.1462708701]}}}