{"platform": {"All_Weights": {"Categorical_Variables": {}, "Numerical_Variables": {"bpf_cpu_time_ms": {"scale": 44870.63732885999}, "bpf_page_cache_hit": {"scale": 1.0}}, "CurveFit_Weights": [451829.88929291844, 0.0006165184893775508, -451732.3323282012]}}}