{"platform": {"All_Weights": {"Categorical_Variables": {}, "Numerical_Variables": {"bpf_cpu_time_ms": {"scale": 165957.34339612455}, "bpf_page_cache_hit": {"scale": 1.0}}, "CurveFit_Weights": [1182145.2276337454, 0.0003005161599072429, -1182019.2766536411]}}}