{"platform": {"All_Weights": {"Categorical_Variables": {}, "Numerical_Variables": {"bpf_cpu_time_ms": {"scale": 92300.0070880573}, "bpf_page_cache_hit": {"scale": 1.0}}, "CurveFit_Weights": [381.4304830521189, 0.33502879676834085, -313.16293125473305]}}}