{"platform": {"All_Weights": {"Categorical_Variables": {}, "Numerical_Variables": {"bpf_cpu_time_ms": {"scale": 72000.0}, "bpf_page_cache_hit": {"scale": 1.0}}, "CurveFit_Weights": [89.74479522010007, 1.6666239725794079, 70.84574573555878]}}}