{"platform": {"All_Weights": {"Categorical_Variables": {}, "Numerical_Variables": {"bpf_cpu_time_ms": {"scale": 5844.0770505581}, "bpf_page_cache_hit": {"scale": 1.0}}, "CurveFit_Weights": [17.324999969200316, 1.315993455774294, 0.9949984588389202]}}}