{"platform": {"All_Weights": {"Categorical_Variables": {}, "Numerical_Variables": {"bpf_cpu_time_ms": {"scale": 112000.0}, "bpf_page_cache_hit": {"scale": 1.0}}, "CurveFit_Weights": [513.4653116776858, 0.7225666119005079, -348.80649191456394]}}}