{"platform": {"All_Weights": {"Categorical_Variables": {}, "Numerical_Variables": {"bpf_cpu_time_ms": {"scale": 10114.699618257488}, "bpf_page_cache_hit": {"scale": 1.0}}, "CurveFit_Weights": [499504.3695711542, 0.00022984298626999708, 157.48464742672968]}}}