{"platform": {"All_Weights": {"Categorical_Variables": {}, "Numerical_Variables": {"bpf_cpu_time_ms": {"scale": 87305.55939960781}, "bpf_page_cache_hit": {"scale": 1.0}}, "CurveFit_Weights": [2128688.444538838, 0.00020883556527393773, 132.94777917880515]}}}