{"platform": {"All_Weights": {"Categorical_Variables": {}, "Numerical_Variables": {"bpf_cpu_time_ms": {"scale": 121806.69444265492}, "bpf_page_cache_hit": {"scale": 1.0}}, "CurveFit_Weights": [978984.7184653694, 0.0005435793459115532, 145.62374838382664]}}}