{"platform": {"All_Weights": {"Categorical_Variables": {}, "Numerical_Variables": {"bpf_cpu_time_ms": {"scale": 138157.4426289267}, "bpf_page_cache_hit": {"scale": 1.0}}, "CurveFit_Weights": [4290764.303895589, 0.00018393883332059376, 122.25493082819813]}}}