{"platform": {"All_Weights": {"Categorical_Variables": {}, "Numerical_Variables": {"bpf_cpu_time_ms": {"scale": 69329.2902154432}, "bpf_page_cache_hit": {"scale": 1.0}}, "CurveFit_Weights": [2331916.844959093, 0.00016280434081225137, 66.92447928606214]}}}