{"platform": {"All_Weights": {"Categorical_Variables": {}, "Numerical_Variables": {"bpf_cpu_time_ms": {"scale": 12287.380895322896}, "bpf_page_cache_hit": {"scale": 1.0}}, "CurveFit_Weights": [494265.4901613062, 0.0003432018920504529, 72.46235061200728]}}}