{"platform": {"All_Weights": {"Categorical_Variables": {}, "Numerical_Variables": {"bpf_cpu_time_ms": {"scale": 333673.5600836616}, "bpf_page_cache_hit": {"scale": 1.0}}, "CurveFit_Weights": [2691.210684744167, 0.24423514636004967, 171.00305780703007]}}}