{"platform": {"All_Weights": {"Categorical_Variables": {}, "Numerical_Variables": {"bpf_cpu_time_ms": {"scale": 62037.146242051866}, "bpf_page_cache_hit": {"scale": 1.0}}, "CurveFit_Weights": [1155851.131508331, 0.0002623593287473652, 61.80063350203591]}}}