{"platform": {"All_Weights": {"Categorical_Variables": {}, "Numerical_Variables": {"bpf_cpu_time_ms": {"scale": 25731.422248118502}, "bpf_page_cache_hit": {"scale": 1.0}}, "CurveFit_Weights": [261568.84842836336, 0.0016694545379842389, 544.9074467955838]}}}