{"platform": {"All_Weights": {"Categorical_Variables": {}, "Numerical_Variables": {"bpf_cpu_time_ms": {"scale": 27442.775647418955}, "bpf_page_cache_hit": {"scale": 1.0}}, "CurveFit_Weights": [43.48463731321827, 3.4694186783928247, 68.9853460133102]}}}