{"platform": {"All_Weights": {"Categorical_Variables": {}, "Numerical_Variables": {"bpf_cpu_time_ms": {"scale": 62113.59439564508}, "bpf_page_cache_hit": {"scale": 1.0}}, "CurveFit_Weights": [966375.4249354007, 0.0002450841994308977, 89.52996767173973]}}}