{"platform": {"All_Weights": {"Categorical_Variables": {}, "Numerical_Variables": {"bpf_cpu_time_ms": {"scale": 961.21670348286}, "bpf_page_cache_hit": {"scale": 1.0}}, "CurveFit_Weights": [317.7740813589457, 1.9398409002882295, 505.6939808819132]}}}