{"platform": {"All_Weights": {"Categorical_Variables": {}, "Numerical_Variables": {"bpf_cpu_time_ms": {"scale": 71007.70978118155}, "bpf_page_cache_hit": {"scale": 1.0}}, "CurveFit_Weights": [348.83906140127635, 0.44903615379983286, 80.28353337185249]}}}