{"platform": {"All_Weights": {"Categorical_Variables": {}, "Numerical_Variables": {"bpf_cpu_time_ms": {"scale": 46050.9353889413}, "bpf_page_cache_hit": {"scale": 1.0}}, "CurveFit_Weights": [79.34589398050927, 1.6210638275553744, 73.39683210587792]}}}