{"platform": {"All_Weights": {"Categorical_Variables": {}, "Numerical_Variables": {"bpf_cpu_time_ms": {"scale": 101439.72293959543}, "bpf_page_cache_hit": {"scale": 1.0}}, "CurveFit_Weights": [2235237.694408417, 0.0002749570137578057, 140.10588944878]}}}