{"platform": {"All_Weights": {"Categorical_Variables": {}, "Numerical_Variables": {"bpf_cpu_time_ms": {"scale": 7519.881128657864}, "bpf_page_cache_hit": {"scale": 1.0}}, "CurveFit_Weights": [293586.57686066156, 0.00028193153556205095, 168.6913091421687]}}}