{"platform": {"All_Weights": {"Categorical_Variables": {}, "Numerical_Variables": {"bpf_cpu_time_ms": {"scale": 24848.028676254668}, "bpf_page_cache_hit": {"scale": 1.0}}, "CurveFit_Weights": [770.1157946694749, 0.5570386034466909, 170.3392617145308]}}}