{"platform": {"All_Weights": {"Categorical_Variables": {}, "Numerical_Variables": {"bpf_cpu_time_ms": {"scale": 16692.95998397874}, "bpf_page_cache_hit": {"scale": 1.0}}, "CurveFit_Weights": [852047.3225206072, 0.000231673115272168, 48.30681364837824]}}}