{"platform": {"All_Weights": {"Categorical_Variables": {}, "Numerical_Variables": {"bpf_cpu_time_ms": {"scale": 76780.00882819411}, "bpf_page_cache_hit": {"scale": 1.0}}, "CurveFit_Weights": [89.59721056284165, 4.768435660148983, 68.47593820263421]}}}