{"platform": {"All_Weights": {"Categorical_Variables": {}, "Numerical_Variables": {"bpf_cpu_time_ms": {"scale": 33283.88694561109}, "bpf_page_cache_hit": {"scale": 1.0}}, "CurveFit_Weights": [708743.3378150349, 0.00025441051312200306, 37.20150964620074]}}}