{"platform": {"All_Weights": {"Categorical_Variables": {}, "Numerical_Variables": {"bpf_cpu_time_ms": {"scale": 46581.14988928136}, "bpf_page_cache_hit": {"scale": 1.0}}, "CurveFit_Weights": [1273.856609754031, 0.329560293522758, 181.5090461516404]}}}