{"platform": {"All_Weights": {"Categorical_Variables": {}, "Numerical_Variables": {"bpf_cpu_time_ms": {"scale": 73878.47726670367}, "bpf_page_cache_hit": {"scale": 1.0}}, "CurveFit_Weights": [676014.7662523789, 0.0006133334658976231, 116.08099299136956]}}}