{"platform": {"All_Weights": {"Categorical_Variables": {}, "Numerical_Variables": {"bpf_cpu_time_ms": {"scale": 1477.1509578837436}, "bpf_page_cache_hit": {"scale": 1.0}}, "CurveFit_Weights": [774584.8866115791, 0.00021097366710908912, 149.44894602979002]}}}