{"platform": {"All_Weights": {"Categorical_Variables": {}, "Numerical_Variables": {"bpf_cpu_time_ms": {"scale": 4000.0}, "bpf_page_cache_hit": {"scale": 1.0}}, "CurveFit_Weights": [314743.3615266911, 0.00033885002186575576, 185.3263639235504]}}}