{"platform": {"All_Weights": {"Categorical_Variables": {}, "Numerical_Variables": {"bpf_cpu_time_ms": {"scale": 206202.82993888325}, "bpf_page_cache_hit": {"scale": 1.0}}, "CurveFit_Weights": [6747997.29847894, 0.00022374286361215632, 587.6887980199928]}}}