{"platform": {"All_Weights": {"Categorical_Variables": {}, "Numerical_Variables": {"bpf_cpu_time_ms": {"scale": 152148.69738520947}, "bpf_page_cache_hit": {"scale": 1.0}}, "CurveFit_Weights": [696658.2129079466, 0.0005113414607308031, 130.3916197320358]}}}