{"platform": {"All_Weights": {"Categorical_Variables": {}, "Numerical_Variables": {"bpf_cpu_time_ms": {"scale": 224000.0}, "bpf_page_cache_hit": {"scale": 1.0}}, "CurveFit_Weights": [3089231.9482331127, 0.0002252153481636536, 130.8876922542378]}}}