{"platform": {"All_Weights": {"Categorical_Variables": {}, "Numerical_Variables": {"bpf_cpu_time_ms": {"scale": 17153.09866238233}, "bpf_page_cache_hit": {"scale": 1.0}}, "CurveFit_Weights": [773411.8471548569, 0.00025033395992936786, 32.97152669993687]}}}