{"platform": {"All_Weights": {"Categorical_Variables": {}, "Numerical_Variables": {"bpf_cpu_time_ms": {"scale": 473228.5496999834}, "bpf_page_cache_hit": {"scale": 1.0}}, "CurveFit_Weights": [6357699.096430242, 0.00020982816354621627, 388.0541288337978]}}}