{"platform": {"All_Weights": {"Categorical_Variables": {}, "Numerical_Variables": {"bpf_cpu_time_ms": {"scale": 16010.358429816162}, "bpf_page_cache_hit": {"scale": 1.0}}, "CurveFit_Weights": [1172417.5483092202, 0.00018926577316365158, 68.24778556444265]}}}