{"platform": {"All_Weights": {"Categorical_Variables": {}, "Numerical_Variables": {"bpf_cpu_time_ms": {"scale": 171729.662244694}, "bpf_page_cache_hit": {"scale": 1.0}}, "CurveFit_Weights": [214.8710300904732, 2.763942106250704, 116.94078523611151]}}}