{"platform": {"All_Weights": {"Categorical_Variables": {}, "Numerical_Variables": {"bpf_cpu_time_ms": {"scale": 59061.47370837033}, "bpf_page_cache_hit": {"scale": 1.0}}, "CurveFit_Weights": [334.46997659116096, 0.6863691802679154, 89.51373743191142]}}}