{"platform": {"All_Weights": {"Categorical_Variables": {}, "Numerical_Variables": {"bpf_cpu_time_ms": {"scale": 33342.033691312026}, "bpf_page_cache_hit": {"scale": 1.0}}, "CurveFit_Weights": [891243.2415967106, 0.00026022864612511927, 110.73236736250986]}}}