{"platform": {"All_Weights": {"Categorical_Variables": {}, "Numerical_Variables": {"bpf_cpu_time_ms": {"scale": 42069.225518943385}, "bpf_page_cache_hit": {"scale": 1.0}}, "CurveFit_Weights": [1212386.952809417, 0.00017769002119164028, 54.866302116195094]}}}