{"platform": {"All_Weights": {"Categorical_Variables": {}, "Numerical_Variables": {"bpf_cpu_time_ms": {"scale": 29156.839581512097}, "bpf_page_cache_hit": {"scale": 1.0}}, "CurveFit_Weights": [1450436.9627457755, 0.00019882322838784094, 91.90217727116585]}}}