{"platform": {"All_Weights": {"Categorical_Variables": {}, "Numerical_Variables": {"bpf_cpu_time_ms": {"scale": 16000.0}, "bpf_page_cache_hit": {"scale": 1.0}}, "CurveFit_Weights": [323.56929746209124, 0.4439939446547725, 268.3312421820569]}}}