{"platform": {"All_Weights": {"Categorical_Variables": {}, "Numerical_Variables": {"bpf_cpu_time_ms": {"scale": 6537.554729526322}, "bpf_page_cache_hit": {"scale": 1.0}}, "CurveFit_Weights": [953.1987956714682, 0.1554674457524871, 80.67159260636666]}}}