{"platform": {"All_Weights": {"Categorical_Variables": {}, "Numerical_Variables": {"bpf_cpu_time_ms": {"scale": 40825.47251147187}, "bpf_page_cache_hit": {"scale": 1.0}}, "CurveFit_Weights": [345675.5340230829, 0.0005715110944372029, 61.49541736442143]}}}