{"platform": {"All_Weights": {"Categorical_Variables": {}, "Numerical_Variables": {"bpf_cpu_time_ms": {"scale": 76905.28667816507}, "bpf_page_cache_hit": {"scale": 1.0}}, "CurveFit_Weights": [3217.0317565040273, 0.056507330669637645, 68.79705405928073]}}}