{"platform": {"All_Weights": {"Categorical_Variables": {}, "Numerical_Variables": {"bpf_cpu_time_ms": {"scale": 5205.89267331144}, "bpf_page_cache_hit": {"scale": 1.0}}, "CurveFit_Weights": [176719.42218808248, 0.00022998635988732128, 16.242629923323776]}}}