{"platform": {"All_Weights": {"Categorical_Variables": {}, "Numerical_Variables": {"bpf_cpu_time_ms": {"scale": 5021.748377823349}, "bpf_page_cache_hit": {"scale": 1.0}}, "CurveFit_Weights": [155824.11201957142, 0.0002579648786312398, 9.698303748691844]}}}