{"platform": {"All_Weights": {"Categorical_Variables": {}, "Numerical_Variables": {"bpf_cpu_time_ms": {"scale": 26581.429964931}, "bpf_page_cache_hit": {"scale": 1.0}}, "CurveFit_Weights": [559893.8696898835, 0.000302400012087541, 106.05867934902825]}}}