{"platform": {"All_Weights": {"Categorical_Variables": {}, "Numerical_Variables": {"bpf_cpu_time_ms": {"scale": 60645.2834014939}, "bpf_page_cache_hit": {"scale": 1.0}}, "CurveFit_Weights": [639.7297864641844, 1.0012233109746849, 142.56397350598905]}}}