{"platform": {"All_Weights": {"Categorical_Variables": {}, "Numerical_Variables": {"bpf_cpu_time_ms": {"scale": 920.788158877064}, "bpf_page_cache_hit": {"scale": 1.0}}, "CurveFit_Weights": [630896.9254016435, 0.0002948644494603532, 204.15664638645873]}}}