{"platform": {"All_Weights": {"Categorical_Variables": {}, "Numerical_Variables": {"bpf_cpu_time_ms": {"scale": 3698.3724897663774}, "bpf_page_cache_hit": {"scale": 1.0}}, "CurveFit_Weights": [95.71603334123621, 0.6646118448983136, 54.27127356359742]}}}