{"platform": {"All_Weights": {"Categorical_Variables": {}, "Numerical_Variables": {"bpf_cpu_time_ms": {"scale": 1488.939491870707}, "bpf_page_cache_hit": {"scale": 1.0}}, "CurveFit_Weights": [48555.86947872029, 0.0005146691337363826, 21.915779280924063]}}}