{"platform": {"All_Weights": {"Categorical_Variables": {}, "Numerical_Variables": {"bpf_cpu_time_ms": {"scale": 56248.72684186223}, "bpf_page_cache_hit": {"scale": 1.0}}, "CurveFit_Weights": [808116.8911339472, 0.0003417332925213536, 65.2406408520922]}}}