{"platform": {"All_Weights": {"Categorical_Variables": {}, "Numerical_Variables": {"bpf_cpu_time_ms": {"scale": 67010.20117706756}, "bpf_page_cache_hit": {"scale": 1.0}}, "CurveFit_Weights": [1761288.7067929083, 0.00024127504992197416, 119.63360033136404]}}}