{"platform": {"All_Weights": {"Categorical_Variables": {}, "Numerical_Variables": {"bpf_cpu_time_ms": {"scale": 60142.45087411303}, "bpf_page_cache_hit": {"scale": 1.0}}, "CurveFit_Weights": [647249.583563334, 0.0003865771330352331, 69.49968042651372]}}}