{"platform": {"All_Weights": {"Categorical_Variables": {}, "Numerical_Variables": {"bpf_cpu_time_ms": {"scale": 101742.52438402848}, "bpf_page_cache_hit": {"scale": 1.0}}, "CurveFit_Weights": [143429.27498837153, 0.001002182218915032, 80.14448306596708]}}}