{"platform": {"All_Weights": {"Categorical_Variables": {}, "Numerical_Variables": {"bpf_cpu_time_ms": {"scale": 17450.662058304337}, "bpf_page_cache_hit": {"scale": 1.0}}, "CurveFit_Weights": [552216.1266953587, 0.0002609367440917765, 49.32103099392877]}}}