{"platform": {"All_Weights": {"Categorical_Variables": {}, "Numerical_Variables": {"bpf_cpu_time_ms": {"scale": 269655.3516520236}, "bpf_page_cache_hit": {"scale": 1.0}}, "CurveFit_Weights": [3037767.8114685146, 0.0003136891807434286, 306.79853161810223]}}}