{"platform": {"All_Weights": {"Categorical_Variables": {}, "Numerical_Variables": {"bpf_cpu_time_ms": {"scale": 6823.236964041063}, "bpf_page_cache_hit": {"scale": 1.0}}, "CurveFit_Weights": [68.37382621467658, 2.6201251760442226, 98.62986854085531]}}}