{"platform": {"All_Weights": {"Categorical_Variables": {}, "Numerical_Variables": {"bpf_cpu_time_ms": {"scale": 24127.315010142676}, "bpf_page_cache_hit": {"scale": 1.0}}, "CurveFit_Weights": [462429.397135377, 0.000287042379503488, 52.931653596810264]}}}