{"platform": {"All_Weights": {"Categorical_Variables": {}, "Numerical_Variables": {"bpf_cpu_time_ms": {"scale": 31561.296506937862}, "bpf_page_cache_hit": {"scale": 1.0}}, "CurveFit_Weights": [573102.8697038648, 0.000258763971173317, 107.16035739574222]}}}