{"platform": {"All_Weights": {"Categorical_Variables": {}, "Numerical_Variables": {"bpf_cpu_time_ms": {"scale": 2819.757230176628}, "bpf_page_cache_hit": {"scale": 1.0}}, "CurveFit_Weights": [314258.7611586474, 0.00027314214761751596, 26.609664288503517]}}}