{"platform": {"All_Weights": {"Categorical_Variables": {}, "Numerical_Variables": {"bpf_cpu_time_ms": {"scale": 239233.5518432769}, "bpf_page_cache_hit": {"scale": 1.0}}, "CurveFit_Weights": [2251860.253601809, 0.00027768616436882294, 178.41391339345245]}}}