{"platform": {"All_Weights": {"Categorical_Variables": {}, "Numerical_Variables": {"bpf_cpu_time_ms": {"scale": 14876.51366588698}, "bpf_page_cache_hit": {"scale": 1.0}}, "CurveFit_Weights": [227384.75017944005, 0.00024706931965994775, 61.60768864658437]}}}