{"platform": {"All_Weights": {"Categorical_Variables": {}, "Numerical_Variables": {"bpf_cpu_time_ms": {"scale": 103617.1089641578}, "bpf_page_cache_hit": {"scale": 1.0}}, "CurveFit_Weights": [3352931.7845515916, 0.00024001855504956817, 269.36183070886665]}}}