{"platform": {"All_Weights": {"Categorical_Variables": {}, "Numerical_Variables": {"bpf_cpu_time_ms": {"scale": 5140.558426406277}, "bpf_page_cache_hit": {"scale": 1.0}}, "CurveFit_Weights": [226867.26628845534, 0.0002609996056032048, 11.855210167463088]}}}