{"platform": {"All_Weights": {"Categorical_Variables": {}, "Numerical_Variables": {"bpf_cpu_time_ms": {"scale": 22863.91267513408}, "bpf_page_cache_hit": {"scale": 1.0}}, "CurveFit_Weights": [790432.3102804681, 0.00026038194192820466, 95.83958598774494]}}}