{"platform": {"All_Weights": {"Categorical_Variables": {}, "Numerical_Variables": {"bpf_cpu_time_ms": {"scale": 146561.22337618796}, "bpf_page_cache_hit": {"scale": 1.0}}, "CurveFit_Weights": [3943.314375991234, 0.07104852093554988, 86.28868350528438]}}}