{"platform": {"All_Weights": {"Categorical_Variables": {}, "Numerical_Variables": {"bpf_cpu_time_ms": {"scale": 5844.0770505581}, "bpf_page_cache_hit": {"scale": 1.0}}, "CurveFit_Weights": [186269.39567649204, 0.00022833334568919398, 15.446733508071286]}}}