{"platform": {"All_Weights": {"Categorical_Variables": {}, "Numerical_Variables": {"bpf_cpu_time_ms": {"scale": 58806.30364562414}, "bpf_page_cache_hit": {"scale": 1.0}}, "CurveFit_Weights": [646792.1938677445, 0.0003444418535373235, 120.39789585978869]}}}