{"platform": {"All_Weights": {"Categorical_Variables": {}, "Numerical_Variables": {"bpf_cpu_time_ms": {"scale": 9166.483407065574}, "bpf_page_cache_hit": {"scale": 1.0}}, "CurveFit_Weights": [392.8538638816594, 0.34079910297457483, 29.000052236587013]}}}