{"platform": {"All_Weights": {"Categorical_Variables": {}, "Numerical_Variables": {"bpf_cpu_time_ms": {"scale": 6634.090855393506}, "bpf_page_cache_hit": {"scale": 1.0}}, "CurveFit_Weights": [94.20456088362027, 2.086732733367795, 69.2685649626318]}}}