{"platform": {"All_Weights": {"Categorical_Variables": {}, "Numerical_Variables": {"bpf_cpu_time_ms": {"scale": 22225.987518268623}, "bpf_page_cache_hit": {"scale": 1.0}}, "CurveFit_Weights": [618392.9099621857, 0.0003351099475358043, 118.74320196792695]}}}