{"platform": {"All_Weights": {"Categorical_Variables": {}, "Numerical_Variables": {"bpf_cpu_time_ms": {"scale": 375646.0951742331}, "bpf_page_cache_hit": {"scale": 1.0}}, "CurveFit_Weights": [2916.531530726696, 0.19589242122049175, 156.84852501300858]}}}