{"platform": {"All_Weights": {"Categorical_Variables": {}, "Numerical_Variables": {"bpf_cpu_time_ms": {"scale": 164735.09229663186}, "bpf_page_cache_hit": {"scale": 1.0}}, "CurveFit_Weights": [357.993314584022, 1.0435052773928362, 172.16028385751056]}}}