{"platform": {"All_Weights": {"Categorical_Variables": {}, "Numerical_Variables": {"bpf_cpu_time_ms": {"scale": 62818.50860523909}, "bpf_page_cache_hit": {"scale": 1.0}}, "CurveFit_Weights": [532991.9106861067, 0.00030396848841679236, 118.2398640533329]}}}