{"platform": {"All_Weights": {"Categorical_Variables": {}, "Numerical_Variables": {"bpf_cpu_time_ms": {"scale": 6205.38405457129}, "bpf_page_cache_hit": {"scale": 1.0}}, "CurveFit_Weights": [117984.54097477905, 0.0003523634335450349, 14.19244151594124]}}}