{"platform": {"All_Weights": {"Categorical_Variables": {}, "Numerical_Variables": {"bpf_cpu_time_ms": {"scale": 18333.332381335407}, "bpf_page_cache_hit": {"scale": 1.0}}, "CurveFit_Weights": [1213827.6808732124, 0.00027871913617772076, 65.27312472046827]}}}