{"platform": {"All_Weights": {"Categorical_Variables": {}, "Numerical_Variables": {"bpf_cpu_time_ms": {"scale": 1264.397522156386}, "bpf_page_cache_hit": {"scale": 1.0}}, "CurveFit_Weights": [94.46190691403092, 0.44067110497709905, 25.968383457418938]}}}