{"platform": {"All_Weights": {"Categorical_Variables": {}, "Numerical_Variables": {"bpf_cpu_time_ms": {"scale": 1452.112020367595}, "bpf_page_cache_hit": {"scale": 1.0}}, "CurveFit_Weights": [96352.16958650008, 0.0003941469967881368, 25.187052801194127]}}}