{"platform": {"All_Weights": {"Categorical_Variables": {}, "Numerical_Variables": {"bpf_cpu_time_ms": {"scale": 22745.45436134916}, "bpf_page_cache_hit": {"scale": 1.0}}, "CurveFit_Weights": [1169647.5281813387, 0.00025268338077440747, 132.669378904587]}}}