{"platform": {"All_Weights": {"Categorical_Variables": {}, "Numerical_Variables": {"bpf_cpu_time_ms": {"scale": 35814.22732219464}, "bpf_page_cache_hit": {"scale": 1.0}}, "CurveFit_Weights": [323688.4846243146, 0.0003578740808640348, 51.56207228567085]}}}