{"platform": {"All_Weights": {"Categorical_Variables": {}, "Numerical_Variables": {"bpf_cpu_time_ms": {"scale": 15894.21468262942}, "bpf_page_cache_hit": {"scale": 1.0}}, "CurveFit_Weights": [350244.2180509068, 0.0003074010094751266, 63.644176023738304]}}}