{"platform": {"All_Weights": {"Categorical_Variables": {}, "Numerical_Variables": {"bpf_cpu_time_ms": {"scale": 6879.14917040082}, "bpf_page_cache_hit": {"scale": 1.0}}, "CurveFit_Weights": [312203.9335900186, 0.00020902509717389808, 10.924809797597796]}}}