{"platform": {"All_Weights": {"Categorical_Variables": {}, "Numerical_Variables": {"bpf_cpu_time_ms": {"scale": 35517.81498820345}, "bpf_page_cache_hit": {"scale": 1.0}}, "CurveFit_Weights": [852601.0463163509, 0.00022041372401033585, 37.50632558357497]}}}