{"platform": {"All_Weights": {"Categorical_Variables": {}, "Numerical_Variables": {"bpf_cpu_time_ms": {"scale": 64489.710503488335}, "bpf_page_cache_hit": {"scale": 1.0}}, "CurveFit_Weights": [1357747.8675684347, 0.00021704135926930556, 61.41732952531961]}}}