{"platform": {"All_Weights": {"Categorical_Variables": {}, "Numerical_Variables": {"bpf_cpu_time_ms": {"scale": 95667.13807873146}, "bpf_page_cache_hit": {"scale": 1.0}}, "CurveFit_Weights": [1497176.3489340679, 0.00028403905474694806, 226.5759748488291]}}}