{"platform": {"All_Weights": {"Categorical_Variables": {}, "Numerical_Variables": {"bpf_cpu_time_ms": {"scale": 95382.02941206252}, "bpf_page_cache_hit": {"scale": 1.0}}, "CurveFit_Weights": [985480.0267750021, 0.000415529257259837, 114.6458007776488]}}}