{"platform": {"All_Weights": {"Categorical_Variables": {}, "Numerical_Variables": {"bpf_cpu_time_ms": {"scale": 115738.1199096779}, "bpf_page_cache_hit": {"scale": 1.0}}, "CurveFit_Weights": [4363837.790005043, 0.00011345307284405476, 116.26937609224106]}}}