{"platform": {"All_Weights": {"Categorical_Variables": {}, "Numerical_Variables": {"bpf_cpu_time_ms": {"scale": 17741.204902235437}, "bpf_page_cache_hit": {"scale": 1.0}}, "CurveFit_Weights": [556880.3925564153, 0.0002619903297249099, 49.84896093398956]}}}