{"platform": {"All_Weights": {"Categorical_Variables": {}, "Numerical_Variables": {"bpf_cpu_time_ms": {"scale": 28891.571599817034}, "bpf_page_cache_hit": {"scale": 1.0}}, "CurveFit_Weights": [150245.6641202469, 0.0007783507870546814, 54.53985439314871]}}}