{"platform": {"All_Weights": {"Categorical_Variables": {}, "Numerical_Variables": {"bpf_cpu_time_ms": {"scale": 31925.897866027408}, "bpf_page_cache_hit": {"scale": 1.0}}, "CurveFit_Weights": [2109951.3845765726, 0.0001655906463300377, 93.01179422820154]}}}