{"platform": {"All_Weights": {"Categorical_Variables": {}, "Numerical_Variables": {"bpf_cpu_time_ms": {"scale": 4084.7559139337336}, "bpf_page_cache_hit": {"scale": 1.0}}, "CurveFit_Weights": [214570.89275213066, 0.00021598492284526726, 37.4742474081768]}}}