{"platform": {"All_Weights": {"Categorical_Variables": {}, "Numerical_Variables": {"bpf_cpu_time_ms": {"scale": 3199.300811410386}, "bpf_page_cache_hit": {"scale": 1.0}}, "CurveFit_Weights": [259389.40361711135, 0.00033130690907649834, 28.938872923591173]}}}