{"platform": {"All_Weights": {"Categorical_Variables": {}, "Numerical_Variables": {"bpf_cpu_time_ms": {"scale": 2928.472051115019}, "bpf_page_cache_hit": {"scale": 1.0}}, "CurveFit_Weights": [44.02419786009548, 0.10343746661786056, 12.776980907929545]}}}