{"platform": {"All_Weights": {"Categorical_Variables": {}, "Numerical_Variables": {"bpf_cpu_time_ms": {"scale": 83841.27702040575}, "bpf_page_cache_hit": {"scale": 1.0}}, "CurveFit_Weights": [1603071.1970464082, 0.00026911229765906185, 103.96678995068794]}}}