{"platform": {"All_Weights": {"Categorical_Variables": {}, "Numerical_Variables": {"bpf_cpu_time_ms": {"scale": 12214.912147467596}, "bpf_page_cache_hit": {"scale": 1.0}}, "CurveFit_Weights": [472983.1530866094, 0.0002748117854275348, 51.57030562539323]}}}