{"platform": {"All_Weights": {"Categorical_Variables": {}, "Numerical_Variables": {"bpf_cpu_time_ms": {"scale": 3190.9915177269927}, "bpf_page_cache_hit": {"scale": 1.0}}, "CurveFit_Weights": [307019.6833444228, 0.0002656046906026301, 38.402255778515226]}}}