{"platform": {"All_Weights": {"Categorical_Variables": {}, "Numerical_Variables": {"bpf_cpu_time_ms": {"scale": 63754.78986321015}, "bpf_page_cache_hit": {"scale": 1.0}}, "CurveFit_Weights": [905341.2837981465, 0.0002838614876984322, 58.35682351228796]}}}