{"platform": {"All_Weights": {"Categorical_Variables": {}, "Numerical_Variables": {"bpf_cpu_time_ms": {"scale": 9359.23061950746}, "bpf_page_cache_hit": {"scale": 1.0}}, "CurveFit_Weights": [108405.22255133354, 0.0011931432062355493, 70.4070034562041]}}}