{"platform": {"All_Weights": {"Categorical_Variables": {}, "Numerical_Variables": {"bpf_cpu_time_ms": {"scale": 75911.60855022226}, "bpf_page_cache_hit": {"scale": 1.0}}, "CurveFit_Weights": [744351.7653197416, 0.0004219749306176855, 59.79023346920614]}}}