{"platform": {"All_Weights": {"Categorical_Variables": {}, "Numerical_Variables": {"bpf_cpu_time_ms": {"scale": 12000.0}, "bpf_page_cache_hit": {"scale": 1.0}}, "CurveFit_Weights": [349320.35117274185, 0.0004694475992722619, 107.09289788120847]}}}