{"platform": {"All_Weights": {"Categorical_Variables": {}, "Numerical_Variables": {"bpf_cpu_time_ms": {"scale": 168340.9558076504}, "bpf_page_cache_hit": {"scale": 1.0}}, "CurveFit_Weights": [111.06908081173938, 11.368052115651095, 104.62337757089158]}}}