{"platform": {"All_Weights": {"Categorical_Variables": {}, "Numerical_Variables": {"bpf_cpu_time_ms": {"scale": 146499.34351088357}, "bpf_page_cache_hit": {"scale": 1.0}}, "CurveFit_Weights": [811.2476285994697, 0.4422371626729683, 90.52347057401455]}}}