{"platform": {"All_Weights": {"Categorical_Variables": {}, "Numerical_Variables": {"bpf_cpu_time_ms": {"scale": 3991.690709751875}, "bpf_page_cache_hit": {"scale": 1.0}}, "CurveFit_Weights": [106.8991490173089, 0.7818591492426248, 59.96642347177288]}}}