{"platform": {"All_Weights": {"Categorical_Variables": {}, "Numerical_Variables": {"bpf_cpu_time_ms": {"scale": 366165.1097317527}, "bpf_page_cache_hit": {"scale": 1.0}}, "CurveFit_Weights": [5435.826043813231, 0.11022822336601922, 177.59212330779786]}}}