{"platform": {"All_Weights": {"Categorical_Variables": {}, "Numerical_Variables": {"bpf_cpu_time_ms": {"scale": 8887.818374191296}, "bpf_page_cache_hit": {"scale": 1.0}}, "CurveFit_Weights": [564869.2463397959, 0.0002799531556094739, 130.26671998904382]}}}