{"platform": {"All_Weights": {"Categorical_Variables": {}, "Numerical_Variables": {"bpf_cpu_time_ms": {"scale": 26998.00843269873}, "bpf_page_cache_hit": {"scale": 1.0}}, "CurveFit_Weights": [3804249.705091584, 11.659973195339962, 0.9030801430872771, 1.014412686104231]}}}