{"platform": {"All_Weights": {"Categorical_Variables": {}, "Numerical_Variables": {"bpf_cpu_time_us": {"scale": 1191719.6470588236}, "bpf_page_cache_hit": {"scale": 1.0}}, "CurveFit_Weights": [560.2376292646634, 1.4422557900540092, 1.7075760768581214, 173.23460504005124]}}}