{"platform": {"All_Weights": {"Categorical_Variables": {}, "Numerical_Variables": {"bpf_cpu_time_ms": {"scale": 62220.12205709674}, "bpf_page_cache_hit": {"scale": 1.0}}, "CurveFit_Weights": [11551965.874752136, 13.589224878103796, 0.7822735932504434, -196.11291305082977]}}}