{"platform": {"All_Weights": {"Categorical_Variables": {}, "Numerical_Variables": {"bpf_cpu_time_us": {"scale": 16000000.0}, "bpf_page_cache_hit": {"scale": 1.0}}, "CurveFit_Weights": [157.16884003930102, 0.5530655216491592, 3.1427285100286233, 17.05890815542118]}}}