{"platform": {"All_Weights": {"Categorical_Variables": {}, "Numerical_Variables": {"bpf_cpu_time_ms": {"scale": 17321.456899548728}, "bpf_page_cache_hit": {"scale": 1.0}}, "CurveFit_Weights": [1323770.0918335302, 7.05653235512368, 1.4205878901601439, 2.282330999566023]}}}