{"platform": {"All_Weights": {"Categorical_Variables": {}, "Numerical_Variables": {"bpf_cpu_time_ms": {"scale": 4083.905126452332}, "bpf_page_cache_hit": {"scale": 1.0}}, "CurveFit_Weights": [1650651.5714401703, 7.588245704794322, 1.5214166466584629, 0.21095011555271476]}}}