{"platform": {"All_Weights": {"Categorical_Variables": {}, "Numerical_Variables": {"bpf_cpu_time_ms": {"scale": 2000.0}, "bpf_page_cache_hit": {"scale": 1.0}}, "CurveFit_Weights": [60.062345185860856, 0.35052763019719796, 3.67736868154648, 61.805498856237726]}}}