{"platform": {"All_Weights": {"Categorical_Variables": {}, "Numerical_Variables": {"bpf_cpu_time_ms": {"scale": 22187.48720962846}, "bpf_page_cache_hit": {"scale": 1.0}}, "CurveFit_Weights": [754.5609752265586, 0.40629420605624733, 2.467139872749567, 383.93181319348895]}}}