{"platform": {"All_Weights": {"Categorical_Variables": {}, "Numerical_Variables": {"bpf_cpu_time_us": {"scale": 16000000.0}, "bpf_page_cache_hit": {"scale": 1.0}}, "CurveFit_Weights": [1519634.7143542706, 7.435168403130605, 1.348838198519199, -6.223316107243769]}}}