{"platform": {"All_Weights": {"Categorical_Variables": {}, "Numerical_Variables": {"bpf_cpu_time_ms": {"scale": 101439.72293959543}, "bpf_page_cache_hit": {"scale": 1.0}}, "CurveFit_Weights": [27522721.428417604, 10.542584982299605, 1.0772141240938502, -140.29241398976455]}}}