{"platform": {"All_Weights": {"Categorical_Variables": {}, "Numerical_Variables": {"bpf_cpu_time_us": {"scale": 28000000.0}, "bpf_page_cache_hit": {"scale": 1.0}}, "CurveFit_Weights": [3143440.781323899, 14.718323556911574, 0.6564968193669166, -152.87574125802496]}}}