{"platform": {"All_Weights": {"Categorical_Variables": {}, "Numerical_Variables": {"bpf_cpu_time_us": {"scale": 15999999.999999998}, "bpf_page_cache_hit": {"scale": 1.0}}, "CurveFit_Weights": [3640056.4637668817, 10.896416156376903, 1.0342580262565633, 8.656901361793734]}}}