{"platform": {"All_Weights": {"Categorical_Variables": {}, "Numerical_Variables": {"bpf_cpu_time_ms": {"scale": 377176.0954705064}, "bpf_page_cache_hit": {"scale": 1.0}}, "CurveFit_Weights": [469382.75201762916, -13.130473099285533, 0.4443558492688264, -467867.8642641891]}}}