{"platform": {"All_Weights": {"Categorical_Variables": {}, "Numerical_Variables": {"bpf_cpu_time_us": {"scale": 128000000.0}, "bpf_page_cache_hit": {"scale": 1.0}}, "CurveFit_Weights": [145740.48545182194, -17.69465731042665, 0.2558727093003969, -144035.92682693945]}}}