{"platform": {"All_Weights": {"Categorical_Variables": {}, "Numerical_Variables": {"bpf_cpu_time_us": {"scale": 4000000.0}, "bpf_page_cache_hit": {"scale": 1.0}}, "CurveFit_Weights": [617278.1415027673, 7.784118351360243, 1.3742228020638605, -0.6292451965776584]}}}