{"platform": {"All_Weights": {"Categorical_Variables": {}, "Numerical_Variables": {"bpf_cpu_time_ms": {"scale": 76905.28667816507}, "bpf_page_cache_hit": {"scale": 1.0}}, "CurveFit_Weights": [18386.873517682347, -22.364896964481723, 0.06705276593433565, -14961.805101605136]}}}