{"platform": {"All_Weights": {"Categorical_Variables": {}, "Numerical_Variables": {"bpf_cpu_time_ms": {"scale": 4417.951187499074}, "bpf_page_cache_hit": {"scale": 1.0}}, "CurveFit_Weights": [38959.73728149024, -20.96340779565581, 0.20452568351364353, -38357.16968633647]}}}