{"platform": {"All_Weights": {"Categorical_Variables": {}, "Numerical_Variables": {"bpf_cpu_time_us": {"scale": 7776295.273240703}, "bpf_page_cache_hit": {"scale": 1.0}}, "CurveFit_Weights": [183.32882835985376, 0.17476725532515752, 2.9526992274981385, 74.38436200527016]}}}