{"platform": {"All_Weights": {"Categorical_Variables": {}, "Numerical_Variables": {"bpf_cpu_time_ms": {"scale": 85129.18828242872}, "bpf_page_cache_hit": {"scale": 1.0}}, "CurveFit_Weights": [74659.18270874654, -17.625257061248465, 0.2626730594636514, -73844.69828638471]}}}