{"platform": {"All_Weights": {"Categorical_Variables": {}, "Numerical_Variables": {"bpf_cpu_time_ms": {"scale": 168340.9558076504}, "bpf_page_cache_hit": {"scale": 1.0}}, "CurveFit_Weights": [713654.7455369452, -4.331765886396762, 1.7739710625005245, -713202.2596976601]}}}