{"platform": {"All_Weights": {"Categorical_Variables": {}, "Numerical_Variables": {"bpf_cpu_time_ms": {"scale": 192000.0}, "bpf_page_cache_hit": {"scale": 1.0}}, "CurveFit_Weights": [73568.35791110536, -26.217657284186448, 0.08731845310581607, -66628.20426271188]}}}