{"platform": {"All_Weights": {"Categorical_Variables": {}, "Numerical_Variables": {"bpf_cpu_time_ms": {"scale": 33283.88694561109}, "bpf_page_cache_hit": {"scale": 1.0}}, "CurveFit_Weights": [2223744.5029510735, 11.546100172355848, 0.8378334076741645, -93.44255291947236]}}}