{"platform": {"All_Weights": {"Categorical_Variables": {}, "Numerical_Variables": {"bpf_cpu_time_us": {"scale": 32000000.0}, "bpf_page_cache_hit": {"scale": 1.0}}, "CurveFit_Weights": [81530.45275078616, -13.297980998588551, 0.4264292997681283, -81168.71795550208]}}}