{"platform": {"All_Weights": {"Categorical_Variables": {}, "Numerical_Variables": {"bpf_cpu_time_ms": {"scale": 4084.7559139337336}, "bpf_page_cache_hit": {"scale": 1.0}}, "CurveFit_Weights": [56.23823838527874, 0.694422561394086, 5.9492869923398555, 42.82617378458716]}}}