{"platform": {"All_Weights": {"Categorical_Variables": {}, "Numerical_Variables": {"bpf_cpu_time_us": {"scale": 6000000.0}, "bpf_page_cache_hit": {"scale": 1.0}}, "CurveFit_Weights": [58092.572582905035, 10.113725382453634, 0.7185012548768344, -24.890017511162874]}}}