{"platform": {"All_Weights": {"Categorical_Variables": {}, "Numerical_Variables": {"bpf_cpu_time_ms": {"scale": 18700.719474503465}, "bpf_page_cache_hit": {"scale": 1.0}}, "CurveFit_Weights": [2533.4062186301326, -1.253909576176748, 0.6979893998722964, -1683.1469294062688]}}}