{"platform": {"All_Weights": {"Categorical_Variables": {}, "Numerical_Variables": {"bpf_cpu_time_ms": {"scale": 42069.225518943385}, "bpf_page_cache_hit": {"scale": 1.0}}, "CurveFit_Weights": [1545441.2438262964, 15.257877952434576, 0.5634712203136162, -221.3885455309164]}}}