{"platform": {"All_Weights": {"Categorical_Variables": {}, "Numerical_Variables": {"bpf_cpu_time_ms": {"scale": 16000.0}, "bpf_page_cache_hit": {"scale": 1.0}}, "CurveFit_Weights": [28253.26171542425, -11.408829880754968, 0.37058074290440196, -27784.761155362572]}}}