{"platform": {"All_Weights": {"Categorical_Variables": {}, "Numerical_Variables": {"bpf_cpu_time_us": {"scale": 240000000.0}, "bpf_page_cache_hit": {"scale": 1.0}}, "CurveFit_Weights": [23725527.30828099, 7.548024344898399, 1.4210247503004936, -19.344626364261153]}}}