{"platform": {"All_Weights": {"Categorical_Variables": {}, "Numerical_Variables": {"bpf_cpu_time_ms": {"scale": 64390.04266710471}, "bpf_page_cache_hit": {"scale": 1.0}}, "CurveFit_Weights": [10700458.8467942, 14.689597011140028, 0.705404516569451, -280.4132017067909]}}}