{"platform": {"All_Weights": {"Categorical_Variables": {}, "Numerical_Variables": {"bpf_cpu_time_ms": {"scale": 22125.987405759784}, "bpf_page_cache_hit": {"scale": 1.0}}, "CurveFit_Weights": [6913306.395109073, 12.210975965748604, 0.9043402302684347, -63.14732715839841]}}}