{"platform": {"All_Weights": {"Categorical_Variables": {}, "Numerical_Variables": {"bpf_cpu_time_ms": {"scale": 1477.1509578837436}, "bpf_page_cache_hit": {"scale": 1.0}}, "CurveFit_Weights": [764.1305425513049, 1.4831321631200531, 1.6542322823622424, 98.88586061599317]}}}