{"platform": {"All_Weights": {"Categorical_Variables": {}, "Numerical_Variables": {"bpf_cpu_time_us": {"scale": 480000000.0}, "bpf_page_cache_hit": {"scale": 1.0}}, "CurveFit_Weights": [17534.48906342325, 1.7366158873529443, 2.0946439239908226, 911.7996372199032]}}}