{"platform": {"All_Weights": {"Categorical_Variables": {}, "Numerical_Variables": {"bpf_cpu_time_ms": {"scale": 16895.30714352416}, "bpf_page_cache_hit": {"scale": 1.0}}, "CurveFit_Weights": [628.1369155398328, 0.7838648986485012, 1.9707875860980046, 1.9568180838003246]}}}