{"platform": {"All_Weights": {"Categorical_Variables": {}, "Numerical_Variables": {"bpf_cpu_time_us": {"scale": 20000000.0}, "bpf_page_cache_hit": {"scale": 1.0}}, "CurveFit_Weights": [3577450.2396193254, 13.669868131634416, 0.7578093275292659, -60.56949388582644]}}}