{"platform": {"All_Weights": {"Categorical_Variables": {}, "Numerical_Variables": {"bpf_cpu_time_ms": {"scale": 33680.096847614645}, "bpf_page_cache_hit": {"scale": 1.0}}, "CurveFit_Weights": [274657.36489147873, -5.405098763253633, 1.3129146709233275, -274324.2181821419]}}}