{"platform": {"All_Weights": {"Categorical_Variables": {}, "Numerical_Variables": {"bpf_cpu_time_us": {"scale": 128000000.0}, "bpf_page_cache_hit": {"scale": 1.0}}, "CurveFit_Weights": [279365.06225936447, -9.732073848174906, 0.6445952959010327, -278664.978453797]}}}