{"platform": {"All_Weights": {"Categorical_Variables": {}, "Numerical_Variables": {"bpf_cpu_time_ms": {"scale": 90953.00618011093}, "bpf_page_cache_hit": {"scale": 1.0}}, "CurveFit_Weights": [431490.2781603801, -3.8768501902526444, 2.017947080907617, -431246.64926821535]}}}