{"platform": {"All_Weights": {"Categorical_Variables": {}, "Numerical_Variables": {"bpf_cpu_time_ms": {"scale": 46581.14988928136}, "bpf_page_cache_hit": {"scale": 1.0}}, "CurveFit_Weights": [246784.79104118905, -9.22843249770697, 0.627317930911047, -245855.3843307135]}}}