{"platform": {"All_Weights": {"Categorical_Variables": {}, "Numerical_Variables": {"bpf_cpu_time_us": {"scale": 2510087.5734791528}, "bpf_page_cache_hit": {"scale": 1.0}}, "CurveFit_Weights": [418.5735426704821, 0.2622947600477614, 4.6286710398963296, 421.1475265773697]}}}