{"platform": {"All_Weights": {"Categorical_Variables": {}, "Numerical_Variables": {"bpf_cpu_time_us": {"scale": 32000000.0}, "bpf_page_cache_hit": {"scale": 1.0}}, "CurveFit_Weights": [4966188.498118909, 10.187290472466264, 1.0821060735899029, 51.46750442462407]}}}