{"platform": {"All_Weights": {"Categorical_Variables": {}, "Numerical_Variables": {"bpf_cpu_time_ms": {"scale": 88750.03797173554}, "bpf_page_cache_hit": {"scale": 1.0}}, "CurveFit_Weights": [98869.253216541, -13.595852596455988, 0.373311318865943, -98187.7378379415]}}}