{"platform": {"All_Weights": {"Categorical_Variables": {}, "Numerical_Variables": {"bpf_cpu_time_ms": {"scale": 6736.230121530199}, "bpf_page_cache_hit": {"scale": 1.0}}, "CurveFit_Weights": [147266.1817586162, -7.793714759602175, 0.8510062666080107, -147001.95269598218]}}}