{"platform": {"All_Weights": {"Categorical_Variables": {}, "Numerical_Variables": {"bpf_cpu_time_us": {"scale": 16000000.0}, "bpf_page_cache_hit": {"scale": 1.0}}, "CurveFit_Weights": [2951768.6809902787, 8.278997100035989, 1.2826989144783716, -11.131673366613587]}}}