{"platform": {"All_Weights": {"Categorical_Variables": {}, "Numerical_Variables": {"bpf_cpu_time_us": {"scale": 15999999.999999996}, "bpf_page_cache_hit": {"scale": 1.0}}, "CurveFit_Weights": [82256.81364873634, -10.200954507662532, 0.4872337898182838, -81394.26329194885]}}}