{"platform": {"All_Weights": {"Categorical_Variables": {}, "Numerical_Variables": {"bpf_cpu_time_ms": {"scale": 146499.34351088357}, "bpf_page_cache_hit": {"scale": 1.0}}, "CurveFit_Weights": [269512.76783063746, -13.646937881825675, 0.42188737934624604, -268570.91701290157]}}}