{"platform": {"All_Weights": {"Categorical_Variables": {}, "Numerical_Variables": {"bpf_cpu_time_us": {"scale": 8000000.0}, "bpf_page_cache_hit": {"scale": 1.0}}, "CurveFit_Weights": [501837.09538906434, 8.195312874959175, 1.2268896572237675, 0.11798618647125204]}}}