{"platform": {"All_Weights": {"Categorical_Variables": {}, "Numerical_Variables": {"bpf_cpu_time_ms": {"scale": 8000.0}, "bpf_page_cache_hit": {"scale": 1.0}}, "CurveFit_Weights": [117608.60788058017, -6.044893428099165, 1.2287987409890302, -117480.04580358985]}}}