{"platform": {"All_Weights": {"Categorical_Variables": {}, "Numerical_Variables": {"bpf_cpu_time_ms": {"scale": 9204.624920024948}, "bpf_page_cache_hit": {"scale": 1.0}}, "CurveFit_Weights": [13937.904299950083, 18.06330293074151, 0.06413545608295415, -3247.9473342023357]}}}