{"platform": {"All_Weights": {"Categorical_Variables": {}, "Numerical_Variables": {"bpf_cpu_time_ms": {"scale": 42851.430063253945}, "bpf_page_cache_hit": {"scale": 1.0}}, "CurveFit_Weights": [1021.8007120951423, 1.5052399919242079, 2.3415642559865906, 67.4020471240519]}}}