{"platform": {"All_Weights": {"Categorical_Variables": {}, "Numerical_Variables": {"bpf_cpu_time_ms": {"scale": 146561.22337618796}, "bpf_page_cache_hit": {"scale": 1.0}}, "CurveFit_Weights": [52312.536715393406, 42.064514622629055, 0.048324193865244336, -5967.156093528575]}}}