{"platform": {"All_Weights": {"Categorical_Variables": {}, "Numerical_Variables": {"bpf_cpu_time_ms": {"scale": 24089.26901877661}, "bpf_page_cache_hit": {"scale": 1.0}}, "CurveFit_Weights": [165234.1042032233, 12.095692349597611, 0.5704885431318047, -84.72970028345667]}}}