{"platform": {"All_Weights": {"Categorical_Variables": {}, "Numerical_Variables": {"bpf_cpu_time_ms": {"scale": 10114.699618257488}, "bpf_page_cache_hit": {"scale": 1.0}}, "CurveFit_Weights": [7165161.671057091, 9.771040289801029, 1.216489357362505, 116.3974615541358]}}}