{"platform": {"All_Weights": {"Categorical_Variables": {}, "Numerical_Variables": {"bpf_cpu_time_us": {"scale": 112000000.0}, "bpf_page_cache_hit": {"scale": 1.0}}, "CurveFit_Weights": [6657059.608686993, 12.864457406846448, 0.709755710652052, -579.4350318850838]}}}