{"platform": {"All_Weights": {"Categorical_Variables": {}, "Numerical_Variables": {"bpf_cpu_time_ms": {"scale": 24127.315010142676}, "bpf_page_cache_hit": {"scale": 1.0}}, "CurveFit_Weights": [609662.5480051107, 14.497178067017401, 0.5620416303032626, -117.38755033874546]}}}