{"platform": {"All_Weights": {"Categorical_Variables": {}, "Numerical_Variables": {"bpf_cpu_time_ms": {"scale": 3698.3724897663774}, "bpf_page_cache_hit": {"scale": 1.0}}, "CurveFit_Weights": [91.93479874380319, 0.26697026953103087, 2.4259946714753418, 23.152350439588204]}}}