{"platform": {"All_Weights": {"Categorical_Variables": {}, "Numerical_Variables": {"bpf_cpu_time_ms": {"scale": 62562.32596287884}, "bpf_page_cache_hit": {"scale": 1.0}}, "CurveFit_Weights": [288836.7078812896, -5.584794574958566, 1.2580670652336547, -288461.9017953578]}}}