{"platform": {"All_Weights": {"Categorical_Variables": {}, "Numerical_Variables": {"bpf_cpu_time_ms": {"scale": 7817.318424135709}, "bpf_page_cache_hit": {"scale": 1.0}}, "CurveFit_Weights": [131.06004709479183, 0.26269315865046106, 3.9456729374460964, 131.74008605900633]}}}