{"platform": {"All_Weights": {"Categorical_Variables": {}, "Numerical_Variables": {"bpf_cpu_time_ms": {"scale": 473228.5496999834}, "bpf_page_cache_hit": {"scale": 1.0}}, "CurveFit_Weights": [15875473.405656982, 7.634313622680558, 1.3576752129096177, 8.731610614517932]}}}