{"platform": {"All_Weights": {"Categorical_Variables": {}, "Numerical_Variables": {"bpf_cpu_time_us": {"scale": 2000000.0}, "bpf_page_cache_hit": {"scale": 1.0}}, "CurveFit_Weights": [4646.974127315112, -3.9125018485856136, 1.0385929237287785, -4497.855512222241]}}}