{"platform": {"All_Weights": {"Categorical_Variables": {}, "Numerical_Variables": {"bpf_cpu_time_ms": {"scale": 16692.95998397874}, "bpf_page_cache_hit": {"scale": 1.0}}, "CurveFit_Weights": [17423800.712258127, 7.125996736618074, 1.8227701909790743, 26.851854687506975]}}}