{"platform": {"All_Weights": {"Categorical_Variables": {}, "Numerical_Variables": {"bpf_cpu_time_ms": {"scale": 208131.68935407547}, "bpf_page_cache_hit": {"scale": 1.0}}, "CurveFit_Weights": [27248968.70469046, 7.3818426097687135, 1.6205593743702513, 74.51482832809144]}}}