{"platform": {"All_Weights": {"Categorical_Variables": {}, "Numerical_Variables": {"bpf_cpu_time_ms": {"scale": 120000.0}, "bpf_page_cache_hit": {"scale": 1.0}}, "CurveFit_Weights": [5338590.608230589, 15.051270066009648, 0.6399083532241076, -231.26776476442745]}}}