{"platform": {"All_Weights": {"Categorical_Variables": {}, "Numerical_Variables": {"bpf_cpu_time_ms": {"scale": 60732.483270793295}, "bpf_page_cache_hit": {"scale": 1.0}}, "CurveFit_Weights": [302923.1069008048, -13.978649645622646, 0.3863360344511248, -301428.04637419665]}}}