{"platform": {"All_Weights": {"Categorical_Variables": {}, "Numerical_Variables": {"bpf_cpu_time_ms": {"scale": 5205.89267331144}, "bpf_page_cache_hit": {"scale": 1.0}}, "CurveFit_Weights": [96.16064910211009, 0.884047746875995, 2.0845654011800123, 5.272259533284157]}}}