{"platform": {"All_Weights": {"Categorical_Variables": {}, "Numerical_Variables": {"bpf_cpu_time_us": {"scale": 56000000.0}, "bpf_page_cache_hit": {"scale": 1.0}}, "CurveFit_Weights": [3089628.895380814, 9.710217055656607, 0.9903421519205017, -108.14277618527801]}}}