{"platform": {"All_Weights": {"Categorical_Variables": {}, "Numerical_Variables": {"bpf_cpu_time_us": {"scale": 36000000.0}, "bpf_page_cache_hit": {"scale": 1.0}}, "CurveFit_Weights": [8165484.0709126, 11.412692591583493, 0.9589055049453028, -63.65843421845373]}}}