{"platform": {"All_Weights": {"Categorical_Variables": {}, "Numerical_Variables": {"bpf_cpu_time_ms": {"scale": 63754.78986321015}, "bpf_page_cache_hit": {"scale": 1.0}}, "CurveFit_Weights": [7072432.491059411, 12.784024634292216, 0.8188147618221282, -121.9507856715368]}}}