{"platform": {"All_Weights": {"Categorical_Variables": {}, "Numerical_Variables": {"bpf_cpu_time_ms": {"scale": 6399.849809812918}, "bpf_page_cache_hit": {"scale": 1.0}}, "CurveFit_Weights": [322316.4994576524, 7.6172725936005525, 1.3191083730459723, 3.199925072420911]}}}