{"platform": {"All_Weights": {"Categorical_Variables": {}, "Numerical_Variables": {"bpf_cpu_time_us": {"scale": 44000000.0}, "bpf_page_cache_hit": {"scale": 1.0}}, "CurveFit_Weights": [1487322.885541129, 17.25507403313575, 0.4903423745343644, -249.21071504028185]}}}