{"platform": {"All_Weights": {"Categorical_Variables": {}, "Numerical_Variables": {"bpf_cpu_time_us": {"scale": 12000000.0}, "bpf_page_cache_hit": {"scale": 1.0}}, "CurveFit_Weights": [29419.16139957929, -20.859395852388243, 0.1636157876599319, -28360.355571492586]}}}