{"platform": {"All_Weights": {"Categorical_Variables": {}, "Numerical_Variables": {"bpf_cpu_time_us": {"scale": 72000000.0}, "bpf_page_cache_hit": {"scale": 1.0}}, "CurveFit_Weights": [1723251.6727571422, 34.99218129480622, 0.19369801139550252, -1839.4828899091874]}}}