{"platform": {"All_Weights": {"Categorical_Variables": {}, "Numerical_Variables": {"bpf_cpu_time_ms": {"scale": 14919.755315761702}, "bpf_page_cache_hit": {"scale": 1.0}}, "CurveFit_Weights": [84232.69508430744, -16.99994037718366, 0.25954417495059484, -82960.11810101548]}}}