{"platform": {"All_Weights": {"Categorical_Variables": {}, "Numerical_Variables": {"bpf_cpu_time_us": {"scale": 8000000.0}, "bpf_page_cache_hit": {"scale": 1.0}}, "CurveFit_Weights": [4325.792393099316, -5.758300537041591, 0.40015359892639824, -3753.3576451119925]}}}