{"platform": {"All_Weights": {"Categorical_Variables": {}, "Numerical_Variables": {"bpf_cpu_time_ms": {"scale": 83841.27702040575}, "bpf_page_cache_hit": {"scale": 1.0}}, "CurveFit_Weights": [64658552.3803998, 4.961528796536993, 2.982250409986863, 154.7173072528569]}}}