{"platform": {"All_Weights": {"Categorical_Variables": {}, "Numerical_Variables": {"bpf_cpu_time_ms": {"scale": 375646.0951742331}, "bpf_page_cache_hit": {"scale": 1.0}}, "CurveFit_Weights": [78401.68917319187, -20.654284079920643, 0.13838112813276537, -73990.04908557882]}}}