{"platform": {"All_Weights": {"Categorical_Variables": {}, "Numerical_Variables": {"bpf_cpu_time_ms": {"scale": 35814.22732219464}, "bpf_page_cache_hit": {"scale": 1.0}}, "CurveFit_Weights": [2703566.3663141676, 15.231037583773157, 0.6497657893337564, -81.28290400011582]}}}