{"platform": {"All_Weights": {"Categorical_Variables": {}, "Numerical_Variables": {"bpf_cpu_time_ms": {"scale": 12214.912147467596}, "bpf_page_cache_hit": {"scale": 1.0}}, "CurveFit_Weights": [5959276.302936763, 9.989607377603257, 1.1444074305724916, -3.6274600952143063]}}}