{"platform": {"All_Weights": {"Categorical_Variables": {}, "Numerical_Variables": {"bpf_cpu_time_us": {"scale": 48000000.0}, "bpf_page_cache_hit": {"scale": 1.0}}, "CurveFit_Weights": [6014530.827012938, 13.757305590683925, 0.7422887335739508, -119.87095884113884]}}}