{"platform": {"All_Weights": {"Categorical_Variables": {}, "Numerical_Variables": {"bpf_cpu_time_ms": {"scale": 104000.0}, "bpf_page_cache_hit": {"scale": 1.0}}, "CurveFit_Weights": [2828457.5414876444, 12.43261574958857, 0.7389392693586645, -180.6122778709023]}}}