{"platform": {"All_Weights": {"Categorical_Variables": {}, "Numerical_Variables": {"bpf_cpu_time_us": {"scale": 28000000.0}, "bpf_page_cache_hit": {"scale": 1.0}}, "CurveFit_Weights": [2409552.027688081, 10.37858117051625, 0.9652976819216225, -57.38646441609516]}}}