{"platform": {"All_Weights": {"Categorical_Variables": {}, "Numerical_Variables": {"bpf_cpu_time_us": {"scale": 4000000.0}, "bpf_page_cache_hit": {"scale": 1.0}}, "CurveFit_Weights": [479673.1311244519, 6.659420249732089, 1.4851759422564783, 13.217468143454736]}}}