{"platform": {"All_Weights": {"Categorical_Variables": {}, "Numerical_Variables": {"bpf_cpu_time_ms": {"scale": 14876.51366588698}, "bpf_page_cache_hit": {"scale": 1.0}}, "CurveFit_Weights": [2697564.467609688, 10.968074225478958, 1.0387536984571184, 35.01814225280066]}}}