{"platform": {"All_Weights": {"Categorical_Variables": {}, "Numerical_Variables": {"bpf_cpu_time_ms": {"scale": 17450.662058304337}, "bpf_page_cache_hit": {"scale": 1.0}}, "CurveFit_Weights": [7709733.460586398, 8.190668578583477, 1.4703522491792576, 16.047753680026407]}}}