{"platform": {"All_Weights": {"Categorical_Variables": {}, "Numerical_Variables": {"bpf_cpu_time_ms": {"scale": 7720.197319109624}, "bpf_page_cache_hit": {"scale": 1.0}}, "CurveFit_Weights": [21743.55247094377, -9.521201478886669, 0.4841238675315987, -21325.348938395244]}}}