{"platform": {"All_Weights": {"Categorical_Variables": {}, "Numerical_Variables": {"bpf_cpu_time_ms": {"scale": 6294.764546115604}, "bpf_page_cache_hit": {"scale": 1.0}}, "CurveFit_Weights": [65930.43209990239, -12.62684779711094, 0.4749647675240864, -65691.31061333948]}}}