{"platform": {"All_Weights": {"Categorical_Variables": {}, "Numerical_Variables": {"bpf_cpu_time_ms": {"scale": 3452.372325127004}, "bpf_page_cache_hit": {"scale": 1.0}}, "CurveFit_Weights": [229.11192128595647, 0.9610225197316735, 1.7083242072315712, -13.65908312884377]}}}