{"platform": {"All_Weights": {"Categorical_Variables": {}, "Numerical_Variables": {"bpf_cpu_time_ms": {"scale": 239233.5518432769}, "bpf_page_cache_hit": {"scale": 1.0}}, "CurveFit_Weights": [10287430.183327496, 8.036342851793702, 1.3298566046151359, -9.034711790487208]}}}