{"platform": {"All_Weights": {"Categorical_Variables": {}, "Numerical_Variables": {"bpf_cpu_time_us": {"scale": 6034980.353707725}, "bpf_page_cache_hit": {"scale": 1.0}}, "CurveFit_Weights": [7904260.554466583, 17.132510815875964, 0.622780463404171, -9.150281478076554]}}}