{"platform": {"All_Weights": {"Categorical_Variables": {}, "Numerical_Variables": {"bpf_cpu_time_us": {"scale": 64000000.0}, "bpf_page_cache_hit": {"scale": 1.0}}, "CurveFit_Weights": [204511.53873234554, 21.84177945551565, 0.27780850058586193, -404.5243120070352]}}}