{"platform": {"All_Weights": {"Categorical_Variables": {}, "Numerical_Variables": {"bpf_cpu_time_us": {"scale": 48000000.0}, "bpf_page_cache_hit": {"scale": 1.0}}, "CurveFit_Weights": [3670283.0882252185, 9.64016586616215, 1.0396086756489957, -24.635029840046794]}}}