{"platform": {"All_Weights": {"Categorical_Variables": {}, "Numerical_Variables": {"bpf_cpu_time_ms": {"scale": 86152.81176482502}, "bpf_page_cache_hit": {"scale": 1.0}}, "CurveFit_Weights": [224896.47239643667, -5.2724213589379785, 1.3370708355933396, -224616.24493519618]}}}