{"platform": {"All_Weights": {"Categorical_Variables": {}, "Numerical_Variables": {"bpf_cpu_time_ms": {"scale": 12626.381749265036}, "bpf_page_cache_hit": {"scale": 1.0}}, "CurveFit_Weights": [213550.21996058428, -9.336988525568044, 0.6820634488294198, -213092.0078016026]}}}