{"platform": {"All_Weights": {"Categorical_Variables": {}, "Numerical_Variables": {"bpf_cpu_time_ms": {"scale": 28891.571599817034}, "bpf_page_cache_hit": {"scale": 1.0}}, "CurveFit_Weights": [660770.5382068766, 29.123862201642194, 0.25256740945703954, -367.35569139631724]}}}