{"platform": {"All_Weights": {"Categorical_Variables": {}, "Numerical_Variables": {"bpf_cpu_time_ms": {"scale": 4000.0}, "bpf_page_cache_hit": {"scale": 1.0}}, "CurveFit_Weights": [389.9926807189805, 0.7885428404132001, 0.9575998566833415, 53.330710280681856]}}}