{"platform": {"All_Weights": {"Categorical_Variables": {}, "Numerical_Variables": {"bpf_cpu_time_ms": {"scale": 15894.21468262942}, "bpf_page_cache_hit": {"scale": 1.0}}, "CurveFit_Weights": [170089.7020175275, 19.89232318991291, 0.3224429290013913, -211.00555410433506]}}}