{"platform": {"All_Weights": {"Categorical_Variables": {}, "Numerical_Variables": {"bpf_cpu_time_ms": {"scale": 8887.818374191296}, "bpf_page_cache_hit": {"scale": 1.0}}, "CurveFit_Weights": [1324118.3782273938, 19.872858638896798, 0.4218638092750326, -168.42397007352193]}}}