{"platform": {"All_Weights": {"Categorical_Variables": {}, "Numerical_Variables": {"bpf_cpu_time_us": {"scale": 4000000.0}, "bpf_page_cache_hit": {"scale": 1.0}}, "CurveFit_Weights": [372.10868176420774, 2.2114134658898474, 1.7165254501403133, 8.652256241537394]}}}