{"platform": {"All_Weights": {"Categorical_Variables": {}, "Numerical_Variables": {"bpf_cpu_time_ms": {"scale": 80000.0}, "bpf_page_cache_hit": {"scale": 1.0}}, "CurveFit_Weights": [8828426.238840325, 6.698952255041364, 1.690622727618597, 59.89179284630057]}}}