{"platform": {"All_Weights": {"Categorical_Variables": {}, "Numerical_Variables": {"bpf_cpu_time_ms": {"scale": 93641.36455228794}, "bpf_page_cache_hit": {"scale": 1.0}}, "CurveFit_Weights": [252274.88462634163, 38.946886773641985, 0.14726689814059998, -744.7959593368469]}}}