{"platform": {"All_Weights": {"Categorical_Variables": {}, "Numerical_Variables": {"bpf_cpu_time_ms": {"scale": 29156.839581512097}, "bpf_page_cache_hit": {"scale": 1.0}}, "CurveFit_Weights": [20744791.01227952, 7.865971154913505, 1.5938958970240766, 44.4958745494445]}}}