{"platform": {"All_Weights": {"Categorical_Variables": {}, "Numerical_Variables": {"bpf_cpu_time_ms": {"scale": 269655.3516520236}, "bpf_page_cache_hit": {"scale": 1.0}}, "CurveFit_Weights": [26148778.54288759, 14.518277953110433, 0.7042517159415985, -608.3119703433714]}}}