{"platform": {"All_Weights": {"Categorical_Variables": {}, "Numerical_Variables": {"bpf_cpu_time_ms": {"scale": 480000.0}, "bpf_page_cache_hit": {"scale": 1.0}}, "CurveFit_Weights": [49119221.867037654, 7.4113104719027225, 1.578915321355481, 95.30063249612427]}}}