{"platform": {"All_Weights": {"Categorical_Variables": {}, "Numerical_Variables": {"bpf_cpu_time_us": {"scale": 56000000.0}, "bpf_page_cache_hit": {"scale": 1.0}}, "CurveFit_Weights": [3264521.7541710013, 13.185311670162378, 0.6912560676261814, -284.00174073854816]}}}