{"platform": {"All_Weights": {"Categorical_Variables": {}, "Numerical_Variables": {"bpf_cpu_time_ms": {"scale": 8867.168814666149}, "bpf_page_cache_hit": {"scale": 1.0}}, "CurveFit_Weights": [1742751.2252508695, 19.32957968362863, 0.4577132834121877, -178.6876186610427]}}}