{"platform": {"All_Weights": {"Categorical_Variables": {}, "Numerical_Variables": {"bpf_cpu_time_ms": {"scale": 84034.6957993858}, "bpf_page_cache_hit": {"scale": 1.0}}, "CurveFit_Weights": [6226513.942543829, 11.1658787359031, 0.9098807814959662, -153.19056588672177]}}}