{"platform": {"All_Weights": {"Categorical_Variables": {}, "Numerical_Variables": {"bpf_cpu_time_ms": {"scale": 162460.97349404098}, "bpf_page_cache_hit": {"scale": 1.0}}, "CurveFit_Weights": [17416682.568657745, 10.859209012926925, 1.0809550518225868, 53.266612607738466]}}}