{"platform": {"All_Weights": {"Categorical_Variables": {}, "Numerical_Variables": {"bpf_cpu_time_us": {"scale": 128000000.0}, "bpf_page_cache_hit": {"scale": 1.0}}, "CurveFit_Weights": [180728.20553174533, 18.75082378559469, 0.2712205313792573, -971.9125638290399]}}}