{"platform": {"All_Weights": {"Categorical_Variables": {}, "Numerical_Variables": {"bpf_cpu_time_us": {"scale": 72000000.0}, "bpf_page_cache_hit": {"scale": 1.0}}, "CurveFit_Weights": [593326.4979951134, 31.420440427826588, 0.17542134092406023, -2259.269465331498]}}}