{"platform": {"All_Weights": {"Categorical_Variables": {}, "Numerical_Variables": {"bpf_cpu_time_ms": {"scale": 1699.2134852756644}, "bpf_page_cache_hit": {"scale": 1.0}}, "CurveFit_Weights": [361.398396219159, 0.4274183146513265, 1.8686128681927763, 462.96839191459867]}}}