{"platform": {"All_Weights": {"Categorical_Variables": {}, "Numerical_Variables": {"bpf_cpu_time_ms": {"scale": 15810.88313068615}, "bpf_page_cache_hit": {"scale": 1.0}}, "CurveFit_Weights": [255.7421657688972, 0.5583435409682672, 3.4686193427594803, 33.336723348095234]}}}