{"platform": {"All_Weights": {"Categorical_Variables": {}, "Numerical_Variables": {"bpf_cpu_time_us": {"scale": 32000000.0}, "bpf_page_cache_hit": {"scale": 1.0}}, "CurveFit_Weights": [376353.32886774035, 22.960481763057338, 0.2804451062558235, -473.3614282522662]}}}