{"platform": {"All_Weights": {"Categorical_Variables": {}, "Numerical_Variables": {"bpf_cpu_time_ms": {"scale": 92300.0070880573}, "bpf_page_cache_hit": {"scale": 1.0}}, "CurveFit_Weights": [295596.6782650258, 20.566405885365565, 0.31974763698629827, -344.8660980186846]}}}