{"platform": {"All_Weights": {"Categorical_Variables": {}, "Numerical_Variables": {"bpf_cpu_time_ms": {"scale": 70059.57343396125}, "bpf_page_cache_hit": {"scale": 1.0}}, "CurveFit_Weights": [4776553.838556442, 12.343819901867441, 0.806934164079082, -144.90848455067535]}}}