{"platform": {"All_Weights": {"Categorical_Variables": {}, "Numerical_Variables": {"bpf_cpu_time_ms": {"scale": 31199.333047560867}, "bpf_page_cache_hit": {"scale": 1.0}}, "CurveFit_Weights": [547232.527856806, -4.9616730600771195, 1.5052131613358188, -546816.5141289625]}}}