{"platform": {"All_Weights": {"Categorical_Variables": {}, "Numerical_Variables": {"bpf_cpu_time_ms": {"scale": 1488.939491870707}, "bpf_page_cache_hit": {"scale": 1.0}}, "CurveFit_Weights": [10145.04950708394, 54.020862055277036, 0.0560498275388284, -447.27352728378077]}}}