{"platform": {"All_Weights": {"Categorical_Variables": {}, "Numerical_Variables": {"bpf_cpu_time_ms": {"scale": 1452.112020367595}, "bpf_page_cache_hit": {"scale": 1.0}}, "CurveFit_Weights": [84018.01666124929, 28.202418682833947, 0.22320181814134318, -129.58987915758195]}}}