{"platform": {"All_Weights": {"Categorical_Variables": {}, "Numerical_Variables": {"bpf_cpu_time_us": {"scale": 48000000.0}, "bpf_page_cache_hit": {"scale": 1.0}}, "CurveFit_Weights": [9973145.834695019, 11.295165298896702, 0.9833326770935947, -67.94099015014062]}}}