{"platform": {"All_Weights": {"Categorical_Variables": {}, "Numerical_Variables": {"bpf_cpu_time_us": {"scale": 32000000.0}, "bpf_page_cache_hit": {"scale": 1.0}}, "CurveFit_Weights": [500363.19163767557, 7.458788622939569, 1.0621220844888226, -63.27918803871084]}}}