{"platform": {"All_Weights": {"Categorical_Variables": {}, "Numerical_Variables": {"bpf_cpu_time_us": {"scale": 88000000.0}, "bpf_page_cache_hit": {"scale": 1.0}}, "CurveFit_Weights": [3279467.910666498, 24.65958253507288, 0.32439995923502835, -981.0205139907863]}}}