{"platform": {"All_Weights": {"Categorical_Variables": {}, "Numerical_Variables": {"bpf_cpu_time_us": {"scale": 128000000.0}, "bpf_page_cache_hit": {"scale": 1.0}}, "CurveFit_Weights": [538970.5902930639, -6.95158824399025, 1.0321266596952512, -538439.1339234248]}}}