{"platform": {"All_Weights": {"Categorical_Variables": {}, "Numerical_Variables": {"bpf_cpu_time_ms": {"scale": 19723.5657653583}, "bpf_page_cache_hit": {"scale": 1.0}}, "CurveFit_Weights": [812800.9317314402, 8.048643469412136, 1.1273784563700382, -27.810470239007316]}}}