{"platform": {"All_Weights": {"Categorical_Variables": {}, "Numerical_Variables": {"bpf_cpu_time_ms": {"scale": 3660.385117779886}, "bpf_page_cache_hit": {"scale": 1.0}}, "CurveFit_Weights": [145388.25338704823, -9.587460638205933, 0.6610557568559973, -144988.59536437807]}}}