{"platform": {"All_Weights": {"Categorical_Variables": {}, "Numerical_Variables": {"bpf_cpu_time_ms": {"scale": 89809.33125867021}, "bpf_page_cache_hit": {"scale": 1.0}}, "CurveFit_Weights": [38829855.49619926, 5.5846973951036425, 2.411937619096469, 127.7987731047339]}}}