{"platform": {"All_Weights": {"Categorical_Variables": {}, "Numerical_Variables": {"bpf_cpu_time_ms": {"scale": 106886.0491330044}, "bpf_page_cache_hit": {"scale": 1.0}}, "CurveFit_Weights": [36732110.17968634, 7.552742280284075, 1.698490326328055, 64.34385091599908]}}}