{"platform": {"All_Weights": {"Categorical_Variables": {}, "Numerical_Variables": {"bpf_cpu_time_ms": {"scale": 3499.877092122082}, "bpf_page_cache_hit": {"scale": 1.0}}, "CurveFit_Weights": [230419.9721776624, 7.126450485133234, 1.2484341271396255, 2.6555413511227632]}}}