{"platform": {"All_Weights": {"Categorical_Variables": {}, "Numerical_Variables": {"bpf_cpu_time_ms": {"scale": 333673.5600836616}, "bpf_page_cache_hit": {"scale": 1.0}}, "CurveFit_Weights": [255939.93873757278, -17.14311636530879, 0.2684200493997992, -253228.32367530352]}}}