{"platform": {"All_Weights": {"Categorical_Variables": {}, "Numerical_Variables": {"bpf_cpu_time_us": {"scale": 224000000.0}, "bpf_page_cache_hit": {"scale": 1.0}}, "CurveFit_Weights": [12124585.103563823, 22.246789260727095, 0.36772798517573074, -2782.9690414462393]}}}