{"platform": {"All_Weights": {"Categorical_Variables": {}, "Numerical_Variables": {"bpf_cpu_time_ms": {"scale": 2819.757230176628}, "bpf_page_cache_hit": {"scale": 1.0}}, "CurveFit_Weights": [1194912.64474124, 6.281776925485001, 1.7805700587305202, 23.180557751578945]}}}