{"platform": {"All_Weights": {"Categorical_Variables": {}, "Numerical_Variables": {"bpf_cpu_time_ms": {"scale": 287863.718999192}, "bpf_page_cache_hit": {"scale": 1.0}}, "CurveFit_Weights": [14155236.019012881, 19.249107767059904, 0.4621410440932653, -1652.2937379648513]}}}