{"platform": {"All_Weights": {"Categorical_Variables": {}, "Numerical_Variables": {"bpf_cpu_time_us": {"scale": 11999999.999999998}, "bpf_page_cache_hit": {"scale": 1.0}}, "CurveFit_Weights": [6836176.875855613, 9.732392246133466, 1.2164907495322934, 116.39750645303245]}}}