{"platform": {"All_Weights": {"Categorical_Variables": {}, "Numerical_Variables": {"bpf_cpu_time_ms": {"scale": 64489.710503488335}, "bpf_page_cache_hit": {"scale": 1.0}}, "CurveFit_Weights": [15587757.414599529, 8.58603583897917, 1.3876031324920077, -18.192062917939815]}}}