{"platform": {"All_Weights": {"Categorical_Variables": {}, "Numerical_Variables": {"bpf_cpu_time_ms": {"scale": 18333.332381335407}, "bpf_page_cache_hit": {"scale": 1.0}}, "CurveFit_Weights": [342.58180749005885, 0.46348924246850387, 3.8940943190331385, 45.02296812497127]}}}