{"platform": {"All_Weights": {"Categorical_Variables": {}, "Numerical_Variables": {"bpf_cpu_time_us": {"scale": 92164215.27272728}, "bpf_page_cache_hit": {"scale": 1.0}}, "CurveFit_Weights": [4039541.4154840726, 6.695999385908114, 1.734106429458751, 52.89579989069265]}}}