{"platform": {"All_Weights": {"Categorical_Variables": {}, "Numerical_Variables": {"bpf_cpu_time_us": {"scale": 63999999.99999999}, "bpf_page_cache_hit": {"scale": 1.0}}, "CurveFit_Weights": [365480.48484734487, -3.791199520552184, 2.0223660009175335, -365238.04696620227]}}}