{"platform": {"All_Weights": {"Categorical_Variables": {}, "Numerical_Variables": {"bpf_cpu_time_ms": {"scale": 5844.0770505581}, "bpf_page_cache_hit": {"scale": 1.0}}, "CurveFit_Weights": [91859.8053987055, 5.9200332826491735, 1.48920971409926, 5.199496285607603]}}}