{"platform": {"All_Weights": {"Categorical_Variables": {}, "Numerical_Variables": {"bpf_cpu_time_us": {"scale": 16000000.0}, "bpf_page_cache_hit": {"scale": 1.0}}, "CurveFit_Weights": [332.7500801438684, 0.5967243453118172, 3.016347020035489, 371.7561711813051]}}}