{"platform": {"All_Weights": {"Categorical_Variables": {}, "Numerical_Variables": {"bpf_cpu_time_ms": {"scale": 6205.38405457129}, "bpf_page_cache_hit": {"scale": 1.0}}, "CurveFit_Weights": [76506.63511511797, 11.208376320268668, 0.6623144486163891, -29.813020937041223]}}}