{"platform": {"All_Weights": {"Categorical_Variables": {}, "Numerical_Variables": {"bpf_cpu_time_ms": {"scale": 111806.64454742755}, "bpf_page_cache_hit": {"scale": 1.0}}, "CurveFit_Weights": [21445924.92770158, 6.950474952371563, 1.8142652708842353, 84.16919622610351]}}}