{"platform": {"All_Weights": {"Categorical_Variables": {}, "Numerical_Variables": {"bpf_cpu_time_ms": {"scale": 8000.0}, "bpf_page_cache_hit": {"scale": 1.0}}, "CurveFit_Weights": [194.9759883772829, 0.402287250328415, 2.668288484710219, 108.50663122999148]}}}