{"platform": {"All_Weights": {"Categorical_Variables": {}, "Numerical_Variables": {"bpf_cpu_time_ms": {"scale": 8675.858443717963}, "bpf_page_cache_hit": {"scale": 1.0}}, "CurveFit_Weights": [639.8001117185605, 1.8346590124670499, 1.5158456043930066, 19.300011787100352]}}}