{"platform": {"All_Weights": {"Categorical_Variables": {}, "Numerical_Variables": {"bpf_cpu_time_ms": {"scale": 60142.45087411303}, "bpf_page_cache_hit": {"scale": 1.0}}, "CurveFit_Weights": [2140956.3217947623, 18.706340154160543, 0.452704640575671, -375.740619385927]}}}