{"platform": {"All_Weights": {"Categorical_Variables": {}, "Numerical_Variables": {"bpf_cpu_time_ms": {"scale": 52279.620485160645}, "bpf_page_cache_hit": {"scale": 1.0}}, "CurveFit_Weights": [8115844.282281744, 12.021250846115004, 0.9020582063614767, -78.20238010393946]}}}