{"platform": {"All_Weights": {"Categorical_Variables": {}, "Numerical_Variables": {"bpf_cpu_time_ms": {"scale": 54128.5908604564}, "bpf_page_cache_hit": {"scale": 1.0}}, "CurveFit_Weights": [11079137.756220773, 7.656433503008069, 1.5605354877150446, 0.5441415782105611]}}}