{"platform": {"All_Weights": {"Categorical_Variables": {}, "Numerical_Variables": {"bpf_cpu_time_us": {"scale": 8000000.0}, "bpf_page_cache_hit": {"scale": 1.0}}, "CurveFit_Weights": [24984.6694358506, 7.522730003178484, 0.0255789553107327, -11219.222987757825]}}}