{"platform": {"All_Weights": {"Categorical_Variables": {}, "Numerical_Variables": {"bpf_cpu_time_ms": {"scale": 6485.77278057086}, "bpf_page_cache_hit": {"scale": 1.0}}, "CurveFit_Weights": [42563.89964548225, -15.355298458284912, 0.26789139890108654, -41794.12995270103]}}}