{"platform": {"All_Weights": {"Categorical_Variables": {}, "Numerical_Variables": {"bpf_cpu_time_us": {"scale": 24000000.0}, "bpf_page_cache_hit": {"scale": 1.0}}, "CurveFit_Weights": [14486944.564990308, 10.389491887063313, 1.151613086408849, -42.05829748252519]}}}