{"platform": {"All_Weights": {"Categorical_Variables": {}, "Numerical_Variables": {"bpf_cpu_time_ms": {"scale": 16010.358429816162}, "bpf_page_cache_hit": {"scale": 1.0}}, "CurveFit_Weights": [395.0111987449321, 0.8283461071047943, 3.1240249764357237, 61.484613849866356]}}}