{"platform": {"All_Weights": {"Categorical_Variables": {}, "Numerical_Variables": {"bpf_cpu_time_ms": {"scale": 16608.225821755237}, "bpf_page_cache_hit": {"scale": 1.0}}, "CurveFit_Weights": [3574013.406808441, 11.313222231440298, 0.9672064734755886, -1.286148175267884]}}}