{"platform": {"All_Weights": {"Categorical_Variables": {}, "Numerical_Variables": {"bpf_cpu_time_us": {"scale": 12000000.0}, "bpf_page_cache_hit": {"scale": 1.0}}, "CurveFit_Weights": [24920.36947070343, 31.076125340803156, 0.034207471300761946, -6289.770898826688]}}}