{"platform": {"All_Weights": {"Categorical_Variables": {}, "Numerical_Variables": {"bpf_cpu_time_us": {"scale": 3097794.6818181816}, "bpf_page_cache_hit": {"scale": 1.0}}, "CurveFit_Weights": [298224.9326960904, -3.0064162769109943, 2.6113869481024743, -297943.83472538885]}}}