{"platform": {"All_Weights": {"Categorical_Variables": {}, "Numerical_Variables": {"bpf_cpu_time_us": {"scale": 240000000.0}, "bpf_page_cache_hit": {"scale": 1.0}}, "CurveFit_Weights": [869730.0400717868, 6.265309862213146, 1.182104299742273, -29.966000345781865]}}}