{"platform": {"All_Weights": {"Categorical_Variables": {}, "Numerical_Variables": {"bpf_cpu_time_us": {"scale": 64000000.0}, "bpf_page_cache_hit": {"scale": 1.0}}, "CurveFit_Weights": [35418.854431215506, 41.53907978232676, 0.04853314350272903, -4055.6673858637905]}}}