{"platform": {"All_Weights": {"Categorical_Variables": {}, "Numerical_Variables": {"bpf_cpu_time_us": {"scale": 20000000.0}, "bpf_page_cache_hit": {"scale": 1.0}}, "CurveFit_Weights": [2464196.4209590745, 7.816009098324107, 1.3620282841996914, -1.91187599787339]}}}