{"platform": {"All_Weights": {"Categorical_Variables": {}, "Numerical_Variables": {"bpf_cpu_time_us": {"scale": 44000000.0}, "bpf_page_cache_hit": {"scale": 1.0}}, "CurveFit_Weights": [754248.1164017362, 19.097768206408478, 0.3951887882944259, -335.1845282329154]}}}