{"platform": {"All_Weights": {"Categorical_Variables": {}, "Numerical_Variables": {"bpf_cpu_time_us": {"scale": 4000000.0}, "bpf_page_cache_hit": {"scale": 1.0}}, "CurveFit_Weights": [2100804.9025639417, 9.197063164190464, 1.2669208310156954, -1.5089717792042727]}}}