{"platform": {"All_Weights": {"Categorical_Variables": {}, "Numerical_Variables": {"bpf_cpu_time_us": {"scale": 4437266.475524475}, "bpf_page_cache_hit": {"scale": 1.0}}, "CurveFit_Weights": [367.8783938078992, 0.410122492300001, 1.821780129344158, 456.7372925812193]}}}