{"platform": {"All_Weights": {"Categorical_Variables": {}, "Numerical_Variables": {"bpf_cpu_time_ms": {"scale": 5411.437750155175}, "bpf_page_cache_hit": {"scale": 1.0}}, "CurveFit_Weights": [42.42039588921674, 0.5311569248600301, 4.17348112643639, 13.369414999335145]}}}