{"platform": {"All_Weights": {"Categorical_Variables": {}, "Numerical_Variables": {"bpf_cpu_time_ms": {"scale": 12000.0}, "bpf_page_cache_hit": {"scale": 1.0}}, "CurveFit_Weights": [335895.0165861295, 11.397971645242045, 0.663466229522751, -95.28571619483036]}}}