{"platform": {"All_Weights": {"Categorical_Variables": {}, "Numerical_Variables": {"bpf_cpu_time_us": {"scale": 112000000.0}, "bpf_page_cache_hit": {"scale": 1.0}}, "CurveFit_Weights": [18307816.33957518, 14.32657265162214, 0.7026552014027091, -454.97722328600304]}}}