{"platform": {"All_Weights": {"Categorical_Variables": {}, "Numerical_Variables": {"bpf_cpu_time_ms": {"scale": 71007.70978118155}, "bpf_page_cache_hit": {"scale": 1.0}}, "CurveFit_Weights": [112261.68025917713, -13.092762774170279, 0.43594995145316195, -111810.47367433854]}}}