{"platform": {"All_Weights": {"Categorical_Variables": {}, "Numerical_Variables": {"bpf_cpu_time_ms": {"scale": 12225.005991096052}, "bpf_page_cache_hit": {"scale": 1.0}}, "CurveFit_Weights": [1483038.3911186026, 20.56926908828866, 0.39469711761952614, -334.5558489319614]}}}