{"platform": {"All_Weights": {"Categorical_Variables": {}, "Numerical_Variables": {"bpf_cpu_time_ms": {"scale": 31510.316498634707}, "bpf_page_cache_hit": {"scale": 1.0}}, "CurveFit_Weights": [290338.7364203783, -4.811390395425164, 1.5944946966438918, -290139.9196221004]}}}