{"platform": {"All_Weights": {"Categorical_Variables": {}, "Numerical_Variables": {"bpf_cpu_time_ms": {"scale": 109108.55866042468}, "bpf_page_cache_hit": {"scale": 1.0}}, "CurveFit_Weights": [372.27192940780157, 0.4481189754268949, 13.882335958791792, 151.35283581490867]}}}