{"platform": {"All_Weights": {"Categorical_Variables": {}, "Numerical_Variables": {"bpf_cpu_time_us": {"scale": 112000000.0}, "bpf_page_cache_hit": {"scale": 1.0}}, "CurveFit_Weights": [2937863.751077143, 10.778523724299488, 0.8385315597868213, -109.42756422574058]}}}