{"platform": {"All_Weights": {"Categorical_Variables": {}, "Numerical_Variables": {"bpf_cpu_time_us": {"scale": 12000000.0}, "bpf_page_cache_hit": {"scale": 1.0}}, "CurveFit_Weights": [24438.222664825975, 33.445330870463295, 0.056024460380870326, -3177.3365807951313]}}}