{"platform": {"All_Weights": {"Categorical_Variables": {}, "Numerical_Variables": {"bpf_cpu_time_us": {"scale": 179012218.90909094}, "bpf_page_cache_hit": {"scale": 1.0}}, "CurveFit_Weights": [4447755.997303847, 7.262271262715651, 1.475525786586752, 58.298561391556234]}}}