{"platform": {"All_Weights": {"Categorical_Variables": {}, "Numerical_Variables": {"bpf_cpu_time_ms": {"scale": 9683.905086357803}, "bpf_page_cache_hit": {"scale": 1.0}}, "CurveFit_Weights": [113153.33355180461, -4.73852217236292, 1.4123555219708226, -112942.34623998588]}}}