{"platform": {"All_Weights": {"Categorical_Variables": {}, "Numerical_Variables": {"bpf_cpu_time_ms": {"scale": 7439.84047830315}, "bpf_page_cache_hit": {"scale": 1.0}}, "CurveFit_Weights": [195.25669061503876, 0.15455979177570456, 2.7683390251782183, 65.78293088018135]}}}