{"platform": {"All_Weights": {"Categorical_Variables": {}, "Numerical_Variables": {"bpf_cpu_time_ms": {"scale": 44870.63732885999}, "bpf_page_cache_hit": {"scale": 1.0}}, "CurveFit_Weights": [1990843.9870485936, 19.864430959579604, 0.41174536725880095, -452.10632047827147]}}}