{"platform": {"All_Weights": {"Categorical_Variables": {}, "Numerical_Variables": {"bpf_cpu_time_us": {"scale": 120000000.0}, "bpf_page_cache_hit": {"scale": 1.0}}, "CurveFit_Weights": [5520416.7487789085, 8.925610260106133, 1.0905209064361394, -115.18412743599008]}}}