{"platform": {"All_Weights": {"Categorical_Variables": {}, "Numerical_Variables": {"bpf_cpu_time_ms": {"scale": 5597.174077811869}, "bpf_page_cache_hit": {"scale": 1.0}}, "CurveFit_Weights": [2992.9324794064423, 3.598932678649575, 1.4686180830190947, 0.98091578333111]}}}