{"platform": {"All_Weights": {"Categorical_Variables": {}, "Numerical_Variables": {"bpf_cpu_time_us": {"scale": 12000000.0}, "bpf_page_cache_hit": {"scale": 1.0}}, "CurveFit_Weights": [88210.58994971585, 38.42090082947212, 0.10935556056138811, -1232.7472962578033]}}}