{"platform": {"All_Weights": {"Categorical_Variables": {}, "Numerical_Variables": {"bpf_cpu_time_ms": {"scale": 24000.0}, "bpf_page_cache_hit": {"scale": 1.0}}, "CurveFit_Weights": [580.5011522670735, 0.0819649109059637, 1.5570208028910788, -179.47457987400574]}}}