{"platform": {"All_Weights": {"Categorical_Variables": {}, "Numerical_Variables": {"bpf_cpu_time_ms": {"scale": 221609.1240173759}, "bpf_page_cache_hit": {"scale": 1.0}}, "CurveFit_Weights": [950134.9769574477, 7.723836849140944, 0.9910155557498835, -213.4724673759609]}}}