{"platform": {"All_Weights": {"Categorical_Variables": {}, "Numerical_Variables": {"bpf_cpu_time_ms": {"scale": 185626.3948752971}, "bpf_page_cache_hit": {"scale": 1.0}}, "CurveFit_Weights": [3170329.9195676986, 12.028912077553494, 0.785814968347968, -153.39211956273178]}}}