{"platform": {"All_Weights": {"Categorical_Variables": {}, "Numerical_Variables": {"bpf_cpu_time_us": {"scale": 64000000.0}, "bpf_page_cache_hit": {"scale": 1.0}}, "CurveFit_Weights": [22684.304491697374, 51.383325886745176, 0.06530332726975231, -701.5451139878992]}}}