{"platform": {"All_Weights": {"Categorical_Variables": {}, "Numerical_Variables": {"bpf_cpu_time_us": {"scale": 96000000.0}, "bpf_page_cache_hit": {"scale": 1.0}}, "CurveFit_Weights": [72448.13571296004, -19.515578343188835, 0.1959593323711627, -70802.32933986867]}}}