{"platform": {"All_Weights": {"Categorical_Variables": {}, "Numerical_Variables": {"bpf_cpu_time_us": {"scale": 64000000.0}, "bpf_page_cache_hit": {"scale": 1.0}}, "CurveFit_Weights": [232075.65917215732, -10.680803217184387, 0.5997574105410585, -231601.2944665183]}}}