{"platform": {"All_Weights": {"Categorical_Variables": {}, "Numerical_Variables": {"bpf_cpu_time_ms": {"scale": 30366.452562332717}, "bpf_page_cache_hit": {"scale": 1.0}}, "CurveFit_Weights": [4388232.3319082605, 13.460528552594493, 0.7643057979905724, -46.70952970701385]}}}