{"platform": {"All_Weights": {"Categorical_Variables": {}, "Numerical_Variables": {"bpf_cpu_time_us": {"scale": 548660.6698564594}, "bpf_page_cache_hit": {"scale": 1.0}}, "CurveFit_Weights": [264.2748102268002, 0.7340278596649695, 3.408398369815351, 207.26222360146465]}}}