{"package": {"All_Weights": {"Bias_Weight": 20.803626458868866, "Categorical_Variables": {}, "Numerical_Variables": {"bpf_cpu_time_us": {"mean": 137650220.50684932, "variance": 64906989337960.34, "weight": -0.4378896931370314}}}}, "core": {"All_Weights": {"Bias_Weight": 0.0, "Categorical_Variables": {}, "Numerical_Variables": {"bpf_cpu_time_us": {"mean": 137650220.50684932, "variance": 64906989337960.34, "weight": 0.0}}}}, "uncore": {"All_Weights": {"Bias_Weight": 0.0, "Categorical_Variables": {}, "Numerical_Variables": {"bpf_cpu_time_us": {"mean": 137650220.50684932, "variance": 64906989337960.34, "weight": 0.0}}}}, "dram": {"All_Weights": {"Bias_Weight": 0.20711610204100386, "Categorical_Variables": {}, "Numerical_Variables": {"bpf_cpu_time_us": {"mean": 137650220.50684932, "variance": 64906989337960.34, "weight": -0.012684979055645461}}}}}