{"platform": {"All_Weights": {"Bias_Weight": 674.9004480185118, "Categorical_Variables": {}, "Numerical_Variables": {"bpf_block_irq": {"mean": 0.4951215960390273, "variance": 0.027851061618461348, "weight": -0.47017789904198276}, "bpf_net_rx_irq": {"mean": 225.86748216106014, "variance": 2067.3979042910396, "weight": 0.1012085481553722}, "bpf_net_tx_irq": {"mean": 0.3133828454929372, "variance": 0.08003496672479962, "weight": -0.37430159334199015}, "cache_miss": {"mean": 11772187.522252472, "variance": 409151166293758.44, "weight": 48.80356542902374}, "cpu_cycles": {"mean": 10958623148.504377, "variance": 1.3653973085887105e+20, "weight": 110.38962867909902}, "cpu_instructions": {"mean": 0.0, "variance": 0.0, "weight": 0.0}}}}}