{"platform": {"All_Weights": {"Bias_Weight": 511.0559647751367, "Categorical_Variables": {}, "Numerical_Variables": {"bpf_block_irq": {"scale": 0.6666666666666666, "mean": 0, "variance": 0, "weight": -21.67643329154326}, "bpf_net_rx_irq": {"scale": 1936.3333333333333, "mean": 0, "variance": 0, "weight": 84.2454936963107}, "bpf_net_tx_irq": {"scale": 1.6666666666666667, "mean": 0, "variance": 0, "weight": -20.020417751348926}, "cache_miss": {"scale": 144445326.66666666, "mean": 0, "variance": 0, "weight": 281.0492917252942}, "cpu_cycles": {"scale": 56749212346.333336, "mean": 0, "variance": 0, "weight": 474.48715805304886}, "cpu_instructions": {"scale": 70755378378.33333, "mean": 0, "variance": 0, "weight": 25.320610986380057}}}}}