{"package": {"All_Weights": {"Categorical_Variables": {}, "Numerical_Variables": {"bpf_cpu_time_ms": {"scale": 71901.33333333333}, "bpf_page_cache_hit": {"scale": 1.0}, "cache_miss": {"scale": 33356886487.666668}, "cpu_cycles": {"scale": 193692353461.00003}, "cpu_instructions": {"scale": 224635433702.66666}}, "CurveFit_Weights": [59.44185564361408, 19.951132818389926, 1.7034245781168835]}}, "core": {"All_Weights": {"Categorical_Variables": {}, "Numerical_Variables": {"bpf_cpu_time_ms": {"scale": 71901.33333333333}, "bpf_page_cache_hit": {"scale": 1.0}, "cache_miss": {"scale": 33356886487.666668}, "cpu_cycles": {"scale": 193692353461.00003}, "cpu_instructions": {"scale": 224635433702.66666}}, "CurveFit_Weights": [0.0, 1.0, 0.0]}}, "uncore": {"All_Weights": {"Categorical_Variables": {}, "Numerical_Variables": {"bpf_cpu_time_ms": {"scale": 71901.33333333333}, "bpf_page_cache_hit": {"scale": 1.0}, "cache_miss": {"scale": 33356886487.666668}, "cpu_cycles": {"scale": 193692353461.00003}, "cpu_instructions": {"scale": 224635433702.66666}}, "CurveFit_Weights": [0.0, 1.0, 0.0]}}, "dram": {"All_Weights": {"Categorical_Variables": {}, "Numerical_Variables": {"bpf_cpu_time_ms": {"scale": 71901.33333333333}, "bpf_page_cache_hit": {"scale": 1.0}, "cache_miss": {"scale": 33356886487.666668}, "cpu_cycles": {"scale": 193692353461.00003}, "cpu_instructions": {"scale": 224635433702.66666}}, "CurveFit_Weights": [1.9319596893374593, 24052857.920120846, -19.32119588090866]}}}