{"package": {"All_Weights": {"Bias_Weight": 415.4308230150052, "Categorical_Variables": {}, "Numerical_Variables": {"kubelet_cpu_usage": {"mean": 6.123171961674231, "variance": 70.12909661204964, "weight": 102.97704121207103}, "kubelet_memory_bytes": {"mean": 9603123.638930913, "variance": 3745854878484309.5, "weight": 4.967905370256782}}}}, "core": {"All_Weights": {"Bias_Weight": 0.0, "Categorical_Variables": {}, "Numerical_Variables": {"kubelet_cpu_usage": {"mean": 6.123171961674231, "variance": 70.12909661204964, "weight": 0.0}, "kubelet_memory_bytes": {"mean": 9603123.638930913, "variance": 3745854878484309.5, "weight": 0.0}}}}, "uncore": {"All_Weights": {"Bias_Weight": 0.0, "Categorical_Variables": {}, "Numerical_Variables": {"kubelet_cpu_usage": {"mean": 6.123171961674231, "variance": 70.12909661204964, "weight": 0.0}, "kubelet_memory_bytes": {"mean": 9603123.638930913, "variance": 3745854878484309.5, "weight": 0.0}}}}, "dram": {"All_Weights": {"Bias_Weight": 167.1594432353361, "Categorical_Variables": {}, "Numerical_Variables": {"kubelet_cpu_usage": {"mean": 6.123171961674231, "variance": 70.12909661204964, "weight": 13.644874190000769}, "kubelet_memory_bytes": {"mean": 9603123.638930913, "variance": 3745854878484309.5, "weight": 0.7710452061870392}}}}}