{"package": {"All_Weights": {"Bias_Weight": 377.34333924172427, "Categorical_Variables": {}, "Numerical_Variables": {"kubelet_cpu_usage": {"mean": 2.7841174507841173, "variance": 4.773214544763872, "weight": 25.923062569582957}, "kubelet_memory_bytes": {"mean": 11109562.896229563, "variance": 6570417164165793.0, "weight": 2.093825670650532}}}}, "core": {"All_Weights": {"Bias_Weight": 0.0, "Categorical_Variables": {}, "Numerical_Variables": {"kubelet_cpu_usage": {"mean": 2.7841174507841173, "variance": 4.773214544763872, "weight": 0.0}, "kubelet_memory_bytes": {"mean": 11109562.896229563, "variance": 6570417164165793.0, "weight": 0.0}}}}, "uncore": {"All_Weights": {"Bias_Weight": 0.0, "Categorical_Variables": {}, "Numerical_Variables": {"kubelet_cpu_usage": {"mean": 2.7841174507841173, "variance": 4.773214544763872, "weight": 0.0}, "kubelet_memory_bytes": {"mean": 11109562.896229563, "variance": 6570417164165793.0, "weight": 0.0}}}}, "dram": {"All_Weights": {"Bias_Weight": 159.76377276861996, "Categorical_Variables": {}, "Numerical_Variables": {"kubelet_cpu_usage": {"mean": 2.7841174507841173, "variance": 4.773214544763872, "weight": 3.7312081067791127}, "kubelet_memory_bytes": {"mean": 11109562.896229563, "variance": 6570417164165793.0, "weight": 0.014555469369112806}}}}}