{"package": {"All_Weights": {"Categorical_Variables": {}, "Numerical_Variables": {"bpf_block_irq": {"scale": 2.3333333333333335}, "bpf_net_rx_irq": {"scale": 350.3333333333333}, "bpf_net_tx_irq": {"scale": 1.0}, "cache_miss": {"scale": 19150439.333333336}, "cpu_cycles": {"scale": 106382758382.66667}, "cpu_instructions": {"scale": 129823412733.66667}}, "CurveFit_Weights": [2009486.8835778313, 0.00017301466487639375, -2009300.585696404]}}, "core": {"All_Weights": {"Categorical_Variables": {}, "Numerical_Variables": {"bpf_block_irq": {"scale": 2.3333333333333335}, "bpf_net_rx_irq": {"scale": 350.3333333333333}, "bpf_net_tx_irq": {"scale": 1.0}, "cache_miss": {"scale": 19150439.333333336}, "cpu_cycles": {"scale": 106382758382.66667}, "cpu_instructions": {"scale": 129823412733.66667}}, "CurveFit_Weights": [0.0, 1.0, 0.0]}}, "uncore": {"All_Weights": {"Categorical_Variables": {}, "Numerical_Variables": {"bpf_block_irq": {"scale": 2.3333333333333335}, "bpf_net_rx_irq": {"scale": 350.3333333333333}, "bpf_net_tx_irq": {"scale": 1.0}, "cache_miss": {"scale": 19150439.333333336}, "cpu_cycles": {"scale": 106382758382.66667}, "cpu_instructions": {"scale": 129823412733.66667}}, "CurveFit_Weights": [0.0, 1.0, 0.0]}}, "dram": {"All_Weights": {"Categorical_Variables": {}, "Numerical_Variables": {"bpf_block_irq": {"scale": 2.3333333333333335}, "bpf_net_rx_irq": {"scale": 350.3333333333333}, "bpf_net_tx_irq": {"scale": 1.0}, "cache_miss": {"scale": 19150439.333333336}, "cpu_cycles": {"scale": 106382758382.66667}, "cpu_instructions": {"scale": 129823412733.66667}}, "CurveFit_Weights": [2310.138978578932, 0.0011436427928711377, -2292.6335714178085]}}}