{"package": {"All_Weights": {"Categorical_Variables": {}, "Numerical_Variables": {"bpf_block_irq": {"scale": 1.3333333333333333}, "bpf_net_rx_irq": {"scale": 360.0}, "bpf_net_tx_irq": {"scale": 1.0}, "cache_miss": {"scale": 20821826.333333332}, "cpu_cycles": {"scale": 105583339653.66667}, "cpu_instructions": {"scale": 129043546838.66666}}, "CurveFit_Weights": [2442480.8031457807, 0.00014870334739820225, -2442306.5623319293]}}, "core": {"All_Weights": {"Categorical_Variables": {}, "Numerical_Variables": {"bpf_block_irq": {"scale": 1.3333333333333333}, "bpf_net_rx_irq": {"scale": 360.0}, "bpf_net_tx_irq": {"scale": 1.0}, "cache_miss": {"scale": 20821826.333333332}, "cpu_cycles": {"scale": 105583339653.66667}, "cpu_instructions": {"scale": 129043546838.66666}}, "CurveFit_Weights": [0.0, 1.0, 0.0]}}, "uncore": {"All_Weights": {"Categorical_Variables": {}, "Numerical_Variables": {"bpf_block_irq": {"scale": 1.3333333333333333}, "bpf_net_rx_irq": {"scale": 360.0}, "bpf_net_tx_irq": {"scale": 1.0}, "cache_miss": {"scale": 20821826.333333332}, "cpu_cycles": {"scale": 105583339653.66667}, "cpu_instructions": {"scale": 129043546838.66666}}, "CurveFit_Weights": [0.0, 1.0, 0.0]}}, "dram": {"All_Weights": {"Categorical_Variables": {}, "Numerical_Variables": {"bpf_block_irq": {"scale": 1.3333333333333333}, "bpf_net_rx_irq": {"scale": 360.0}, "bpf_net_tx_irq": {"scale": 1.0}, "cache_miss": {"scale": 20821826.333333332}, "cpu_cycles": {"scale": 105583339653.66667}, "cpu_instructions": {"scale": 129043546838.66666}}, "CurveFit_Weights": [2118.760353679574, 0.0017301013054220268, -2101.696272105693]}}}