{"package": {"All_Weights": {"Categorical_Variables": {}, "Numerical_Variables": {"bpf_block_irq": {"scale": 0.6666666666666666}, "bpf_net_rx_irq": {"scale": 346.3333333333333}, "bpf_net_tx_irq": {"scale": 1.0}, "cache_miss": {"scale": 42768344.0}, "cpu_cycles": {"scale": 173138343756.0}, "cpu_instructions": {"scale": 203169697829.66666}}, "CurveFit_Weights": [192.39641821173942, 1.0269125087129043, -192.13300278549102]}}, "core": {"All_Weights": {"Categorical_Variables": {}, "Numerical_Variables": {"bpf_block_irq": {"scale": 0.6666666666666666}, "bpf_net_rx_irq": {"scale": 346.3333333333333}, "bpf_net_tx_irq": {"scale": 1.0}, "cache_miss": {"scale": 42768344.0}, "cpu_cycles": {"scale": 173138343756.0}, "cpu_instructions": {"scale": 203169697829.66666}}, "CurveFit_Weights": [185.39222923784877, 1.0509334357921103, -185.25102839661577]}}, "uncore": {"All_Weights": {"Categorical_Variables": {}, "Numerical_Variables": {"bpf_block_irq": {"scale": 0.6666666666666666}, "bpf_net_rx_irq": {"scale": 346.3333333333333}, "bpf_net_tx_irq": {"scale": 1.0}, "cache_miss": {"scale": 42768344.0}, "cpu_cycles": {"scale": 173138343756.0}, "cpu_instructions": {"scale": 203169697829.66666}}, "CurveFit_Weights": [0.0, 1.0, 0.0]}}, "dram": {"All_Weights": {"Categorical_Variables": {}, "Numerical_Variables": {"bpf_block_irq": {"scale": 0.6666666666666666}, "bpf_net_rx_irq": {"scale": 346.3333333333333}, "bpf_net_tx_irq": {"scale": 1.0}, "cache_miss": {"scale": 42768344.0}, "cpu_cycles": {"scale": 173138343756.0}, "cpu_instructions": {"scale": 203169697829.66666}}, "CurveFit_Weights": [297366.5025210604, 0.00022129863464428144, -297362.10090616334]}}}