{"package": {"All_Weights": {"Categorical_Variables": {}, "Numerical_Variables": {"bpf_block_irq": {"scale": 0.6666666666666666}, "bpf_net_rx_irq": {"scale": 390.0}, "bpf_net_tx_irq": {"scale": 1.0}, "cache_miss": {"scale": 38406299.33333333}, "cpu_cycles": {"scale": 151869861847.0}, "cpu_instructions": {"scale": 182915009775.99997}}, "CurveFit_Weights": [2273004.803904725, 0.00013864919041605328, -2272878.1470438265]}}, "core": {"All_Weights": {"Categorical_Variables": {}, "Numerical_Variables": {"bpf_block_irq": {"scale": 0.6666666666666666}, "bpf_net_rx_irq": {"scale": 390.0}, "bpf_net_tx_irq": {"scale": 1.0}, "cache_miss": {"scale": 38406299.33333333}, "cpu_cycles": {"scale": 151869861847.0}, "cpu_instructions": {"scale": 182915009775.99997}}, "CurveFit_Weights": [0.0, 1.0, 0.0]}}, "uncore": {"All_Weights": {"Categorical_Variables": {}, "Numerical_Variables": {"bpf_block_irq": {"scale": 0.6666666666666666}, "bpf_net_rx_irq": {"scale": 390.0}, "bpf_net_tx_irq": {"scale": 1.0}, "cache_miss": {"scale": 38406299.33333333}, "cpu_cycles": {"scale": 151869861847.0}, "cpu_instructions": {"scale": 182915009775.99997}}, "CurveFit_Weights": [0.0, 1.0, 0.0]}}, "dram": {"All_Weights": {"Categorical_Variables": {}, "Numerical_Variables": {"bpf_block_irq": {"scale": 0.6666666666666666}, "bpf_net_rx_irq": {"scale": 390.0}, "bpf_net_tx_irq": {"scale": 1.0}, "cache_miss": {"scale": 38406299.33333333}, "cpu_cycles": {"scale": 151869861847.0}, "cpu_instructions": {"scale": 182915009775.99997}}, "CurveFit_Weights": [26533.322210197934, 0.00031832803991014495, -26506.308634074292]}}}