{"package": {"All_Weights": {"Categorical_Variables": {}, "Numerical_Variables": {"bpf_block_irq": {"scale": 2.3333333333333335}, "bpf_net_rx_irq": {"scale": 350.3333333333333}, "bpf_net_tx_irq": {"scale": 1.0}, "cache_miss": {"scale": 19150439.333333336}, "cpu_cycles": {"scale": 106382758382.66667}, "cpu_instructions": {"scale": 129823412733.66667}}, "CurveFit_Weights": [120.57213895236512, 35.499118056322274, 53.60819163411723]}}, "core": {"All_Weights": {"Categorical_Variables": {}, "Numerical_Variables": {"bpf_block_irq": {"scale": 2.3333333333333335}, "bpf_net_rx_irq": {"scale": 350.3333333333333}, "bpf_net_tx_irq": {"scale": 1.0}, "cache_miss": {"scale": 19150439.333333336}, "cpu_cycles": {"scale": 106382758382.66667}, "cpu_instructions": {"scale": 129823412733.66667}}, "CurveFit_Weights": [0.0, 1.0, 0.0]}}, "uncore": {"All_Weights": {"Categorical_Variables": {}, "Numerical_Variables": {"bpf_block_irq": {"scale": 2.3333333333333335}, "bpf_net_rx_irq": {"scale": 350.3333333333333}, "bpf_net_tx_irq": {"scale": 1.0}, "cache_miss": {"scale": 19150439.333333336}, "cpu_cycles": {"scale": 106382758382.66667}, "cpu_instructions": {"scale": 129823412733.66667}}, "CurveFit_Weights": [0.0, 1.0, 0.0]}}, "dram": {"All_Weights": {"Categorical_Variables": {}, "Numerical_Variables": {"bpf_block_irq": {"scale": 2.3333333333333335}, "bpf_net_rx_irq": {"scale": 350.3333333333333}, "bpf_net_tx_irq": {"scale": 1.0}, "cache_miss": {"scale": 19150439.333333336}, "cpu_cycles": {"scale": 106382758382.66667}, "cpu_instructions": {"scale": 129823412733.66667}}, "CurveFit_Weights": [0.6557615598460161, 396358.4964655663, 11.227469596437153]}}}