{"package": {"All_Weights": {"Categorical_Variables": {}, "Numerical_Variables": {"bpf_block_irq": {"scale": 0.6666666666666666}, "bpf_net_rx_irq": {"scale": 390.0}, "bpf_net_tx_irq": {"scale": 1.0}, "cache_miss": {"scale": 38406299.33333333}, "cpu_cycles": {"scale": 151869861847.0}, "cpu_instructions": {"scale": 182915009775.99997}}, "CurveFit_Weights": [87.17808085239128, 39.041820660287584, 64.81208364362908]}}, "core": {"All_Weights": {"Categorical_Variables": {}, "Numerical_Variables": {"bpf_block_irq": {"scale": 0.6666666666666666}, "bpf_net_rx_irq": {"scale": 390.0}, "bpf_net_tx_irq": {"scale": 1.0}, "cache_miss": {"scale": 38406299.33333333}, "cpu_cycles": {"scale": 151869861847.0}, "cpu_instructions": {"scale": 182915009775.99997}}, "CurveFit_Weights": [0.0, 1.0, 0.0]}}, "uncore": {"All_Weights": {"Categorical_Variables": {}, "Numerical_Variables": {"bpf_block_irq": {"scale": 0.6666666666666666}, "bpf_net_rx_irq": {"scale": 390.0}, "bpf_net_tx_irq": {"scale": 1.0}, "cache_miss": {"scale": 38406299.33333333}, "cpu_cycles": {"scale": 151869861847.0}, "cpu_instructions": {"scale": 182915009775.99997}}, "CurveFit_Weights": [0.0, 1.0, 0.0]}}, "dram": {"All_Weights": {"Categorical_Variables": {}, "Numerical_Variables": {"bpf_block_irq": {"scale": 0.6666666666666666}, "bpf_net_rx_irq": {"scale": 390.0}, "bpf_net_tx_irq": {"scale": 1.0}, "cache_miss": {"scale": 38406299.33333333}, "cpu_cycles": {"scale": 151869861847.0}, "cpu_instructions": {"scale": 182915009775.99997}}, "CurveFit_Weights": [1.7794055844437817, 2404019.6518681124, 7.460039826512452]}}}