{"package": {"All_Weights": {"Categorical_Variables": {}, "Numerical_Variables": {"bpf_block_irq": {"scale": 1.3333333333333333}, "bpf_net_rx_irq": {"scale": 360.0}, "bpf_net_tx_irq": {"scale": 1.0}, "cache_miss": {"scale": 20821826.333333332}, "cpu_cycles": {"scale": 105583339653.66667}, "cpu_instructions": {"scale": 129043546838.66666}}, "CurveFit_Weights": [116.60913262302338, 40.86052046757494, 52.077048315907355]}}, "core": {"All_Weights": {"Categorical_Variables": {}, "Numerical_Variables": {"bpf_block_irq": {"scale": 1.3333333333333333}, "bpf_net_rx_irq": {"scale": 360.0}, "bpf_net_tx_irq": {"scale": 1.0}, "cache_miss": {"scale": 20821826.333333332}, "cpu_cycles": {"scale": 105583339653.66667}, "cpu_instructions": {"scale": 129043546838.66666}}, "CurveFit_Weights": [0.0, 1.0, 0.0]}}, "uncore": {"All_Weights": {"Categorical_Variables": {}, "Numerical_Variables": {"bpf_block_irq": {"scale": 1.3333333333333333}, "bpf_net_rx_irq": {"scale": 360.0}, "bpf_net_tx_irq": {"scale": 1.0}, "cache_miss": {"scale": 20821826.333333332}, "cpu_cycles": {"scale": 105583339653.66667}, "cpu_instructions": {"scale": 129043546838.66666}}, "CurveFit_Weights": [0.0, 1.0, 0.0]}}, "dram": {"All_Weights": {"Categorical_Variables": {}, "Numerical_Variables": {"bpf_block_irq": {"scale": 1.3333333333333333}, "bpf_net_rx_irq": {"scale": 360.0}, "bpf_net_tx_irq": {"scale": 1.0}, "cache_miss": {"scale": 20821826.333333332}, "cpu_cycles": {"scale": 105583339653.66667}, "cpu_instructions": {"scale": 129043546838.66666}}, "CurveFit_Weights": [6.744946346213876, 0.6538470058144281, 17.18205311428846]}}}