{"package": {"All_Weights": {"Categorical_Variables": {}, "Numerical_Variables": {"bpf_block_irq": {"scale": 1.6666666666666667}, "bpf_net_rx_irq": {"scale": 340.3333333333333}, "bpf_net_tx_irq": {"scale": 1.0}, "cache_miss": {"scale": 896014183.0}, "cpu_cycles": {"scale": 98242894842.66667}, "cpu_instructions": {"scale": 131924440822.99998}}, "CurveFit_Weights": [59.61300432618348, 23.408901846677505, 53.02295777132184]}}, "core": {"All_Weights": {"Categorical_Variables": {}, "Numerical_Variables": {"bpf_block_irq": {"scale": 1.6666666666666667}, "bpf_net_rx_irq": {"scale": 340.3333333333333}, "bpf_net_tx_irq": {"scale": 1.0}, "cache_miss": {"scale": 896014183.0}, "cpu_cycles": {"scale": 98242894842.66667}, "cpu_instructions": {"scale": 131924440822.99998}}, "CurveFit_Weights": [0.0, 1.0, 0.0]}}, "uncore": {"All_Weights": {"Categorical_Variables": {}, "Numerical_Variables": {"bpf_block_irq": {"scale": 1.6666666666666667}, "bpf_net_rx_irq": {"scale": 340.3333333333333}, "bpf_net_tx_irq": {"scale": 1.0}, "cache_miss": {"scale": 896014183.0}, "cpu_cycles": {"scale": 98242894842.66667}, "cpu_instructions": {"scale": 131924440822.99998}}, "CurveFit_Weights": [0.0, 1.0, 0.0]}}, "dram": {"All_Weights": {"Categorical_Variables": {}, "Numerical_Variables": {"bpf_block_irq": {"scale": 1.6666666666666667}, "bpf_net_rx_irq": {"scale": 340.3333333333333}, "bpf_net_tx_irq": {"scale": 1.0}, "cache_miss": {"scale": 896014183.0}, "cpu_cycles": {"scale": 98242894842.66667}, "cpu_instructions": {"scale": 131924440822.99998}}, "CurveFit_Weights": [22.60919945813972, 4.47199860061157, 25.01709390318856]}}}