{"package": {"All_Weights": {"Bias_Weight": 82.67503299273619, "Categorical_Variables": {}, "Numerical_Variables": {"bpf_block_irq": {"scale": 2.3333333333333335, "weight": -11.516760831118614}, "bpf_net_rx_irq": {"scale": 350.3333333333333, "weight": -7.737990392915421}, "bpf_net_tx_irq": {"scale": 1.0, "weight": 0.0}, "cache_miss": {"scale": 19150439.333333336, "weight": -36.911489705182305}, "cpu_cycles": {"scale": 106382758382.66667, "weight": 348.5688234133136}, "cpu_instructions": {"scale": 129823412733.66667, "weight": 98.56962482556983}}}}, "core": {"All_Weights": {"Bias_Weight": 0.0, "Categorical_Variables": {}, "Numerical_Variables": {"bpf_block_irq": {"scale": 2.3333333333333335, "weight": 0.0}, "bpf_net_rx_irq": {"scale": 350.3333333333333, "weight": 0.0}, "bpf_net_tx_irq": {"scale": 1.0, "weight": 0.0}, "cache_miss": {"scale": 19150439.333333336, "weight": 0.0}, "cpu_cycles": {"scale": 106382758382.66667, "weight": 0.0}, "cpu_instructions": {"scale": 129823412733.66667, "weight": 0.0}}}}, "uncore": {"All_Weights": {"Bias_Weight": 0.0, "Categorical_Variables": {}, "Numerical_Variables": {"bpf_block_irq": {"scale": 2.3333333333333335, "weight": 0.0}, "bpf_net_rx_irq": {"scale": 350.3333333333333, "weight": 0.0}, "bpf_net_tx_irq": {"scale": 1.0, "weight": 0.0}, "cache_miss": {"scale": 19150439.333333336, "weight": 0.0}, "cpu_cycles": {"scale": 106382758382.66667, "weight": 0.0}, "cpu_instructions": {"scale": 129823412733.66667, "weight": 0.0}}}}, "dram": {"All_Weights": {"Bias_Weight": 10.73439684868445, "Categorical_Variables": {}, "Numerical_Variables": {"bpf_block_irq": {"scale": 2.3333333333333335, "weight": 0.4677623661656738}, "bpf_net_rx_irq": {"scale": 350.3333333333333, "weight": 5.521000316573778}, "bpf_net_tx_irq": {"scale": 1.0, "weight": 0.0}, "cache_miss": {"scale": 19150439.333333336, "weight": -1.034004471585467}, "cpu_cycles": {"scale": 106382758382.66667, "weight": 6.079159090631455}, "cpu_instructions": {"scale": 129823412733.66667, "weight": 0.7211683447995625}}}}}