{"package": {"All_Weights": {"Bias_Weight": 80.9553787078676, "Categorical_Variables": {}, "Numerical_Variables": {"bpf_block_irq": {"scale": 1.3333333333333333, "weight": -2.6150783285178156}, "bpf_net_rx_irq": {"scale": 360.0, "weight": -7.0985587964911065}, "bpf_net_tx_irq": {"scale": 1.0, "weight": 0.0}, "cache_miss": {"scale": 20821826.333333332, "weight": -45.5832089052678}, "cpu_cycles": {"scale": 105583339653.66667, "weight": 349.6590013645108}, "cpu_instructions": {"scale": 129043546838.66666, "weight": 97.57074242320348}}}}, "core": {"All_Weights": {"Bias_Weight": 0.0, "Categorical_Variables": {}, "Numerical_Variables": {"bpf_block_irq": {"scale": 1.3333333333333333, "weight": 0.0}, "bpf_net_rx_irq": {"scale": 360.0, "weight": 0.0}, "bpf_net_tx_irq": {"scale": 1.0, "weight": 0.0}, "cache_miss": {"scale": 20821826.333333332, "weight": 0.0}, "cpu_cycles": {"scale": 105583339653.66667, "weight": 0.0}, "cpu_instructions": {"scale": 129043546838.66666, "weight": 0.0}}}}, "uncore": {"All_Weights": {"Bias_Weight": 0.0, "Categorical_Variables": {}, "Numerical_Variables": {"bpf_block_irq": {"scale": 1.3333333333333333, "weight": 0.0}, "bpf_net_rx_irq": {"scale": 360.0, "weight": 0.0}, "bpf_net_tx_irq": {"scale": 1.0, "weight": 0.0}, "cache_miss": {"scale": 20821826.333333332, "weight": 0.0}, "cpu_cycles": {"scale": 105583339653.66667, "weight": 0.0}, "cpu_instructions": {"scale": 129043546838.66666, "weight": 0.0}}}}, "dram": {"All_Weights": {"Bias_Weight": 10.947662656917437, "Categorical_Variables": {}, "Numerical_Variables": {"bpf_block_irq": {"scale": 1.3333333333333333, "weight": 0.9719341330387606}, "bpf_net_rx_irq": {"scale": 360.0, "weight": 4.698642906513535}, "bpf_net_tx_irq": {"scale": 1.0, "weight": 0.0}, "cache_miss": {"scale": 20821826.333333332, "weight": -1.3256917761430445}, "cpu_cycles": {"scale": 105583339653.66667, "weight": 7.073086442903682}, "cpu_instructions": {"scale": 129043546838.66666, "weight": 0.8404074403750601}}}}}