{"package": {"All_Weights": {"Bias_Weight": 99.86979901943361, "Categorical_Variables": {}, "Numerical_Variables": {"bpf_block_irq": {"scale": 0.6666666666666666, "weight": -0.5666350292999288}, "bpf_net_rx_irq": {"scale": 390.0, "weight": -29.435226383264762}, "bpf_net_tx_irq": {"scale": 1.0, "weight": 0.0}, "cache_miss": {"scale": 38406299.33333333, "weight": -43.860116617806675}, "cpu_cycles": {"scale": 151869861847.0, "weight": 309.9260972801605}, "cpu_instructions": {"scale": 182915009775.99997, "weight": 41.29603265670381}}}}, "core": {"All_Weights": {"Bias_Weight": 0.0, "Categorical_Variables": {}, "Numerical_Variables": {"bpf_block_irq": {"scale": 0.6666666666666666, "weight": 0.0}, "bpf_net_rx_irq": {"scale": 390.0, "weight": 0.0}, "bpf_net_tx_irq": {"scale": 1.0, "weight": 0.0}, "cache_miss": {"scale": 38406299.33333333, "weight": 0.0}, "cpu_cycles": {"scale": 151869861847.0, "weight": 0.0}, "cpu_instructions": {"scale": 182915009775.99997, "weight": 0.0}}}}, "uncore": {"All_Weights": {"Bias_Weight": 0.0, "Categorical_Variables": {}, "Numerical_Variables": {"bpf_block_irq": {"scale": 0.6666666666666666, "weight": 0.0}, "bpf_net_rx_irq": {"scale": 390.0, "weight": 0.0}, "bpf_net_tx_irq": {"scale": 1.0, "weight": 0.0}, "cache_miss": {"scale": 38406299.33333333, "weight": 0.0}, "cpu_cycles": {"scale": 151869861847.0, "weight": 0.0}, "cpu_instructions": {"scale": 182915009775.99997, "weight": 0.0}}}}, "dram": {"All_Weights": {"Bias_Weight": 19.633756936730787, "Categorical_Variables": {}, "Numerical_Variables": {"bpf_block_irq": {"scale": 0.6666666666666666, "weight": 0.1771242373729818}, "bpf_net_rx_irq": {"scale": 390.0, "weight": 6.183870835175389}, "bpf_net_tx_irq": {"scale": 1.0, "weight": 0.0}, "cache_miss": {"scale": 38406299.33333333, "weight": -3.8276257821680844}, "cpu_cycles": {"scale": 151869861847.0, "weight": 12.137140891985755}, "cpu_instructions": {"scale": 182915009775.99997, "weight": 0.646404204841847}}}}}