{"package": {"All_Weights": {"Bias_Weight": -15.2506873054646, "Categorical_Variables": {}, "Numerical_Variables": {"bpf_block_irq": {"scale": 1.6666666666666667, "weight": -0.3173750389432666}, "bpf_net_rx_irq": {"scale": 382.0, "weight": 10.374297719414837}, "bpf_net_tx_irq": {"scale": 1.0, "weight": 0.0}, "cache_miss": {"scale": 42758263.666666664, "weight": 153.61019551806243}, "cpu_cycles": {"scale": 149882398653.33334, "weight": 13.551026010459486}, "cpu_instructions": {"scale": 183752234604.0, "weight": 231.92993842235083}}}}, "core": {"All_Weights": {"Bias_Weight": -14.186284535517087, "Categorical_Variables": {}, "Numerical_Variables": {"bpf_block_irq": {"scale": 1.6666666666666667, "weight": -0.651246193314014}, "bpf_net_rx_irq": {"scale": 382.0, "weight": 8.136946468968723}, "bpf_net_tx_irq": {"scale": 1.0, "weight": 0.0}, "cache_miss": {"scale": 42758263.666666664, "weight": 149.43946033272383}, "cpu_cycles": {"scale": 149882398653.33334, "weight": 13.806596312587333}, "cpu_instructions": {"scale": 183752234604.0, "weight": 232.81317743850468}}}}, "uncore": {"All_Weights": {"Bias_Weight": 0.0, "Categorical_Variables": {}, "Numerical_Variables": {"bpf_block_irq": {"scale": 1.6666666666666667, "weight": 0.0}, "bpf_net_rx_irq": {"scale": 382.0, "weight": 0.0}, "bpf_net_tx_irq": {"scale": 1.0, "weight": 0.0}, "cache_miss": {"scale": 42758263.666666664, "weight": 0.0}, "cpu_cycles": {"scale": 149882398653.33334, "weight": 0.0}, "cpu_instructions": {"scale": 183752234604.0, "weight": 0.0}}}}, "dram": {"All_Weights": {"Bias_Weight": -1.8447845681727513, "Categorical_Variables": {}, "Numerical_Variables": {"bpf_block_irq": {"scale": 1.6666666666666667, "weight": -0.2570779976044154}, "bpf_net_rx_irq": {"scale": 382.0, "weight": 0.5537005084242245}, "bpf_net_tx_irq": {"scale": 1.0, "weight": 0.0}, "cache_miss": {"scale": 42758263.666666664, "weight": 24.562910685698558}, "cpu_cycles": {"scale": 149882398653.33334, "weight": 2.218215941840386}, "cpu_instructions": {"scale": 183752234604.0, "weight": 37.4877257295227}}}}}