{"package": {"All_Weights": {"Bias_Weight": 45.14258864130967, "Categorical_Variables": {}, "Numerical_Variables": {"bpf_block_irq": {"scale": 4.0, "weight": 0.7276001047422578}, "bpf_net_rx_irq": {"scale": 379.0, "weight": -0.014175495326655465}, "bpf_net_tx_irq": {"scale": 1.0, "weight": 0.0}, "cache_miss": {"scale": 15910928.999999998, "weight": -1.876424916467894}, "cpu_cycles": {"scale": 97698336411.0, "weight": 120.09899864867442}, "cpu_instructions": {"scale": 113818923081.66667, "weight": 68.03597018721726}}}}, "core": {"All_Weights": {"Bias_Weight": 0.0, "Categorical_Variables": {}, "Numerical_Variables": {"bpf_block_irq": {"scale": 4.0, "weight": 0.0}, "bpf_net_rx_irq": {"scale": 379.0, "weight": 0.0}, "bpf_net_tx_irq": {"scale": 1.0, "weight": 0.0}, "cache_miss": {"scale": 15910928.999999998, "weight": 0.0}, "cpu_cycles": {"scale": 97698336411.0, "weight": 0.0}, "cpu_instructions": {"scale": 113818923081.66667, "weight": 0.0}}}}, "uncore": {"All_Weights": {"Bias_Weight": 0.0, "Categorical_Variables": {}, "Numerical_Variables": {"bpf_block_irq": {"scale": 4.0, "weight": 0.0}, "bpf_net_rx_irq": {"scale": 379.0, "weight": 0.0}, "bpf_net_tx_irq": {"scale": 1.0, "weight": 0.0}, "cache_miss": {"scale": 15910928.999999998, "weight": 0.0}, "cpu_cycles": {"scale": 97698336411.0, "weight": 0.0}, "cpu_instructions": {"scale": 113818923081.66667, "weight": 0.0}}}}, "dram": {"All_Weights": {"Bias_Weight": 16.028268967787053, "Categorical_Variables": {}, "Numerical_Variables": {"bpf_block_irq": {"scale": 4.0, "weight": 0.9421178709542278}, "bpf_net_rx_irq": {"scale": 379.0, "weight": 4.243544441733884}, "bpf_net_tx_irq": {"scale": 1.0, "weight": 0.0}, "cache_miss": {"scale": 15910928.999999998, "weight": -2.5193057994648926}, "cpu_cycles": {"scale": 97698336411.0, "weight": 8.882698719531566}, "cpu_instructions": {"scale": 113818923081.66667, "weight": 1.0873980464197763}}}}}