{"package": {"All_Weights": {"Bias_Weight": 52.38384632992564, "Categorical_Variables": {}, "Numerical_Variables": {"bpf_block_irq": {"scale": 1.6666666666666667, "weight": 1.2271157725360224}, "bpf_net_rx_irq": {"scale": 340.3333333333333, "weight": 4.019159677071445}, "bpf_net_tx_irq": {"scale": 1.0, "weight": 0.0}, "cache_miss": {"scale": 896014183.0, "weight": 4.510967412465827}, "cpu_cycles": {"scale": 98242894842.66667, "weight": 155.19363868227262}, "cpu_instructions": {"scale": 131924440822.99998, "weight": 18.954364038507677}}}}, "core": {"All_Weights": {"Bias_Weight": 0.0, "Categorical_Variables": {}, "Numerical_Variables": {"bpf_block_irq": {"scale": 1.6666666666666667, "weight": 0.0}, "bpf_net_rx_irq": {"scale": 340.3333333333333, "weight": 0.0}, "bpf_net_tx_irq": {"scale": 1.0, "weight": 0.0}, "cache_miss": {"scale": 896014183.0, "weight": 0.0}, "cpu_cycles": {"scale": 98242894842.66667, "weight": 0.0}, "cpu_instructions": {"scale": 131924440822.99998, "weight": 0.0}}}}, "uncore": {"All_Weights": {"Bias_Weight": 0.0, "Categorical_Variables": {}, "Numerical_Variables": {"bpf_block_irq": {"scale": 1.6666666666666667, "weight": 0.0}, "bpf_net_rx_irq": {"scale": 340.3333333333333, "weight": 0.0}, "bpf_net_tx_irq": {"scale": 1.0, "weight": 0.0}, "cache_miss": {"scale": 896014183.0, "weight": 0.0}, "cpu_cycles": {"scale": 98242894842.66667, "weight": 0.0}, "cpu_instructions": {"scale": 131924440822.99998, "weight": 0.0}}}}, "dram": {"All_Weights": {"Bias_Weight": 19.684817025443753, "Categorical_Variables": {}, "Numerical_Variables": {"bpf_block_irq": {"scale": 1.6666666666666667, "weight": -0.4162936720210049}, "bpf_net_rx_irq": {"scale": 340.3333333333333, "weight": 5.3700065129352845}, "bpf_net_tx_irq": {"scale": 1.0, "weight": 0.0}, "cache_miss": {"scale": 896014183.0, "weight": 40.734252586488076}, "cpu_cycles": {"scale": 98242894842.66667, "weight": 8.860840796168137}, "cpu_instructions": {"scale": 131924440822.99998, "weight": -7.160961842305163}}}}}