{"package": {"All_Weights": {"Bias_Weight": -17.236265597375375, "Categorical_Variables": {}, "Numerical_Variables": {"bpf_block_irq": {"scale": 0.6666666666666666, "weight": 0.8296940884709012}, "bpf_net_rx_irq": {"scale": 346.3333333333333, "weight": 10.932787550929673}, "bpf_net_tx_irq": {"scale": 1.0, "weight": 0.0}, "cache_miss": {"scale": 42768344.0, "weight": 166.09283147167164}, "cpu_cycles": {"scale": 173138343756.0, "weight": 26.083487052140597}, "cpu_instructions": {"scale": 203169697829.66666, "weight": 198.65849648486528}}}}, "core": {"All_Weights": {"Bias_Weight": -16.018991313362193, "Categorical_Variables": {}, "Numerical_Variables": {"bpf_block_irq": {"scale": 0.6666666666666666, "weight": -0.758942279196101}, "bpf_net_rx_irq": {"scale": 346.3333333333333, "weight": 10.209275538046233}, "bpf_net_tx_irq": {"scale": 1.0, "weight": 0.0}, "cache_miss": {"scale": 42768344.0, "weight": 165.71131340985295}, "cpu_cycles": {"scale": 173138343756.0, "weight": 25.674834545504666}, "cpu_instructions": {"scale": 203169697829.66666, "weight": 198.29445744664866}}}}, "uncore": {"All_Weights": {"Bias_Weight": 0.0, "Categorical_Variables": {}, "Numerical_Variables": {"bpf_block_irq": {"scale": 0.6666666666666666, "weight": 0.0}, "bpf_net_rx_irq": {"scale": 346.3333333333333, "weight": 0.0}, "bpf_net_tx_irq": {"scale": 1.0, "weight": 0.0}, "cache_miss": {"scale": 42768344.0, "weight": 0.0}, "cpu_cycles": {"scale": 173138343756.0, "weight": 0.0}, "cpu_instructions": {"scale": 203169697829.66666, "weight": 0.0}}}}, "dram": {"All_Weights": {"Bias_Weight": -3.430440303689407, "Categorical_Variables": {}, "Numerical_Variables": {"bpf_block_irq": {"scale": 0.6666666666666666, "weight": -0.3569222267755851}, "bpf_net_rx_irq": {"scale": 346.3333333333333, "weight": 2.6797991717012546}, "bpf_net_tx_irq": {"scale": 1.0, "weight": 0.0}, "cache_miss": {"scale": 42768344.0, "weight": 26.794117239914648}, "cpu_cycles": {"scale": 173138343756.0, "weight": 5.2761975341011915}, "cpu_instructions": {"scale": 203169697829.66666, "weight": 31.078169094025856}}}}}