{"package": {"All_Weights": {"Categorical_Variables": {}, "Numerical_Variables": {"cache_miss": {"scale": 42768344.0}, "cpu_cycles": {"scale": 173138343756.0}, "cpu_instructions": {"scale": 203169697829.66666}}, "CurveFit_Weights": [192.04328003691487, 1.027570189597653, -191.8921557910986]}}, "core": {"All_Weights": {"Categorical_Variables": {}, "Numerical_Variables": {"cache_miss": {"scale": 42768344.0}, "cpu_cycles": {"scale": 173138343756.0}, "cpu_instructions": {"scale": 203169697829.66666}}, "CurveFit_Weights": [187.2822836880348, 1.0453177164714873, -187.55392681116706]}}, "uncore": {"All_Weights": {"Categorical_Variables": {}, "Numerical_Variables": {"cache_miss": {"scale": 42768344.0}, "cpu_cycles": {"scale": 173138343756.0}, "cpu_instructions": {"scale": 203169697829.66666}}, "CurveFit_Weights": [0.0, 1.0, 0.0]}}, "dram": {"All_Weights": {"Categorical_Variables": {}, "Numerical_Variables": {"cache_miss": {"scale": 42768344.0}, "cpu_cycles": {"scale": 173138343756.0}, "cpu_instructions": {"scale": 203169697829.66666}}, "CurveFit_Weights": [307447.0914604845, 0.00021823259445405, -307442.7204064243]}}}