{"package": {"All_Weights": {"Categorical_Variables": {}, "Numerical_Variables": {"cache_miss": {"scale": 20821826.333333332}, "cpu_cycles": {"scale": 105583339653.66667}, "cpu_instructions": {"scale": 129043546838.66666}}, "CurveFit_Weights": [2110974.014530577, 0.00017747598297794377, -2110806.6113740816]}}, "core": {"All_Weights": {"Categorical_Variables": {}, "Numerical_Variables": {"cache_miss": {"scale": 20821826.333333332}, "cpu_cycles": {"scale": 105583339653.66667}, "cpu_instructions": {"scale": 129043546838.66666}}, "CurveFit_Weights": [0.0, 1.0, 0.0]}}, "uncore": {"All_Weights": {"Categorical_Variables": {}, "Numerical_Variables": {"cache_miss": {"scale": 20821826.333333332}, "cpu_cycles": {"scale": 105583339653.66667}, "cpu_instructions": {"scale": 129043546838.66666}}, "CurveFit_Weights": [0.0, 1.0, 0.0]}}, "dram": {"All_Weights": {"Categorical_Variables": {}, "Numerical_Variables": {"cache_miss": {"scale": 20821826.333333332}, "cpu_cycles": {"scale": 105583339653.66667}, "cpu_instructions": {"scale": 129043546838.66666}}, "CurveFit_Weights": [4978.419902960733, 0.0007663304928662997, -4961.431753159096]}}}