{"package": {"All_Weights": {"Categorical_Variables": {}, "Numerical_Variables": {"cache_miss": {"scale": 19150439.333333336}, "cpu_cycles": {"scale": 106382758382.66667}, "cpu_instructions": {"scale": 129823412733.66667}}, "CurveFit_Weights": [1783967.0049884315, 0.00020052738270614928, -1783784.8907771185]}}, "core": {"All_Weights": {"Categorical_Variables": {}, "Numerical_Variables": {"cache_miss": {"scale": 19150439.333333336}, "cpu_cycles": {"scale": 106382758382.66667}, "cpu_instructions": {"scale": 129823412733.66667}}, "CurveFit_Weights": [0.0, 1.0, 0.0]}}, "uncore": {"All_Weights": {"Categorical_Variables": {}, "Numerical_Variables": {"cache_miss": {"scale": 19150439.333333336}, "cpu_cycles": {"scale": 106382758382.66667}, "cpu_instructions": {"scale": 129823412733.66667}}, "CurveFit_Weights": [0.0, 1.0, 0.0]}}, "dram": {"All_Weights": {"Categorical_Variables": {}, "Numerical_Variables": {"cache_miss": {"scale": 19150439.333333336}, "cpu_cycles": {"scale": 106382758382.66667}, "cpu_instructions": {"scale": 129823412733.66667}}, "CurveFit_Weights": [4017.7520126979493, 0.0007914251981786625, -4000.4739454573905]}}}