{"package": {"All_Weights": {"Categorical_Variables": {}, "Numerical_Variables": {"cache_miss": {"scale": 38406299.33333333}, "cpu_cycles": {"scale": 151869861847.0}, "cpu_instructions": {"scale": 182915009775.99997}}, "CurveFit_Weights": [2744414.9450440123, 0.00011562229184651816, -2744290.7149259853]}}, "core": {"All_Weights": {"Categorical_Variables": {}, "Numerical_Variables": {"cache_miss": {"scale": 38406299.33333333}, "cpu_cycles": {"scale": 151869861847.0}, "cpu_instructions": {"scale": 182915009775.99997}}, "CurveFit_Weights": [0.0, 1.0, 0.0]}}, "uncore": {"All_Weights": {"Categorical_Variables": {}, "Numerical_Variables": {"cache_miss": {"scale": 38406299.33333333}, "cpu_cycles": {"scale": 151869861847.0}, "cpu_instructions": {"scale": 182915009775.99997}}, "CurveFit_Weights": [0.0, 1.0, 0.0]}}, "dram": {"All_Weights": {"Categorical_Variables": {}, "Numerical_Variables": {"cache_miss": {"scale": 38406299.33333333}, "cpu_cycles": {"scale": 151869861847.0}, "cpu_instructions": {"scale": 182915009775.99997}}, "CurveFit_Weights": [33252.18128957112, 0.00025168283835154127, -33225.17183756271]}}}