{"package": {"All_Weights": {"Categorical_Variables": {}, "Numerical_Variables": {"cache_miss": {"scale": 38154372.0}, "cpu_cycles": {"scale": 174296413115.33334}, "cpu_instructions": {"scale": 204726937982.66666}}, "CurveFit_Weights": [2222610.1144064665, 0.00018312700813055252, -2222451.4236557004]}}, "core": {"All_Weights": {"Categorical_Variables": {}, "Numerical_Variables": {"cache_miss": {"scale": 38154372.0}, "cpu_cycles": {"scale": 174296413115.33334}, "cpu_instructions": {"scale": 204726937982.66666}}, "CurveFit_Weights": [0.0, 1.0, 0.0]}}, "uncore": {"All_Weights": {"Categorical_Variables": {}, "Numerical_Variables": {"cache_miss": {"scale": 38154372.0}, "cpu_cycles": {"scale": 174296413115.33334}, "cpu_instructions": {"scale": 204726937982.66666}}, "CurveFit_Weights": [0.0, 1.0, 0.0]}}, "dram": {"All_Weights": {"Categorical_Variables": {}, "Numerical_Variables": {"cache_miss": {"scale": 38154372.0}, "cpu_cycles": {"scale": 174296413115.33334}, "cpu_instructions": {"scale": 204726937982.66666}}, "CurveFit_Weights": [12972.573188622857, 0.00034767349874843313, -12957.672675887176]}}}