{"package": {"All_Weights": {"Categorical_Variables": {}, "Numerical_Variables": {"cache_miss": {"scale": 15910928.999999998}, "cpu_cycles": {"scale": 97698336411.0}, "cpu_instructions": {"scale": 113818923081.66667}}, "CurveFit_Weights": [1308648.4692362717, 0.00014716391537317238, -1308590.8754381577]}}, "core": {"All_Weights": {"Categorical_Variables": {}, "Numerical_Variables": {"cache_miss": {"scale": 15910928.999999998}, "cpu_cycles": {"scale": 97698336411.0}, "cpu_instructions": {"scale": 113818923081.66667}}, "CurveFit_Weights": [0.0, 1.0, 0.0]}}, "uncore": {"All_Weights": {"Categorical_Variables": {}, "Numerical_Variables": {"cache_miss": {"scale": 15910928.999999998}, "cpu_cycles": {"scale": 97698336411.0}, "cpu_instructions": {"scale": 113818923081.66667}}, "CurveFit_Weights": [0.0, 1.0, 0.0]}}, "dram": {"All_Weights": {"Categorical_Variables": {}, "Numerical_Variables": {"cache_miss": {"scale": 15910928.999999998}, "cpu_cycles": {"scale": 97698336411.0}, "cpu_instructions": {"scale": 113818923081.66667}}, "CurveFit_Weights": [29527.631419772664, 0.0002096503271062015, -29506.33159770558]}}}