{"package": {"All_Weights": {"Categorical_Variables": {}, "Numerical_Variables": {"cache_miss": {"scale": 896014183.0}, "cpu_cycles": {"scale": 98242894842.66667}, "cpu_instructions": {"scale": 131924440822.99998}}, "CurveFit_Weights": [1713661.7397142604, 0.00011833385406379609, -1713569.7653988942]}}, "core": {"All_Weights": {"Categorical_Variables": {}, "Numerical_Variables": {"cache_miss": {"scale": 896014183.0}, "cpu_cycles": {"scale": 98242894842.66667}, "cpu_instructions": {"scale": 131924440822.99998}}, "CurveFit_Weights": [0.0, 1.0, 0.0]}}, "uncore": {"All_Weights": {"Categorical_Variables": {}, "Numerical_Variables": {"cache_miss": {"scale": 896014183.0}, "cpu_cycles": {"scale": 98242894842.66667}, "cpu_instructions": {"scale": 131924440822.99998}}, "CurveFit_Weights": [0.0, 1.0, 0.0]}}, "dram": {"All_Weights": {"Categorical_Variables": {}, "Numerical_Variables": {"cache_miss": {"scale": 896014183.0}, "cpu_cycles": {"scale": 98242894842.66667}, "cpu_instructions": {"scale": 131924440822.99998}}, "CurveFit_Weights": [291265.76486913767, 0.0001562194725863776, -291240.2622499574]}}}