{"package": {"All_Weights": {"Categorical_Variables": {}, "Numerical_Variables": {"cache_miss": {"scale": 38406299.33333333}, "cpu_cycles": {"scale": 151869861847.0}, "cpu_instructions": {"scale": 182915009775.99997}}, "CurveFit_Weights": [84.49686257291916, 43.361509232681996, 64.36817988673344]}}, "core": {"All_Weights": {"Categorical_Variables": {}, "Numerical_Variables": {"cache_miss": {"scale": 38406299.33333333}, "cpu_cycles": {"scale": 151869861847.0}, "cpu_instructions": {"scale": 182915009775.99997}}, "CurveFit_Weights": [0.0, 1.0, 0.0]}}, "uncore": {"All_Weights": {"Categorical_Variables": {}, "Numerical_Variables": {"cache_miss": {"scale": 38406299.33333333}, "cpu_cycles": {"scale": 151869861847.0}, "cpu_instructions": {"scale": 182915009775.99997}}, "CurveFit_Weights": [0.0, 1.0, 0.0]}}, "dram": {"All_Weights": {"Categorical_Variables": {}, "Numerical_Variables": {"cache_miss": {"scale": 38406299.33333333}, "cpu_cycles": {"scale": 151869861847.0}, "cpu_instructions": {"scale": 182915009775.99997}}, "CurveFit_Weights": [1.6368356414088385, 2252007.7480919077, 9.469331053532446]}}}