{"package": {"All_Weights": {"Categorical_Variables": {}, "Numerical_Variables": {"cache_miss": {"scale": 896014183.0}, "cpu_cycles": {"scale": 98242894842.66667}, "cpu_instructions": {"scale": 131924440822.99998}}, "CurveFit_Weights": [61.056858842316906, 21.943869112493854, 53.04781852125035]}}, "core": {"All_Weights": {"Categorical_Variables": {}, "Numerical_Variables": {"cache_miss": {"scale": 896014183.0}, "cpu_cycles": {"scale": 98242894842.66667}, "cpu_instructions": {"scale": 131924440822.99998}}, "CurveFit_Weights": [0.0, 1.0, 0.0]}}, "uncore": {"All_Weights": {"Categorical_Variables": {}, "Numerical_Variables": {"cache_miss": {"scale": 896014183.0}, "cpu_cycles": {"scale": 98242894842.66667}, "cpu_instructions": {"scale": 131924440822.99998}}, "CurveFit_Weights": [0.0, 1.0, 0.0]}}, "dram": {"All_Weights": {"Categorical_Variables": {}, "Numerical_Variables": {"cache_miss": {"scale": 896014183.0}, "cpu_cycles": {"scale": 98242894842.66667}, "cpu_instructions": {"scale": 131924440822.99998}}, "CurveFit_Weights": [23.62387323132473, 4.073805320932846, 25.056739175290815]}}}