{"package": {"All_Weights": {"Categorical_Variables": {}, "Numerical_Variables": {"cache_miss": {"scale": 19150439.333333336}, "cpu_cycles": {"scale": 106382758382.66667}, "cpu_instructions": {"scale": 129823412733.66667}}, "CurveFit_Weights": [116.0338893399771, 40.57606687238574, 53.290017465159025]}}, "core": {"All_Weights": {"Categorical_Variables": {}, "Numerical_Variables": {"cache_miss": {"scale": 19150439.333333336}, "cpu_cycles": {"scale": 106382758382.66667}, "cpu_instructions": {"scale": 129823412733.66667}}, "CurveFit_Weights": [0.0, 1.0, 0.0]}}, "uncore": {"All_Weights": {"Categorical_Variables": {}, "Numerical_Variables": {"cache_miss": {"scale": 19150439.333333336}, "cpu_cycles": {"scale": 106382758382.66667}, "cpu_instructions": {"scale": 129823412733.66667}}, "CurveFit_Weights": [0.0, 1.0, 0.0]}}, "dram": {"All_Weights": {"Categorical_Variables": {}, "Numerical_Variables": {"cache_miss": {"scale": 19150439.333333336}, "cpu_cycles": {"scale": 106382758382.66667}, "cpu_instructions": {"scale": 129823412733.66667}}, "CurveFit_Weights": [2.0957366153170316, 3.505598551112942, 16.96681530475041]}}}