{"package": {"All_Weights": {"Categorical_Variables": {}, "Numerical_Variables": {"cache_miss": {"scale": 38154372.0}, "cpu_cycles": {"scale": 174296413115.33334}, "cpu_instructions": {"scale": 204726937982.66666}}, "CurveFit_Weights": [103.32095155705898, 62.3054559354727, 62.52151506198677]}}, "core": {"All_Weights": {"Categorical_Variables": {}, "Numerical_Variables": {"cache_miss": {"scale": 38154372.0}, "cpu_cycles": {"scale": 174296413115.33334}, "cpu_instructions": {"scale": 204726937982.66666}}, "CurveFit_Weights": [0.0, 1.0, 0.0]}}, "uncore": {"All_Weights": {"Categorical_Variables": {}, "Numerical_Variables": {"cache_miss": {"scale": 38154372.0}, "cpu_cycles": {"scale": 174296413115.33334}, "cpu_instructions": {"scale": 204726937982.66666}}, "CurveFit_Weights": [0.0, 1.0, 0.0]}}, "dram": {"All_Weights": {"Categorical_Variables": {}, "Numerical_Variables": {"cache_miss": {"scale": 38154372.0}, "cpu_cycles": {"scale": 174296413115.33334}, "cpu_instructions": {"scale": 204726937982.66666}}, "CurveFit_Weights": [1.0050593956172833, 3225246.754252335, 3.610333460660877]}}}