{"package": {"All_Weights": {"Bias_Weight": 55.27666591059542, "Categorical_Variables": {}, "Numerical_Variables": {"cache_miss": {"scale": 896014183.0, "weight": 3.9940849252891804}, "cpu_cycles": {"scale": 98242894842.66667, "weight": 154.44601936339657}, "cpu_instructions": {"scale": 131924440822.99998, "weight": 19.400951214509096}}}}, "core": {"All_Weights": {"Bias_Weight": 0.0, "Categorical_Variables": {}, "Numerical_Variables": {"cache_miss": {"scale": 896014183.0, "weight": 0.0}, "cpu_cycles": {"scale": 98242894842.66667, "weight": 0.0}, "cpu_instructions": {"scale": 131924440822.99998, "weight": 0.0}}}}, "uncore": {"All_Weights": {"Bias_Weight": 0.0, "Categorical_Variables": {}, "Numerical_Variables": {"cache_miss": {"scale": 896014183.0, "weight": 0.0}, "cpu_cycles": {"scale": 98242894842.66667, "weight": 0.0}, "cpu_instructions": {"scale": 131924440822.99998, "weight": 0.0}}}}, "dram": {"All_Weights": {"Bias_Weight": 23.18895303749947, "Categorical_Variables": {}, "Numerical_Variables": {"cache_miss": {"scale": 896014183.0, "weight": 41.01235478118716}, "cpu_cycles": {"scale": 98242894842.66667, "weight": 8.511356439879219}, "cpu_instructions": {"scale": 131924440822.99998, "weight": -7.4490378043269105}}}}}