{"package": {"All_Weights": {"Bias_Weight": 79.01347012306425, "Categorical_Variables": {}, "Numerical_Variables": {"cache_miss": {"scale": 20821826.333333332, "weight": -40.690196861612485}, "cpu_cycles": {"scale": 105583339653.66667, "weight": 347.0327674925975}, "cpu_instructions": {"scale": 129043546838.66666, "weight": 96.31107535609712}}}}, "core": {"All_Weights": {"Bias_Weight": 0.0, "Categorical_Variables": {}, "Numerical_Variables": {"cache_miss": {"scale": 20821826.333333332, "weight": 0.0}, "cpu_cycles": {"scale": 105583339653.66667, "weight": 0.0}, "cpu_instructions": {"scale": 129043546838.66666, "weight": 0.0}}}}, "uncore": {"All_Weights": {"Bias_Weight": 0.0, "Categorical_Variables": {}, "Numerical_Variables": {"cache_miss": {"scale": 20821826.333333332, "weight": 0.0}, "cpu_cycles": {"scale": 105583339653.66667, "weight": 0.0}, "cpu_instructions": {"scale": 129043546838.66666, "weight": 0.0}}}}, "dram": {"All_Weights": {"Bias_Weight": 13.460703579133721, "Categorical_Variables": {}, "Numerical_Variables": {"cache_miss": {"scale": 20821826.333333332, "weight": -0.7803894727118612}, "cpu_cycles": {"scale": 105583339653.66667, "weight": 6.859925504133785}, "cpu_instructions": {"scale": 129043546838.66666, "weight": 1.015299968027339}}}}}