{"package": {"All_Weights": {"Bias_Weight": 78.7539200271731, "Categorical_Variables": {}, "Numerical_Variables": {"cache_miss": {"scale": 19150439.333333336, "weight": -37.25380221722469}, "cpu_cycles": {"scale": 106382758382.66667, "weight": 343.47628548231154}, "cpu_instructions": {"scale": 129823412733.66667, "weight": 101.1318652366393}}}}, "core": {"All_Weights": {"Bias_Weight": 0.0, "Categorical_Variables": {}, "Numerical_Variables": {"cache_miss": {"scale": 19150439.333333336, "weight": 0.0}, "cpu_cycles": {"scale": 106382758382.66667, "weight": 0.0}, "cpu_instructions": {"scale": 129823412733.66667, "weight": 0.0}}}}, "uncore": {"All_Weights": {"Bias_Weight": 0.0, "Categorical_Variables": {}, "Numerical_Variables": {"cache_miss": {"scale": 19150439.333333336, "weight": 0.0}, "cpu_cycles": {"scale": 106382758382.66667, "weight": 0.0}, "cpu_instructions": {"scale": 129823412733.66667, "weight": 0.0}}}}, "dram": {"All_Weights": {"Bias_Weight": 14.182123679824564, "Categorical_Variables": {}, "Numerical_Variables": {"cache_miss": {"scale": 19150439.333333336, "weight": -0.6088769176745948}, "cpu_cycles": {"scale": 106382758382.66667, "weight": 5.96270143891077}, "cpu_instructions": {"scale": 129823412733.66667, "weight": 0.7676436155159061}}}}}