{"package": {"All_Weights": {"Bias_Weight": 80.75658890109423, "Categorical_Variables": {}, "Numerical_Variables": {"cache_miss": {"scale": 38406299.33333333, "weight": -52.11729159934688}, "cpu_cycles": {"scale": 151869861847.0, "weight": 311.63482121549197}, "cpu_instructions": {"scale": 182915009775.99997, "weight": 47.21509358991774}}}}, "core": {"All_Weights": {"Bias_Weight": 0.0, "Categorical_Variables": {}, "Numerical_Variables": {"cache_miss": {"scale": 38406299.33333333, "weight": 0.0}, "cpu_cycles": {"scale": 151869861847.0, "weight": 0.0}, "cpu_instructions": {"scale": 182915009775.99997, "weight": 0.0}}}}, "uncore": {"All_Weights": {"Bias_Weight": 0.0, "Categorical_Variables": {}, "Numerical_Variables": {"cache_miss": {"scale": 38406299.33333333, "weight": 0.0}, "cpu_cycles": {"scale": 151869861847.0, "weight": 0.0}, "cpu_instructions": {"scale": 182915009775.99997, "weight": 0.0}}}}, "dram": {"All_Weights": {"Bias_Weight": 24.006927955172976, "Categorical_Variables": {}, "Numerical_Variables": {"cache_miss": {"scale": 38406299.33333333, "weight": -1.3767828211186792}, "cpu_cycles": {"scale": 151869861847.0, "weight": 9.84931989753365}, "cpu_instructions": {"scale": 182915009775.99997, "weight": 0.9087979749837793}}}}}