{"package": {"All_Weights": {"Bias_Weight": -8.53498824089791, "Categorical_Variables": {}, "Numerical_Variables": {"cache_miss": {"scale": 42768344.0, "weight": 170.00380152261394}, "cpu_cycles": {"scale": 173138343756.0, "weight": 23.90986640212598}, "cpu_instructions": {"scale": 203169697829.66666, "weight": 196.09632873563723}}}}, "core": {"All_Weights": {"Bias_Weight": -8.96137751292288, "Categorical_Variables": {}, "Numerical_Variables": {"cache_miss": {"scale": 42768344.0, "weight": 170.1383601135856}, "cpu_cycles": {"scale": 173138343756.0, "weight": 23.038202677068814}, "cpu_instructions": {"scale": 203169697829.66666, "weight": 197.50035397459206}}}}, "uncore": {"All_Weights": {"Bias_Weight": 0.0, "Categorical_Variables": {}, "Numerical_Variables": {"cache_miss": {"scale": 42768344.0, "weight": 0.0}, "cpu_cycles": {"scale": 173138343756.0, "weight": 0.0}, "cpu_instructions": {"scale": 203169697829.66666, "weight": 0.0}}}}, "dram": {"All_Weights": {"Bias_Weight": -1.466487000939603, "Categorical_Variables": {}, "Numerical_Variables": {"cache_miss": {"scale": 42768344.0, "weight": 27.739905831105073}, "cpu_cycles": {"scale": 173138343756.0, "weight": 4.691565390595825}, "cpu_instructions": {"scale": 203169697829.66666, "weight": 30.550305914240774}}}}}