{"package": {"All_Weights": {"Bias_Weight": 46.018127962538024, "Categorical_Variables": {}, "Numerical_Variables": {"cache_miss": {"scale": 15910928.999999998, "weight": 0.8038639421711636}, "cpu_cycles": {"scale": 97698336411.0, "weight": 117.49590541354968}, "cpu_instructions": {"scale": 113818923081.66667, "weight": 65.49792794061625}}}}, "core": {"All_Weights": {"Bias_Weight": 0.0, "Categorical_Variables": {}, "Numerical_Variables": {"cache_miss": {"scale": 15910928.999999998, "weight": 0.0}, "cpu_cycles": {"scale": 97698336411.0, "weight": 0.0}, "cpu_instructions": {"scale": 113818923081.66667, "weight": 0.0}}}}, "uncore": {"All_Weights": {"Bias_Weight": 0.0, "Categorical_Variables": {}, "Numerical_Variables": {"cache_miss": {"scale": 15910928.999999998, "weight": 0.0}, "cpu_cycles": {"scale": 97698336411.0, "weight": 0.0}, "cpu_instructions": {"scale": 113818923081.66667, "weight": 0.0}}}}, "dram": {"All_Weights": {"Bias_Weight": 19.371286965321367, "Categorical_Variables": {}, "Numerical_Variables": {"cache_miss": {"scale": 15910928.999999998, "weight": -0.9481064059570284}, "cpu_cycles": {"scale": 97698336411.0, "weight": 6.7092112738762495}, "cpu_instructions": {"scale": 113818923081.66667, "weight": 1.5342989224701526}}}}}