{"package": {"All_Weights": {"Bias_Weight": 88.95760547150691, "Categorical_Variables": {}, "Numerical_Variables": {"cache_miss": {"scale": 38154372.0, "weight": -104.92654833508962}, "cpu_cycles": {"scale": 174296413115.33334, "weight": 457.1582887300783}, "cpu_instructions": {"scale": 204726937982.66666, "weight": 49.47177164232722}}}}, "core": {"All_Weights": {"Bias_Weight": 0.0, "Categorical_Variables": {}, "Numerical_Variables": {"cache_miss": {"scale": 38154372.0, "weight": 0.0}, "cpu_cycles": {"scale": 174296413115.33334, "weight": 0.0}, "cpu_instructions": {"scale": 204726937982.66666, "weight": 0.0}}}}, "uncore": {"All_Weights": {"Bias_Weight": 0.0, "Categorical_Variables": {}, "Numerical_Variables": {"cache_miss": {"scale": 38154372.0, "weight": 0.0}, "cpu_cycles": {"scale": 174296413115.33334, "weight": 0.0}, "cpu_instructions": {"scale": 204726937982.66666, "weight": 0.0}}}}, "dram": {"All_Weights": {"Bias_Weight": 13.140471901182599, "Categorical_Variables": {}, "Numerical_Variables": {"cache_miss": {"scale": 38154372.0, "weight": -0.860803951636034}, "cpu_cycles": {"scale": 174296413115.33334, "weight": 5.458825610500549}, "cpu_instructions": {"scale": 204726937982.66666, "weight": 1.1691528874507027}}}}}