{"platform": {"All_Weights": {"Bias_Weight": 601.6744768861344, "Categorical_Variables": {}, "Numerical_Variables": {"bpf_block_irq": {"scale": 0.6666666666666666, "mean": 0, "variance": 0, "weight": -11.505957966890914}, "bpf_cpu_time_us": {"scale": 29170.333333333332, "mean": 0, "variance": 0, "weight": 410.40631060524663}, "bpf_net_rx_irq": {"scale": 1936.3333333333333, "mean": 0, "variance": 0, "weight": 6.861770507202565}, "bpf_net_tx_irq": {"scale": 1.6666666666666667, "mean": 0, "variance": 0, "weight": -50.41119749325765}}}}}