{"platform": {"All_Weights": {"Bias_Weight": 674.4576208214967, "Categorical_Variables": {}, "Numerical_Variables": {"bpf_block_irq": {"mean": 0.4951215960390273, "variance": 0.027851061618461348, "weight": 0.12738269428482057}, "bpf_cpu_time_us": {"mean": 5608.400902868793, "variance": 29661131.240907874, "weight": 119.38257602461144}, "bpf_net_rx_irq": {"mean": 225.86748216106014, "variance": 2067.3979042910396, "weight": -4.474818183024818}, "bpf_net_tx_irq": {"mean": 0.3133828454929372, "variance": 0.08003496672479962, "weight": 2.0960133040657496}}}}}