{"platform": {"All_Weights": {"Bias_Weight": 222.28374475184427, "Categorical_Variables": {}, "Numerical_Variables": {"bpf_block_irq": {"scale": 0.16683299724637102, "mean": 0, "variance": 0, "weight": -1.682252955676908}, "bpf_cpu_time_us": {"scale": 5911.969193263386, "mean": 0, "variance": 0, "weight": 27.832937340346568}, "bpf_net_rx_irq": {"scale": 52.1304315700023, "mean": 0, "variance": 0, "weight": -3.1129085651397195}, "bpf_net_tx_irq": {"scale": 0.2898158296573689, "mean": 0, "variance": 0, "weight": -3.1548464974084043}}}}}