{"package": {"All_Weights": {"Categorical_Variables": {}, "Numerical_Variables": {"bpf_cpu_time_ms": {"scale": 15876.666666666668}, "bpf_page_cache_hit": {"scale": 1.0}}, "CurveFit_Weights": [9.382560085273584, 78720.96431815029, -75.65173667344219]}}, "core": {"All_Weights": {"Categorical_Variables": {}, "Numerical_Variables": {"bpf_cpu_time_ms": {"scale": 15876.666666666668}, "bpf_page_cache_hit": {"scale": 1.0}}, "CurveFit_Weights": [8.765151119376467, 74807.65607658157, -72.43512105958433]}}, "uncore": {"All_Weights": {"Categorical_Variables": {}, "Numerical_Variables": {"bpf_cpu_time_ms": {"scale": 15876.666666666668}, "bpf_page_cache_hit": {"scale": 1.0}}, "CurveFit_Weights": [0.18594861623641779, 0.24052610206998265, 0.20438313016989723]}}, "dram": {"All_Weights": {"Categorical_Variables": {}, "Numerical_Variables": {"bpf_cpu_time_ms": {"scale": 15876.666666666668}, "bpf_page_cache_hit": {"scale": 1.0}}, "CurveFit_Weights": [0.0, 1.0, 0.0]}}}