{"package": {"All_Weights": {"Categorical_Variables": {}, "Numerical_Variables": {"bpf_block_irq": {"scale": 1.0}, "bpf_net_rx_irq": {"scale": 2617.333333333333}, "bpf_net_tx_irq": {"scale": 1.0}, "cache_miss": {"scale": 51054503315.0}, "cpu_cycles": {"scale": 319756002621.6666}, "cpu_instructions": {"scale": 390690985458.6666}}, "CurveFit_Weights": [2429131.0051493873, 0.00016489404590381947, -2428964.2587406747]}}, "core": {"All_Weights": {"Categorical_Variables": {}, "Numerical_Variables": {"bpf_block_irq": {"scale": 1.0}, "bpf_net_rx_irq": {"scale": 2617.333333333333}, "bpf_net_tx_irq": {"scale": 1.0}, "cache_miss": {"scale": 51054503315.0}, "cpu_cycles": {"scale": 319756002621.6666}, "cpu_instructions": {"scale": 390690985458.6666}}, "CurveFit_Weights": [0.0, 1.0, 0.0]}}, "uncore": {"All_Weights": {"Categorical_Variables": {}, "Numerical_Variables": {"bpf_block_irq": {"scale": 1.0}, "bpf_net_rx_irq": {"scale": 2617.333333333333}, "bpf_net_tx_irq": {"scale": 1.0}, "cache_miss": {"scale": 51054503315.0}, "cpu_cycles": {"scale": 319756002621.6666}, "cpu_instructions": {"scale": 390690985458.6666}}, "CurveFit_Weights": [0.0, 1.0, 0.0]}}, "dram": {"All_Weights": {"Categorical_Variables": {}, "Numerical_Variables": {"bpf_block_irq": {"scale": 1.0}, "bpf_net_rx_irq": {"scale": 2617.333333333333}, "bpf_net_tx_irq": {"scale": 1.0}, "cache_miss": {"scale": 51054503315.0}, "cpu_cycles": {"scale": 319756002621.6666}, "cpu_instructions": {"scale": 390690985458.6666}}, "CurveFit_Weights": [36202.612669241396, 0.00017304252948757525, -36188.57683253239]}}}