{"package": {"All_Weights": {"Categorical_Variables": {}, "Numerical_Variables": {"bpf_block_irq": {"scale": 1.0}, "bpf_net_rx_irq": {"scale": 3077.3333333333335}, "bpf_net_tx_irq": {"scale": 1.0}, "cache_miss": {"scale": 47758890482.00001}, "cpu_cycles": {"scale": 296920248053.6666}, "cpu_instructions": {"scale": 365426866197.0}}, "CurveFit_Weights": [1956294.0368846427, 0.00016594349732546997, -1956163.1195698401]}}, "core": {"All_Weights": {"Categorical_Variables": {}, "Numerical_Variables": {"bpf_block_irq": {"scale": 1.0}, "bpf_net_rx_irq": {"scale": 3077.3333333333335}, "bpf_net_tx_irq": {"scale": 1.0}, "cache_miss": {"scale": 47758890482.00001}, "cpu_cycles": {"scale": 296920248053.6666}, "cpu_instructions": {"scale": 365426866197.0}}, "CurveFit_Weights": [0.0, 1.0, 0.0]}}, "uncore": {"All_Weights": {"Categorical_Variables": {}, "Numerical_Variables": {"bpf_block_irq": {"scale": 1.0}, "bpf_net_rx_irq": {"scale": 3077.3333333333335}, "bpf_net_tx_irq": {"scale": 1.0}, "cache_miss": {"scale": 47758890482.00001}, "cpu_cycles": {"scale": 296920248053.6666}, "cpu_instructions": {"scale": 365426866197.0}}, "CurveFit_Weights": [0.0, 1.0, 0.0]}}, "dram": {"All_Weights": {"Categorical_Variables": {}, "Numerical_Variables": {"bpf_block_irq": {"scale": 1.0}, "bpf_net_rx_irq": {"scale": 3077.3333333333335}, "bpf_net_tx_irq": {"scale": 1.0}, "cache_miss": {"scale": 47758890482.00001}, "cpu_cycles": {"scale": 296920248053.6666}, "cpu_instructions": {"scale": 365426866197.0}}, "CurveFit_Weights": [73195.48245965976, 0.00013715074451981524, -73177.8036020114]}}}