{"package": {"All_Weights": {"Categorical_Variables": {}, "Numerical_Variables": {"bpf_block_irq": {"scale": 1.0}, "bpf_net_rx_irq": {"scale": 3999.666666666667}, "bpf_net_tx_irq": {"scale": 1.6666666666666667}, "cache_miss": {"scale": 47960525671.0}, "cpu_cycles": {"scale": 297051278756.0}, "cpu_instructions": {"scale": 366964943029.6667}}, "CurveFit_Weights": [2197021.492279463, 0.00014316559813537695, -2196887.849787369]}}, "core": {"All_Weights": {"Categorical_Variables": {}, "Numerical_Variables": {"bpf_block_irq": {"scale": 1.0}, "bpf_net_rx_irq": {"scale": 3999.666666666667}, "bpf_net_tx_irq": {"scale": 1.6666666666666667}, "cache_miss": {"scale": 47960525671.0}, "cpu_cycles": {"scale": 297051278756.0}, "cpu_instructions": {"scale": 366964943029.6667}}, "CurveFit_Weights": [0.0, 1.0, 0.0]}}, "uncore": {"All_Weights": {"Categorical_Variables": {}, "Numerical_Variables": {"bpf_block_irq": {"scale": 1.0}, "bpf_net_rx_irq": {"scale": 3999.666666666667}, "bpf_net_tx_irq": {"scale": 1.6666666666666667}, "cache_miss": {"scale": 47960525671.0}, "cpu_cycles": {"scale": 297051278756.0}, "cpu_instructions": {"scale": 366964943029.6667}}, "CurveFit_Weights": [0.0, 1.0, 0.0]}}, "dram": {"All_Weights": {"Categorical_Variables": {}, "Numerical_Variables": {"bpf_block_irq": {"scale": 1.0}, "bpf_net_rx_irq": {"scale": 3999.666666666667}, "bpf_net_tx_irq": {"scale": 1.6666666666666667}, "cache_miss": {"scale": 47960525671.0}, "cpu_cycles": {"scale": 297051278756.0}, "cpu_instructions": {"scale": 366964943029.6667}}, "CurveFit_Weights": [100720.8780609377, 0.00018491916496539594, -100689.17734556455]}}}