{"package": {"All_Weights": {"Categorical_Variables": {}, "Numerical_Variables": {"bpf_block_irq": {"scale": 1.0}, "bpf_net_rx_irq": {"scale": 2617.3333333333335}, "bpf_net_tx_irq": {"scale": 1.0}, "cache_miss": {"scale": 51054503315.00001}, "cpu_cycles": {"scale": 319756002621.6667}, "cpu_instructions": {"scale": 390690985458.6666}}, "CurveFit_Weights": [3121153.9844885324, 0.00012717948559103827, -3120987.379261904]}}, "core": {"All_Weights": {"Categorical_Variables": {}, "Numerical_Variables": {"bpf_block_irq": {"scale": 1.0}, "bpf_net_rx_irq": {"scale": 2617.3333333333335}, "bpf_net_tx_irq": {"scale": 1.0}, "cache_miss": {"scale": 51054503315.00001}, "cpu_cycles": {"scale": 319756002621.6667}, "cpu_instructions": {"scale": 390690985458.6666}}, "CurveFit_Weights": [0.0, 1.0, 0.0]}}, "uncore": {"All_Weights": {"Categorical_Variables": {}, "Numerical_Variables": {"bpf_block_irq": {"scale": 1.0}, "bpf_net_rx_irq": {"scale": 2617.3333333333335}, "bpf_net_tx_irq": {"scale": 1.0}, "cache_miss": {"scale": 51054503315.00001}, "cpu_cycles": {"scale": 319756002621.6667}, "cpu_instructions": {"scale": 390690985458.6666}}, "CurveFit_Weights": [0.0, 1.0, 0.0]}}, "dram": {"All_Weights": {"Categorical_Variables": {}, "Numerical_Variables": {"bpf_block_irq": {"scale": 1.0}, "bpf_net_rx_irq": {"scale": 2617.3333333333335}, "bpf_net_tx_irq": {"scale": 1.0}, "cache_miss": {"scale": 51054503315.00001}, "cpu_cycles": {"scale": 319756002621.6667}, "cpu_instructions": {"scale": 390690985458.6666}}, "CurveFit_Weights": [35812.92374346398, 0.00018175469535258043, -35799.000565108276]}}}