{"package": {"All_Weights": {"Categorical_Variables": {}, "Numerical_Variables": {"bpf_block_irq": {"scale": 1.0}, "bpf_net_rx_irq": {"scale": 3195.0}, "bpf_net_tx_irq": {"scale": 2.3333333333333335}, "cache_miss": {"scale": 67982229205.0}, "cpu_cycles": {"scale": 307142550081.3334}, "cpu_instructions": {"scale": 516986978756.3333}}, "CurveFit_Weights": [2412993.2890261477, 0.00012624380509152343, -2412850.1259637633]}}, "core": {"All_Weights": {"Categorical_Variables": {}, "Numerical_Variables": {"bpf_block_irq": {"scale": 1.0}, "bpf_net_rx_irq": {"scale": 3195.0}, "bpf_net_tx_irq": {"scale": 2.3333333333333335}, "cache_miss": {"scale": 67982229205.0}, "cpu_cycles": {"scale": 307142550081.3334}, "cpu_instructions": {"scale": 516986978756.3333}}, "CurveFit_Weights": [0.0, 1.0, 0.0]}}, "uncore": {"All_Weights": {"Categorical_Variables": {}, "Numerical_Variables": {"bpf_block_irq": {"scale": 1.0}, "bpf_net_rx_irq": {"scale": 3195.0}, "bpf_net_tx_irq": {"scale": 2.3333333333333335}, "cache_miss": {"scale": 67982229205.0}, "cpu_cycles": {"scale": 307142550081.3334}, "cpu_instructions": {"scale": 516986978756.3333}}, "CurveFit_Weights": [0.0, 1.0, 0.0]}}, "dram": {"All_Weights": {"Categorical_Variables": {}, "Numerical_Variables": {"bpf_block_irq": {"scale": 1.0}, "bpf_net_rx_irq": {"scale": 3195.0}, "bpf_net_tx_irq": {"scale": 2.3333333333333335}, "cache_miss": {"scale": 67982229205.0}, "cpu_cycles": {"scale": 307142550081.3334}, "cpu_instructions": {"scale": 516986978756.3333}}, "CurveFit_Weights": [-1200.1958857486047, 0.00023890012124621425, 1231.6786313295804]}}}