{"package": {"All_Weights": {"Categorical_Variables": {}, "Numerical_Variables": {"bpf_block_irq": {"scale": 1.0}, "bpf_net_rx_irq": {"scale": 3195.0}, "bpf_net_tx_irq": {"scale": 2.3333333333333335}, "cache_miss": {"scale": 67982229205.0}, "cpu_cycles": {"scale": 307142550081.3333}, "cpu_instructions": {"scale": 516986978756.3333}}, "CurveFit_Weights": [1164724.4082065371, 0.000253558413628707, -1164575.791472063]}}, "core": {"All_Weights": {"Categorical_Variables": {}, "Numerical_Variables": {"bpf_block_irq": {"scale": 1.0}, "bpf_net_rx_irq": {"scale": 3195.0}, "bpf_net_tx_irq": {"scale": 2.3333333333333335}, "cache_miss": {"scale": 67982229205.0}, "cpu_cycles": {"scale": 307142550081.3333}, "cpu_instructions": {"scale": 516986978756.3333}}, "CurveFit_Weights": [0.0, 1.0, 0.0]}}, "uncore": {"All_Weights": {"Categorical_Variables": {}, "Numerical_Variables": {"bpf_block_irq": {"scale": 1.0}, "bpf_net_rx_irq": {"scale": 3195.0}, "bpf_net_tx_irq": {"scale": 2.3333333333333335}, "cache_miss": {"scale": 67982229205.0}, "cpu_cycles": {"scale": 307142550081.3333}, "cpu_instructions": {"scale": 516986978756.3333}}, "CurveFit_Weights": [0.0, 1.0, 0.0]}}, "dram": {"All_Weights": {"Categorical_Variables": {}, "Numerical_Variables": {"bpf_block_irq": {"scale": 1.0}, "bpf_net_rx_irq": {"scale": 3195.0}, "bpf_net_tx_irq": {"scale": 2.3333333333333335}, "cache_miss": {"scale": 67982229205.0}, "cpu_cycles": {"scale": 307142550081.3333}, "cpu_instructions": {"scale": 516986978756.3333}}, "CurveFit_Weights": [-1653.925343402841, 0.00019001591568948352, 1685.4105077372299]}}}