{"package": {"All_Weights": {"Categorical_Variables": {}, "Numerical_Variables": {"bpf_block_irq": {"scale": 1.0}, "bpf_net_rx_irq": {"scale": 3195.0}, "bpf_net_tx_irq": {"scale": 2.3333333333333335}, "cache_miss": {"scale": 67982229205.0}, "cpu_cycles": {"scale": 307142550081.3333}, "cpu_instructions": {"scale": 516986978756.3333}}, "CurveFit_Weights": [64.78891975059696, 128.49459154047665, 70.12703424154714]}}, "core": {"All_Weights": {"Categorical_Variables": {}, "Numerical_Variables": {"bpf_block_irq": {"scale": 1.0}, "bpf_net_rx_irq": {"scale": 3195.0}, "bpf_net_tx_irq": {"scale": 2.3333333333333335}, "cache_miss": {"scale": 67982229205.0}, "cpu_cycles": {"scale": 307142550081.3333}, "cpu_instructions": {"scale": 516986978756.3333}}, "CurveFit_Weights": [0.0, 1.0, 0.0]}}, "uncore": {"All_Weights": {"Categorical_Variables": {}, "Numerical_Variables": {"bpf_block_irq": {"scale": 1.0}, "bpf_net_rx_irq": {"scale": 3195.0}, "bpf_net_tx_irq": {"scale": 2.3333333333333335}, "cache_miss": {"scale": 67982229205.0}, "cpu_cycles": {"scale": 307142550081.3333}, "cpu_instructions": {"scale": 516986978756.3333}}, "CurveFit_Weights": [0.0, 1.0, 0.0]}}, "dram": {"All_Weights": {"Categorical_Variables": {}, "Numerical_Variables": {"bpf_block_irq": {"scale": 1.0}, "bpf_net_rx_irq": {"scale": 3195.0}, "bpf_net_tx_irq": {"scale": 2.3333333333333335}, "cache_miss": {"scale": 67982229205.0}, "cpu_cycles": {"scale": 307142550081.3333}, "cpu_instructions": {"scale": 516986978756.3333}}, "CurveFit_Weights": [2075.109930061095, -0.00014373250282399797, 31.47899488733408]}}}