{"package": {"All_Weights": {"Categorical_Variables": {}, "Numerical_Variables": {"bpf_block_irq": {"scale": 1.0}, "bpf_net_rx_irq": {"scale": 3999.666666666667}, "bpf_net_tx_irq": {"scale": 1.6666666666666667}, "cache_miss": {"scale": 47960525671.0}, "cpu_cycles": {"scale": 297051278756.0}, "cpu_instructions": {"scale": 366964943029.6667}}, "CurveFit_Weights": [70.03588375416282, 122.7050507534567, 49.21911558381308]}}, "core": {"All_Weights": {"Categorical_Variables": {}, "Numerical_Variables": {"bpf_block_irq": {"scale": 1.0}, "bpf_net_rx_irq": {"scale": 3999.666666666667}, "bpf_net_tx_irq": {"scale": 1.6666666666666667}, "cache_miss": {"scale": 47960525671.0}, "cpu_cycles": {"scale": 297051278756.0}, "cpu_instructions": {"scale": 366964943029.6667}}, "CurveFit_Weights": [0.0, 1.0, 0.0]}}, "uncore": {"All_Weights": {"Categorical_Variables": {}, "Numerical_Variables": {"bpf_block_irq": {"scale": 1.0}, "bpf_net_rx_irq": {"scale": 3999.666666666667}, "bpf_net_tx_irq": {"scale": 1.6666666666666667}, "cache_miss": {"scale": 47960525671.0}, "cpu_cycles": {"scale": 297051278756.0}, "cpu_instructions": {"scale": 366964943029.6667}}, "CurveFit_Weights": [0.0, 1.0, 0.0]}}, "dram": {"All_Weights": {"Categorical_Variables": {}, "Numerical_Variables": {"bpf_block_irq": {"scale": 1.0}, "bpf_net_rx_irq": {"scale": 3999.666666666667}, "bpf_net_tx_irq": {"scale": 1.6666666666666667}, "cache_miss": {"scale": 47960525671.0}, "cpu_cycles": {"scale": 297051278756.0}, "cpu_instructions": {"scale": 366964943029.6667}}, "CurveFit_Weights": [3.6498592308948985, 1012.815361015032, 21.324797285757086]}}}