{"package": {"All_Weights": {"Categorical_Variables": {}, "Numerical_Variables": {"bpf_block_irq": {"scale": 1.0}, "bpf_net_rx_irq": {"scale": 2994.3333333333335}, "bpf_net_tx_irq": {"scale": 1.3333333333333333}, "cache_miss": {"scale": 33472823426.333336}, "cpu_cycles": {"scale": 208086514702.0}, "cpu_instructions": {"scale": 256211268366.99997}}, "CurveFit_Weights": [94.89296629620029, 128.72035317048002, 30.15076669110191]}}, "core": {"All_Weights": {"Categorical_Variables": {}, "Numerical_Variables": {"bpf_block_irq": {"scale": 1.0}, "bpf_net_rx_irq": {"scale": 2994.3333333333335}, "bpf_net_tx_irq": {"scale": 1.3333333333333333}, "cache_miss": {"scale": 33472823426.333336}, "cpu_cycles": {"scale": 208086514702.0}, "cpu_instructions": {"scale": 256211268366.99997}}, "CurveFit_Weights": [0.0, 1.0, 0.0]}}, "uncore": {"All_Weights": {"Categorical_Variables": {}, "Numerical_Variables": {"bpf_block_irq": {"scale": 1.0}, "bpf_net_rx_irq": {"scale": 2994.3333333333335}, "bpf_net_tx_irq": {"scale": 1.3333333333333333}, "cache_miss": {"scale": 33472823426.333336}, "cpu_cycles": {"scale": 208086514702.0}, "cpu_instructions": {"scale": 256211268366.99997}}, "CurveFit_Weights": [0.0, 1.0, 0.0]}}, "dram": {"All_Weights": {"Categorical_Variables": {}, "Numerical_Variables": {"bpf_block_irq": {"scale": 1.0}, "bpf_net_rx_irq": {"scale": 2994.3333333333335}, "bpf_net_tx_irq": {"scale": 1.3333333333333333}, "cache_miss": {"scale": 33472823426.333336}, "cpu_cycles": {"scale": 208086514702.0}, "cpu_instructions": {"scale": 256211268366.99997}}, "CurveFit_Weights": [1.4120135553241622, 140929.49249337614, 2.8893826868469996]}}}