{"package": {"All_Weights": {"Categorical_Variables": {}, "Numerical_Variables": {"bpf_block_irq": {"scale": 1.0}, "bpf_net_rx_irq": {"scale": 2994.3333333333335}, "bpf_net_tx_irq": {"scale": 1.3333333333333333}, "cache_miss": {"scale": 33472823426.333336}, "cpu_cycles": {"scale": 208086514702.00003}, "cpu_instructions": {"scale": 256211268366.99997}}, "CurveFit_Weights": [91.03490786292983, 148.48807644092562, 34.61676182472579]}}, "core": {"All_Weights": {"Categorical_Variables": {}, "Numerical_Variables": {"bpf_block_irq": {"scale": 1.0}, "bpf_net_rx_irq": {"scale": 2994.3333333333335}, "bpf_net_tx_irq": {"scale": 1.3333333333333333}, "cache_miss": {"scale": 33472823426.333336}, "cpu_cycles": {"scale": 208086514702.00003}, "cpu_instructions": {"scale": 256211268366.99997}}, "CurveFit_Weights": [0.0, 1.0, 0.0]}}, "uncore": {"All_Weights": {"Categorical_Variables": {}, "Numerical_Variables": {"bpf_block_irq": {"scale": 1.0}, "bpf_net_rx_irq": {"scale": 2994.3333333333335}, "bpf_net_tx_irq": {"scale": 1.3333333333333333}, "cache_miss": {"scale": 33472823426.333336}, "cpu_cycles": {"scale": 208086514702.00003}, "cpu_instructions": {"scale": 256211268366.99997}}, "CurveFit_Weights": [0.0, 1.0, 0.0]}}, "dram": {"All_Weights": {"Categorical_Variables": {}, "Numerical_Variables": {"bpf_block_irq": {"scale": 1.0}, "bpf_net_rx_irq": {"scale": 2994.3333333333335}, "bpf_net_tx_irq": {"scale": 1.3333333333333333}, "cache_miss": {"scale": 33472823426.333336}, "cpu_cycles": {"scale": 208086514702.00003}, "cpu_instructions": {"scale": 256211268366.99997}}, "CurveFit_Weights": [1.4568968877802229, 10394.534116602019, 6.234222504194917]}}}