{"package": {"All_Weights": {"Categorical_Variables": {}, "Numerical_Variables": {"bpf_block_irq": {"scale": 1.0}, "bpf_net_rx_irq": {"scale": 3077.3333333333335}, "bpf_net_tx_irq": {"scale": 1.0}, "cache_miss": {"scale": 47758890482.00001}, "cpu_cycles": {"scale": 296920248053.6666}, "cpu_instructions": {"scale": 365426866197.0}}, "CurveFit_Weights": [74.65780423819456, 97.68273720495365, 48.25076831270899]}}, "core": {"All_Weights": {"Categorical_Variables": {}, "Numerical_Variables": {"bpf_block_irq": {"scale": 1.0}, "bpf_net_rx_irq": {"scale": 3077.3333333333335}, "bpf_net_tx_irq": {"scale": 1.0}, "cache_miss": {"scale": 47758890482.00001}, "cpu_cycles": {"scale": 296920248053.6666}, "cpu_instructions": {"scale": 365426866197.0}}, "CurveFit_Weights": [0.0, 1.0, 0.0]}}, "uncore": {"All_Weights": {"Categorical_Variables": {}, "Numerical_Variables": {"bpf_block_irq": {"scale": 1.0}, "bpf_net_rx_irq": {"scale": 3077.3333333333335}, "bpf_net_tx_irq": {"scale": 1.0}, "cache_miss": {"scale": 47758890482.00001}, "cpu_cycles": {"scale": 296920248053.6666}, "cpu_instructions": {"scale": 365426866197.0}}, "CurveFit_Weights": [0.0, 1.0, 0.0]}}, "dram": {"All_Weights": {"Categorical_Variables": {}, "Numerical_Variables": {"bpf_block_irq": {"scale": 1.0}, "bpf_net_rx_irq": {"scale": 3077.3333333333335}, "bpf_net_tx_irq": {"scale": 1.0}, "cache_miss": {"scale": 47758890482.00001}, "cpu_cycles": {"scale": 296920248053.6666}, "cpu_instructions": {"scale": 365426866197.0}}, "CurveFit_Weights": [2.094769858355532, 612.2600701150138, 12.371784259309914]}}}