{"package": {"All_Weights": {"Categorical_Variables": {}, "Numerical_Variables": {"bpf_block_irq": {"scale": 1.0}, "bpf_net_rx_irq": {"scale": 2617.333333333333}, "bpf_net_tx_irq": {"scale": 1.0}, "cache_miss": {"scale": 51054503315.0}, "cpu_cycles": {"scale": 319756002621.6666}, "cpu_instructions": {"scale": 390690985458.6666}}, "CurveFit_Weights": [88.30362451826045, 172.78626171387828, 42.28702568465758]}}, "core": {"All_Weights": {"Categorical_Variables": {}, "Numerical_Variables": {"bpf_block_irq": {"scale": 1.0}, "bpf_net_rx_irq": {"scale": 2617.333333333333}, "bpf_net_tx_irq": {"scale": 1.0}, "cache_miss": {"scale": 51054503315.0}, "cpu_cycles": {"scale": 319756002621.6666}, "cpu_instructions": {"scale": 390690985458.6666}}, "CurveFit_Weights": [0.0, 1.0, 0.0]}}, "uncore": {"All_Weights": {"Categorical_Variables": {}, "Numerical_Variables": {"bpf_block_irq": {"scale": 1.0}, "bpf_net_rx_irq": {"scale": 2617.333333333333}, "bpf_net_tx_irq": {"scale": 1.0}, "cache_miss": {"scale": 51054503315.0}, "cpu_cycles": {"scale": 319756002621.6666}, "cpu_instructions": {"scale": 390690985458.6666}}, "CurveFit_Weights": [0.0, 1.0, 0.0]}}, "dram": {"All_Weights": {"Categorical_Variables": {}, "Numerical_Variables": {"bpf_block_irq": {"scale": 1.0}, "bpf_net_rx_irq": {"scale": 2617.333333333333}, "bpf_net_tx_irq": {"scale": 1.0}, "cache_miss": {"scale": 51054503315.0}, "cpu_cycles": {"scale": 319756002621.6666}, "cpu_instructions": {"scale": 390690985458.6666}}, "CurveFit_Weights": [1.2991253349312077, 889.6169003448903, 10.437419478700106]}}}