{"package": {"All_Weights": {"Categorical_Variables": {}, "Numerical_Variables": {"bpf_block_irq": {"scale": 1.0}, "bpf_net_rx_irq": {"scale": 2617.3333333333335}, "bpf_net_tx_irq": {"scale": 1.0}, "cache_miss": {"scale": 51054503315.00001}, "cpu_cycles": {"scale": 319756002621.6667}, "cpu_instructions": {"scale": 390690985458.6666}}, "CurveFit_Weights": [93.96623624751372, 124.54754895735138, 44.54164853247592]}}, "core": {"All_Weights": {"Categorical_Variables": {}, "Numerical_Variables": {"bpf_block_irq": {"scale": 1.0}, "bpf_net_rx_irq": {"scale": 2617.3333333333335}, "bpf_net_tx_irq": {"scale": 1.0}, "cache_miss": {"scale": 51054503315.00001}, "cpu_cycles": {"scale": 319756002621.6667}, "cpu_instructions": {"scale": 390690985458.6666}}, "CurveFit_Weights": [0.0, 1.0, 0.0]}}, "uncore": {"All_Weights": {"Categorical_Variables": {}, "Numerical_Variables": {"bpf_block_irq": {"scale": 1.0}, "bpf_net_rx_irq": {"scale": 2617.3333333333335}, "bpf_net_tx_irq": {"scale": 1.0}, "cache_miss": {"scale": 51054503315.00001}, "cpu_cycles": {"scale": 319756002621.6667}, "cpu_instructions": {"scale": 390690985458.6666}}, "CurveFit_Weights": [0.0, 1.0, 0.0]}}, "dram": {"All_Weights": {"Categorical_Variables": {}, "Numerical_Variables": {"bpf_block_irq": {"scale": 1.0}, "bpf_net_rx_irq": {"scale": 2617.3333333333335}, "bpf_net_tx_irq": {"scale": 1.0}, "cache_miss": {"scale": 51054503315.00001}, "cpu_cycles": {"scale": 319756002621.6667}, "cpu_instructions": {"scale": 390690985458.6666}}, "CurveFit_Weights": [1.3747656106235968, 432.2247093235003, 10.91866467683238]}}}