{"package": {"All_Weights": {"Categorical_Variables": {}, "Numerical_Variables": {"bpf_block_irq": {"scale": 1.0}, "bpf_net_rx_irq": {"scale": 3999.666666666667}, "bpf_net_tx_irq": {"scale": 1.6666666666666667}, "cache_miss": {"scale": 47960525671.0}, "cpu_cycles": {"scale": 297051278756.0}, "cpu_instructions": {"scale": 366964943029.6667}}, "CurveFit_Weights": [68.13332172193608, 134.88234839633492, 48.330148262792754]}}, "core": {"All_Weights": {"Categorical_Variables": {}, "Numerical_Variables": {"bpf_block_irq": {"scale": 1.0}, "bpf_net_rx_irq": {"scale": 3999.666666666667}, "bpf_net_tx_irq": {"scale": 1.6666666666666667}, "cache_miss": {"scale": 47960525671.0}, "cpu_cycles": {"scale": 297051278756.0}, "cpu_instructions": {"scale": 366964943029.6667}}, "CurveFit_Weights": [0.0, 1.0, 0.0]}}, "uncore": {"All_Weights": {"Categorical_Variables": {}, "Numerical_Variables": {"bpf_block_irq": {"scale": 1.0}, "bpf_net_rx_irq": {"scale": 3999.666666666667}, "bpf_net_tx_irq": {"scale": 1.6666666666666667}, "cache_miss": {"scale": 47960525671.0}, "cpu_cycles": {"scale": 297051278756.0}, "cpu_instructions": {"scale": 366964943029.6667}}, "CurveFit_Weights": [0.0, 1.0, 0.0]}}, "dram": {"All_Weights": {"Categorical_Variables": {}, "Numerical_Variables": {"bpf_block_irq": {"scale": 1.0}, "bpf_net_rx_irq": {"scale": 3999.666666666667}, "bpf_net_tx_irq": {"scale": 1.6666666666666667}, "cache_miss": {"scale": 47960525671.0}, "cpu_cycles": {"scale": 297051278756.0}, "cpu_instructions": {"scale": 366964943029.6667}}, "CurveFit_Weights": [3.608893241444021, 1526.7667211231008, 20.249240229759305]}}}