{"package": {"All_Weights": {"Categorical_Variables": {}, "Numerical_Variables": {"bpf_block_irq": {"scale": 1.0}, "bpf_net_rx_irq": {"scale": 3195.0}, "bpf_net_tx_irq": {"scale": 2.3333333333333335}, "cache_miss": {"scale": 67982229205.0}, "cpu_cycles": {"scale": 307142550081.3334}, "cpu_instructions": {"scale": 516986978756.3333}}, "CurveFit_Weights": [63.51993453848648, 142.03358013637825, 69.47982121594399]}}, "core": {"All_Weights": {"Categorical_Variables": {}, "Numerical_Variables": {"bpf_block_irq": {"scale": 1.0}, "bpf_net_rx_irq": {"scale": 3195.0}, "bpf_net_tx_irq": {"scale": 2.3333333333333335}, "cache_miss": {"scale": 67982229205.0}, "cpu_cycles": {"scale": 307142550081.3334}, "cpu_instructions": {"scale": 516986978756.3333}}, "CurveFit_Weights": [0.0, 1.0, 0.0]}}, "uncore": {"All_Weights": {"Categorical_Variables": {}, "Numerical_Variables": {"bpf_block_irq": {"scale": 1.0}, "bpf_net_rx_irq": {"scale": 3195.0}, "bpf_net_tx_irq": {"scale": 2.3333333333333335}, "cache_miss": {"scale": 67982229205.0}, "cpu_cycles": {"scale": 307142550081.3334}, "cpu_instructions": {"scale": 516986978756.3333}}, "CurveFit_Weights": [0.0, 1.0, 0.0]}}, "dram": {"All_Weights": {"Categorical_Variables": {}, "Numerical_Variables": {"bpf_block_irq": {"scale": 1.0}, "bpf_net_rx_irq": {"scale": 3195.0}, "bpf_net_tx_irq": {"scale": 2.3333333333333335}, "cache_miss": {"scale": 67982229205.0}, "cpu_cycles": {"scale": 307142550081.3334}, "cpu_instructions": {"scale": 516986978756.3333}}, "CurveFit_Weights": [1459.0123473282297, -0.00020688339146088342, 31.48613110768193]}}}