{"package": {"All_Weights": {"Bias_Weight": 69.96566165191892, "Categorical_Variables": {}, "Numerical_Variables": {"bpf_block_irq": {"scale": 1.0, "weight": 0.0}, "bpf_net_rx_irq": {"scale": 3337.333333333333, "weight": -11.421648422944505}, "bpf_net_tx_irq": {"scale": 3.3333333333333335, "weight": -0.36601833832933783}, "cache_miss": {"scale": 33356886487.666668, "weight": 49.32608748418726}, "cpu_cycles": {"scale": 193692353461.00003, "weight": 87.82119108598445}, "cpu_instructions": {"scale": 224635433702.66666, "weight": 43.19200525961959}}}}, "core": {"All_Weights": {"Bias_Weight": 0.0, "Categorical_Variables": {}, "Numerical_Variables": {"bpf_block_irq": {"scale": 1.0, "weight": 0.0}, "bpf_net_rx_irq": {"scale": 3337.333333333333, "weight": 0.0}, "bpf_net_tx_irq": {"scale": 3.3333333333333335, "weight": 0.0}, "cache_miss": {"scale": 33356886487.666668, "weight": 0.0}, "cpu_cycles": {"scale": 193692353461.00003, "weight": 0.0}, "cpu_instructions": {"scale": 224635433702.66666, "weight": 0.0}}}}, "uncore": {"All_Weights": {"Bias_Weight": 0.0, "Categorical_Variables": {}, "Numerical_Variables": {"bpf_block_irq": {"scale": 1.0, "weight": 0.0}, "bpf_net_rx_irq": {"scale": 3337.333333333333, "weight": 0.0}, "bpf_net_tx_irq": {"scale": 3.3333333333333335, "weight": 0.0}, "cache_miss": {"scale": 33356886487.666668, "weight": 0.0}, "cpu_cycles": {"scale": 193692353461.00003, "weight": 0.0}, "cpu_instructions": {"scale": 224635433702.66666, "weight": 0.0}}}}, "dram": {"All_Weights": {"Bias_Weight": 20.568498112533437, "Categorical_Variables": {}, "Numerical_Variables": {"bpf_block_irq": {"scale": 1.0, "weight": 0.0}, "bpf_net_rx_irq": {"scale": 3337.333333333333, "weight": 1.6927711268596135}, "bpf_net_tx_irq": {"scale": 3.3333333333333335, "weight": 1.1288122457615068}, "cache_miss": {"scale": 33356886487.666668, "weight": 2.5393168909857944}, "cpu_cycles": {"scale": 193692353461.00003, "weight": 3.8079762203693597}, "cpu_instructions": {"scale": 224635433702.66666, "weight": 2.277540709889994}}}}}