{"package": {"All_Weights": {"Bias_Weight": 72.61433937375344, "Categorical_Variables": {}, "Numerical_Variables": {"bpf_block_irq": {"scale": 1.0, "weight": 0.0}, "bpf_net_rx_irq": {"scale": 3999.666666666667, "weight": -3.518718596826796}, "bpf_net_tx_irq": {"scale": 1.6666666666666667, "weight": -5.546727812138763}, "cache_miss": {"scale": 47960525671.0, "weight": 11.013231440375808}, "cpu_cycles": {"scale": 297051278756.0, "weight": 344.0011915411441}, "cpu_instructions": {"scale": 366964943029.6667, "weight": -10.782492913214814}}}}, "core": {"All_Weights": {"Bias_Weight": 0.0, "Categorical_Variables": {}, "Numerical_Variables": {"bpf_block_irq": {"scale": 1.0, "weight": 0.0}, "bpf_net_rx_irq": {"scale": 3999.666666666667, "weight": 0.0}, "bpf_net_tx_irq": {"scale": 1.6666666666666667, "weight": 0.0}, "cache_miss": {"scale": 47960525671.0, "weight": 0.0}, "cpu_cycles": {"scale": 297051278756.0, "weight": 0.0}, "cpu_instructions": {"scale": 366964943029.6667, "weight": 0.0}}}}, "uncore": {"All_Weights": {"Bias_Weight": 0.0, "Categorical_Variables": {}, "Numerical_Variables": {"bpf_block_irq": {"scale": 1.0, "weight": 0.0}, "bpf_net_rx_irq": {"scale": 3999.666666666667, "weight": 0.0}, "bpf_net_tx_irq": {"scale": 1.6666666666666667, "weight": 0.0}, "cache_miss": {"scale": 47960525671.0, "weight": 0.0}, "cpu_cycles": {"scale": 297051278756.0, "weight": 0.0}, "cpu_instructions": {"scale": 366964943029.6667, "weight": 0.0}}}}, "dram": {"All_Weights": {"Bias_Weight": 26.927317091212945, "Categorical_Variables": {}, "Numerical_Variables": {"bpf_block_irq": {"scale": 1.0, "weight": 0.0}, "bpf_net_rx_irq": {"scale": 3999.666666666667, "weight": 0.5377572302282482}, "bpf_net_tx_irq": {"scale": 1.6666666666666667, "weight": 0.8412726529643239}, "cache_miss": {"scale": 47960525671.0, "weight": -2.7730929474280384}, "cpu_cycles": {"scale": 297051278756.0, "weight": 28.11990397589546}, "cpu_instructions": {"scale": 366964943029.6667, "weight": -4.902425379629737}}}}}