{"package": {"All_Weights": {"Bias_Weight": 94.42471267942267, "Categorical_Variables": {}, "Numerical_Variables": {"bpf_block_irq": {"scale": 1.0, "weight": 0.0}, "bpf_net_rx_irq": {"scale": 2994.3333333333335, "weight": -31.360771099801138}, "bpf_net_tx_irq": {"scale": 1.3333333333333333, "weight": 2.5101176950247917}, "cache_miss": {"scale": 33472823426.333336, "weight": 20.71045011668304}, "cpu_cycles": {"scale": 208086514702.0, "weight": 405.94505123393776}, "cpu_instructions": {"scale": 256211268366.99997, "weight": -2.5406079598215836}}}}, "core": {"All_Weights": {"Bias_Weight": 0.0, "Categorical_Variables": {}, "Numerical_Variables": {"bpf_block_irq": {"scale": 1.0, "weight": 0.0}, "bpf_net_rx_irq": {"scale": 2994.3333333333335, "weight": 0.0}, "bpf_net_tx_irq": {"scale": 1.3333333333333333, "weight": 0.0}, "cache_miss": {"scale": 33472823426.333336, "weight": 0.0}, "cpu_cycles": {"scale": 208086514702.0, "weight": 0.0}, "cpu_instructions": {"scale": 256211268366.99997, "weight": 0.0}}}}, "uncore": {"All_Weights": {"Bias_Weight": 0.0, "Categorical_Variables": {}, "Numerical_Variables": {"bpf_block_irq": {"scale": 1.0, "weight": 0.0}, "bpf_net_rx_irq": {"scale": 2994.3333333333335, "weight": 0.0}, "bpf_net_tx_irq": {"scale": 1.3333333333333333, "weight": 0.0}, "cache_miss": {"scale": 33472823426.333336, "weight": 0.0}, "cpu_cycles": {"scale": 208086514702.0, "weight": 0.0}, "cpu_instructions": {"scale": 256211268366.99997, "weight": 0.0}}}}, "dram": {"All_Weights": {"Bias_Weight": 12.71086681546047, "Categorical_Variables": {}, "Numerical_Variables": {"bpf_block_irq": {"scale": 1.0, "weight": 0.0}, "bpf_net_rx_irq": {"scale": 2994.3333333333335, "weight": 0.6659796572455783}, "bpf_net_tx_irq": {"scale": 1.3333333333333333, "weight": 1.032243702378827}, "cache_miss": {"scale": 33472823426.333336, "weight": 0.07034240209307739}, "cpu_cycles": {"scale": 208086514702.0, "weight": 7.543059938562004}, "cpu_instructions": {"scale": 256211268366.99997, "weight": -0.4168369037653053}}}}}