{"package": {"All_Weights": {"Bias_Weight": 75.24417911617175, "Categorical_Variables": {}, "Numerical_Variables": {"bpf_block_irq": {"scale": 1.0, "weight": 0.0}, "bpf_net_rx_irq": {"scale": 2617.3333333333335, "weight": -3.531009191114957}, "bpf_net_tx_irq": {"scale": 1.0, "weight": -11.745563090184405}, "cache_miss": {"scale": 51054503315.00001, "weight": 0.3135886031408973}, "cpu_cycles": {"scale": 319756002621.6667, "weight": 476.81010936245957}, "cpu_instructions": {"scale": 390690985458.6666, "weight": -31.252978888799625}}}}, "core": {"All_Weights": {"Bias_Weight": 0.0, "Categorical_Variables": {}, "Numerical_Variables": {"bpf_block_irq": {"scale": 1.0, "weight": 0.0}, "bpf_net_rx_irq": {"scale": 2617.3333333333335, "weight": 0.0}, "bpf_net_tx_irq": {"scale": 1.0, "weight": 0.0}, "cache_miss": {"scale": 51054503315.00001, "weight": 0.0}, "cpu_cycles": {"scale": 319756002621.6667, "weight": 0.0}, "cpu_instructions": {"scale": 390690985458.6666, "weight": 0.0}}}}, "uncore": {"All_Weights": {"Bias_Weight": 0.0, "Categorical_Variables": {}, "Numerical_Variables": {"bpf_block_irq": {"scale": 1.0, "weight": 0.0}, "bpf_net_rx_irq": {"scale": 2617.3333333333335, "weight": 0.0}, "bpf_net_tx_irq": {"scale": 1.0, "weight": 0.0}, "cache_miss": {"scale": 51054503315.00001, "weight": 0.0}, "cpu_cycles": {"scale": 319756002621.6667, "weight": 0.0}, "cpu_instructions": {"scale": 390690985458.6666, "weight": 0.0}}}}, "dram": {"All_Weights": {"Bias_Weight": 12.325731132130397, "Categorical_Variables": {}, "Numerical_Variables": {"bpf_block_irq": {"scale": 1.0, "weight": 0.0}, "bpf_net_rx_irq": {"scale": 2617.3333333333335, "weight": 0.8778589485451952}, "bpf_net_tx_irq": {"scale": 1.0, "weight": 0.6761970533225001}, "cache_miss": {"scale": 51054503315.00001, "weight": 0.14610207531563185}, "cpu_cycles": {"scale": 319756002621.6667, "weight": 7.42463609964399}, "cpu_instructions": {"scale": 390690985458.6666, "weight": -0.3615941284921955}}}}}