{"package": {"All_Weights": {"Bias_Weight": 90.27477610806474, "Categorical_Variables": {}, "Numerical_Variables": {"bpf_block_irq": {"scale": 1.0, "weight": 0.0}, "bpf_net_rx_irq": {"scale": 2994.3333333333335, "weight": -29.247413124907506}, "bpf_net_tx_irq": {"scale": 1.3333333333333333, "weight": 6.484570832794691}, "cache_miss": {"scale": 33472823426.333336, "weight": 21.595885156859897}, "cpu_cycles": {"scale": 208086514702.00003, "weight": 411.8569106820654}, "cpu_instructions": {"scale": 256211268366.99997, "weight": -2.0151586717455574}}}}, "core": {"All_Weights": {"Bias_Weight": 0.0, "Categorical_Variables": {}, "Numerical_Variables": {"bpf_block_irq": {"scale": 1.0, "weight": 0.0}, "bpf_net_rx_irq": {"scale": 2994.3333333333335, "weight": 0.0}, "bpf_net_tx_irq": {"scale": 1.3333333333333333, "weight": 0.0}, "cache_miss": {"scale": 33472823426.333336, "weight": 0.0}, "cpu_cycles": {"scale": 208086514702.00003, "weight": 0.0}, "cpu_instructions": {"scale": 256211268366.99997, "weight": 0.0}}}}, "uncore": {"All_Weights": {"Bias_Weight": 0.0, "Categorical_Variables": {}, "Numerical_Variables": {"bpf_block_irq": {"scale": 1.0, "weight": 0.0}, "bpf_net_rx_irq": {"scale": 2994.3333333333335, "weight": 0.0}, "bpf_net_tx_irq": {"scale": 1.3333333333333333, "weight": 0.0}, "cache_miss": {"scale": 33472823426.333336, "weight": 0.0}, "cpu_cycles": {"scale": 208086514702.00003, "weight": 0.0}, "cpu_instructions": {"scale": 256211268366.99997, "weight": 0.0}}}}, "dram": {"All_Weights": {"Bias_Weight": 12.673974181581857, "Categorical_Variables": {}, "Numerical_Variables": {"bpf_block_irq": {"scale": 1.0, "weight": 0.0}, "bpf_net_rx_irq": {"scale": 2994.3333333333335, "weight": 0.6515240035556955}, "bpf_net_tx_irq": {"scale": 1.3333333333333333, "weight": 1.1287697989547918}, "cache_miss": {"scale": 33472823426.333336, "weight": -0.001038457184162905}, "cpu_cycles": {"scale": 208086514702.00003, "weight": 7.614815726627247}, "cpu_instructions": {"scale": 256211268366.99997, "weight": -0.4953727737498277}}}}}