{"package": {"All_Weights": {"Bias_Weight": 68.96897092888692, "Categorical_Variables": {}, "Numerical_Variables": {"bpf_block_irq": {"scale": 1.0, "weight": 0.0}, "bpf_net_rx_irq": {"scale": 3077.3333333333335, "weight": 2.961703053704158}, "bpf_net_tx_irq": {"scale": 1.0, "weight": 0.6103916245582297}, "cache_miss": {"scale": 47758890482.00001, "weight": 15.159341113765224}, "cpu_cycles": {"scale": 296920248053.6666, "weight": 344.035730821899}, "cpu_instructions": {"scale": 365426866197.0, "weight": -6.975562307653982}}}}, "core": {"All_Weights": {"Bias_Weight": 0.0, "Categorical_Variables": {}, "Numerical_Variables": {"bpf_block_irq": {"scale": 1.0, "weight": 0.0}, "bpf_net_rx_irq": {"scale": 3077.3333333333335, "weight": 0.0}, "bpf_net_tx_irq": {"scale": 1.0, "weight": 0.0}, "cache_miss": {"scale": 47758890482.00001, "weight": 0.0}, "cpu_cycles": {"scale": 296920248053.6666, "weight": 0.0}, "cpu_instructions": {"scale": 365426866197.0, "weight": 0.0}}}}, "uncore": {"All_Weights": {"Bias_Weight": 0.0, "Categorical_Variables": {}, "Numerical_Variables": {"bpf_block_irq": {"scale": 1.0, "weight": 0.0}, "bpf_net_rx_irq": {"scale": 3077.3333333333335, "weight": 0.0}, "bpf_net_tx_irq": {"scale": 1.0, "weight": 0.0}, "cache_miss": {"scale": 47758890482.00001, "weight": 0.0}, "cpu_cycles": {"scale": 296920248053.6666, "weight": 0.0}, "cpu_instructions": {"scale": 365426866197.0, "weight": 0.0}}}}, "dram": {"All_Weights": {"Bias_Weight": 15.25031327091308, "Categorical_Variables": {}, "Numerical_Variables": {"bpf_block_irq": {"scale": 1.0, "weight": 0.0}, "bpf_net_rx_irq": {"scale": 3077.3333333333335, "weight": 0.8662824134034925}, "bpf_net_tx_irq": {"scale": 1.0, "weight": 0.733155539620407}, "cache_miss": {"scale": 47758890482.00001, "weight": -1.0259496515929085}, "cpu_cycles": {"scale": 296920248053.6666, "weight": 14.044547483024894}, "cpu_instructions": {"scale": 365426866197.0, "weight": -2.0828684991267234}}}}}