{"package": {"All_Weights": {"Bias_Weight": 76.28676705382725, "Categorical_Variables": {}, "Numerical_Variables": {"bpf_block_irq": {"scale": 1.0, "weight": 0.0}, "bpf_net_rx_irq": {"scale": 2617.333333333333, "weight": -5.872061205528524}, "bpf_net_tx_irq": {"scale": 1.0, "weight": -10.685806474924009}, "cache_miss": {"scale": 51054503315.0, "weight": 0.4880623317135542}, "cpu_cycles": {"scale": 319756002621.6666, "weight": 476.2498369329623}, "cpu_instructions": {"scale": 390690985458.6666, "weight": -31.362651618305204}}}}, "core": {"All_Weights": {"Bias_Weight": 0.0, "Categorical_Variables": {}, "Numerical_Variables": {"bpf_block_irq": {"scale": 1.0, "weight": 0.0}, "bpf_net_rx_irq": {"scale": 2617.333333333333, "weight": 0.0}, "bpf_net_tx_irq": {"scale": 1.0, "weight": 0.0}, "cache_miss": {"scale": 51054503315.0, "weight": 0.0}, "cpu_cycles": {"scale": 319756002621.6666, "weight": 0.0}, "cpu_instructions": {"scale": 390690985458.6666, "weight": 0.0}}}}, "uncore": {"All_Weights": {"Bias_Weight": 0.0, "Categorical_Variables": {}, "Numerical_Variables": {"bpf_block_irq": {"scale": 1.0, "weight": 0.0}, "bpf_net_rx_irq": {"scale": 2617.333333333333, "weight": 0.0}, "bpf_net_tx_irq": {"scale": 1.0, "weight": 0.0}, "cache_miss": {"scale": 51054503315.0, "weight": 0.0}, "cpu_cycles": {"scale": 319756002621.6666, "weight": 0.0}, "cpu_instructions": {"scale": 390690985458.6666, "weight": 0.0}}}}, "dram": {"All_Weights": {"Bias_Weight": 12.319387677486185, "Categorical_Variables": {}, "Numerical_Variables": {"bpf_block_irq": {"scale": 1.0, "weight": 0.0}, "bpf_net_rx_irq": {"scale": 2617.333333333333, "weight": 0.847309226418407}, "bpf_net_tx_irq": {"scale": 1.0, "weight": 0.8108378379317093}, "cache_miss": {"scale": 51054503315.0, "weight": 0.3315199322825446}, "cpu_cycles": {"scale": 319756002621.6666, "weight": 7.094405438776744}, "cpu_instructions": {"scale": 390690985458.6666, "weight": -0.14510147500511045}}}}}