{"package": {"All_Weights": {"Bias_Weight": 72.06767050356721, "Categorical_Variables": {}, "Numerical_Variables": {"bpf_block_irq": {"scale": 1.0, "weight": 0.0}, "bpf_net_rx_irq": {"scale": 3999.666666666667, "weight": -6.615790157115572}, "bpf_net_tx_irq": {"scale": 1.6666666666666667, "weight": -1.8060396303836497}, "cache_miss": {"scale": 47960525671.0, "weight": 16.985032155449566}, "cpu_cycles": {"scale": 297051278756.0, "weight": 337.95546529544197}, "cpu_instructions": {"scale": 366964943029.6667, "weight": -3.466187509061914}}}}, "core": {"All_Weights": {"Bias_Weight": 0.0, "Categorical_Variables": {}, "Numerical_Variables": {"bpf_block_irq": {"scale": 1.0, "weight": 0.0}, "bpf_net_rx_irq": {"scale": 3999.666666666667, "weight": 0.0}, "bpf_net_tx_irq": {"scale": 1.6666666666666667, "weight": 0.0}, "cache_miss": {"scale": 47960525671.0, "weight": 0.0}, "cpu_cycles": {"scale": 297051278756.0, "weight": 0.0}, "cpu_instructions": {"scale": 366964943029.6667, "weight": 0.0}}}}, "uncore": {"All_Weights": {"Bias_Weight": 0.0, "Categorical_Variables": {}, "Numerical_Variables": {"bpf_block_irq": {"scale": 1.0, "weight": 0.0}, "bpf_net_rx_irq": {"scale": 3999.666666666667, "weight": 0.0}, "bpf_net_tx_irq": {"scale": 1.6666666666666667, "weight": 0.0}, "cache_miss": {"scale": 47960525671.0, "weight": 0.0}, "cpu_cycles": {"scale": 297051278756.0, "weight": 0.0}, "cpu_instructions": {"scale": 366964943029.6667, "weight": 0.0}}}}, "dram": {"All_Weights": {"Bias_Weight": 27.117225210975114, "Categorical_Variables": {}, "Numerical_Variables": {"bpf_block_irq": {"scale": 1.0, "weight": 0.0}, "bpf_net_rx_irq": {"scale": 3999.666666666667, "weight": 0.253458399442376}, "bpf_net_tx_irq": {"scale": 1.6666666666666667, "weight": 1.0909395321583895}, "cache_miss": {"scale": 47960525671.0, "weight": -2.9372055185689723}, "cpu_cycles": {"scale": 297051278756.0, "weight": 28.214605260735272}, "cpu_instructions": {"scale": 366964943029.6667, "weight": -5.098738387029243}}}}}