{"package": {"All_Weights": {"Bias_Weight": 72.26643072434322, "Categorical_Variables": {}, "Numerical_Variables": {"bpf_block_irq": {"scale": 1.0, "weight": 0.0}, "bpf_net_rx_irq": {"scale": 3337.333333333333, "weight": -12.075768497013074}, "bpf_net_tx_irq": {"scale": 3.3333333333333335, "weight": -3.0138675205648897}, "cache_miss": {"scale": 33356886487.666668, "weight": 48.672688031015}, "cpu_cycles": {"scale": 193692353461.00003, "weight": 88.65517190231101}, "cpu_instructions": {"scale": 224635433702.66666, "weight": 42.431492509627944}}}}, "core": {"All_Weights": {"Bias_Weight": 0.0, "Categorical_Variables": {}, "Numerical_Variables": {"bpf_block_irq": {"scale": 1.0, "weight": 0.0}, "bpf_net_rx_irq": {"scale": 3337.333333333333, "weight": 0.0}, "bpf_net_tx_irq": {"scale": 3.3333333333333335, "weight": 0.0}, "cache_miss": {"scale": 33356886487.666668, "weight": 0.0}, "cpu_cycles": {"scale": 193692353461.00003, "weight": 0.0}, "cpu_instructions": {"scale": 224635433702.66666, "weight": 0.0}}}}, "uncore": {"All_Weights": {"Bias_Weight": 0.0, "Categorical_Variables": {}, "Numerical_Variables": {"bpf_block_irq": {"scale": 1.0, "weight": 0.0}, "bpf_net_rx_irq": {"scale": 3337.333333333333, "weight": 0.0}, "bpf_net_tx_irq": {"scale": 3.3333333333333335, "weight": 0.0}, "cache_miss": {"scale": 33356886487.666668, "weight": 0.0}, "cpu_cycles": {"scale": 193692353461.00003, "weight": 0.0}, "cpu_instructions": {"scale": 224635433702.66666, "weight": 0.0}}}}, "dram": {"All_Weights": {"Bias_Weight": 20.781922078965604, "Categorical_Variables": {}, "Numerical_Variables": {"bpf_block_irq": {"scale": 1.0, "weight": 0.0}, "bpf_net_rx_irq": {"scale": 3337.333333333333, "weight": 1.6520245261115545}, "bpf_net_tx_irq": {"scale": 3.3333333333333335, "weight": 1.0494892963670126}, "cache_miss": {"scale": 33356886487.666668, "weight": 2.438858276669529}, "cpu_cycles": {"scale": 193692353461.00003, "weight": 3.7228672351238203}, "cpu_instructions": {"scale": 224635433702.66666, "weight": 2.1753817408013694}}}}}