{"package": {"All_Weights": {"Bias_Weight": 86.72456912582244, "Categorical_Variables": {}, "Numerical_Variables": {"bpf_block_irq": {"scale": 1.0, "weight": 0.0}, "bpf_net_rx_irq": {"scale": 3195.0, "weight": -8.99098080826684}, "bpf_net_tx_irq": {"scale": 2.3333333333333335, "weight": 6.9684270776442085}, "cache_miss": {"scale": 67982229205.0, "weight": 18.628402741620615}, "cpu_cycles": {"scale": 307142550081.3334, "weight": 299.4545569455507}, "cpu_instructions": {"scale": 516986978756.3333, "weight": 9.946246879009879}}}}, "core": {"All_Weights": {"Bias_Weight": 0.0, "Categorical_Variables": {}, "Numerical_Variables": {"bpf_block_irq": {"scale": 1.0, "weight": 0.0}, "bpf_net_rx_irq": {"scale": 3195.0, "weight": 0.0}, "bpf_net_tx_irq": {"scale": 2.3333333333333335, "weight": 0.0}, "cache_miss": {"scale": 67982229205.0, "weight": 0.0}, "cpu_cycles": {"scale": 307142550081.3334, "weight": 0.0}, "cpu_instructions": {"scale": 516986978756.3333, "weight": 0.0}}}}, "uncore": {"All_Weights": {"Bias_Weight": 0.0, "Categorical_Variables": {}, "Numerical_Variables": {"bpf_block_irq": {"scale": 1.0, "weight": 0.0}, "bpf_net_rx_irq": {"scale": 3195.0, "weight": 0.0}, "bpf_net_tx_irq": {"scale": 2.3333333333333335, "weight": 0.0}, "cache_miss": {"scale": 67982229205.0, "weight": 0.0}, "cpu_cycles": {"scale": 307142550081.3334, "weight": 0.0}, "cpu_instructions": {"scale": 516986978756.3333, "weight": 0.0}}}}, "dram": {"All_Weights": {"Bias_Weight": 30.680553480590252, "Categorical_Variables": {}, "Numerical_Variables": {"bpf_block_irq": {"scale": 1.0, "weight": 0.0}, "bpf_net_rx_irq": {"scale": 3195.0, "weight": 2.074483165537104}, "bpf_net_tx_irq": {"scale": 2.3333333333333335, "weight": 1.642158173596639}, "cache_miss": {"scale": 67982229205.0, "weight": -1.0681782943527052}, "cpu_cycles": {"scale": 307142550081.3334, "weight": 2.33813382924192}, "cpu_instructions": {"scale": 516986978756.3333, "weight": -1.2100965066830687}}}}}