{"package": {"All_Weights": {"Bias_Weight": 68.23583592498369, "Categorical_Variables": {}, "Numerical_Variables": {"bpf_block_irq": {"scale": 1.0, "weight": 0.0}, "bpf_net_rx_irq": {"scale": 3077.3333333333335, "weight": -6.1390590872742274}, "bpf_net_tx_irq": {"scale": 1.0, "weight": 2.994125707495523}, "cache_miss": {"scale": 47758890482.0, "weight": 17.849175172722408}, "cpu_cycles": {"scale": 296920248053.6667, "weight": 340.06253260348797}, "cpu_instructions": {"scale": 365426866197.0, "weight": -4.116822983877888}}}}, "core": {"All_Weights": {"Bias_Weight": 0.0, "Categorical_Variables": {}, "Numerical_Variables": {"bpf_block_irq": {"scale": 1.0, "weight": 0.0}, "bpf_net_rx_irq": {"scale": 3077.3333333333335, "weight": 0.0}, "bpf_net_tx_irq": {"scale": 1.0, "weight": 0.0}, "cache_miss": {"scale": 47758890482.0, "weight": 0.0}, "cpu_cycles": {"scale": 296920248053.6667, "weight": 0.0}, "cpu_instructions": {"scale": 365426866197.0, "weight": 0.0}}}}, "uncore": {"All_Weights": {"Bias_Weight": 0.0, "Categorical_Variables": {}, "Numerical_Variables": {"bpf_block_irq": {"scale": 1.0, "weight": 0.0}, "bpf_net_rx_irq": {"scale": 3077.3333333333335, "weight": 0.0}, "bpf_net_tx_irq": {"scale": 1.0, "weight": 0.0}, "cache_miss": {"scale": 47758890482.0, "weight": 0.0}, "cpu_cycles": {"scale": 296920248053.6667, "weight": 0.0}, "cpu_instructions": {"scale": 365426866197.0, "weight": 0.0}}}}, "dram": {"All_Weights": {"Bias_Weight": 15.216940205676963, "Categorical_Variables": {}, "Numerical_Variables": {"bpf_block_irq": {"scale": 1.0, "weight": 0.0}, "bpf_net_rx_irq": {"scale": 3077.3333333333335, "weight": 0.881567297126794}, "bpf_net_tx_irq": {"scale": 1.0, "weight": 0.3180938202265487}, "cache_miss": {"scale": 47758890482.0, "weight": -0.890144343377756}, "cpu_cycles": {"scale": 296920248053.6667, "weight": 13.966129779466492}, "cpu_instructions": {"scale": 365426866197.0, "weight": -1.9382657788483895}}}}}