{"package": {"All_Weights": {"Bias_Weight": 87.42879962169934, "Categorical_Variables": {}, "Numerical_Variables": {"bpf_block_irq": {"scale": 1.0, "weight": 0.0}, "bpf_net_rx_irq": {"scale": 3195.0, "weight": -9.64701840239532}, "bpf_net_tx_irq": {"scale": 2.3333333333333335, "weight": 3.577006172128675}, "cache_miss": {"scale": 67982229205.0, "weight": 16.42262065671917}, "cpu_cycles": {"scale": 307142550081.3333, "weight": 303.81528827149083}, "cpu_instructions": {"scale": 516986978756.3333, "weight": 7.613801940826165}}}}, "core": {"All_Weights": {"Bias_Weight": 0.0, "Categorical_Variables": {}, "Numerical_Variables": {"bpf_block_irq": {"scale": 1.0, "weight": 0.0}, "bpf_net_rx_irq": {"scale": 3195.0, "weight": 0.0}, "bpf_net_tx_irq": {"scale": 2.3333333333333335, "weight": 0.0}, "cache_miss": {"scale": 67982229205.0, "weight": 0.0}, "cpu_cycles": {"scale": 307142550081.3333, "weight": 0.0}, "cpu_instructions": {"scale": 516986978756.3333, "weight": 0.0}}}}, "uncore": {"All_Weights": {"Bias_Weight": 0.0, "Categorical_Variables": {}, "Numerical_Variables": {"bpf_block_irq": {"scale": 1.0, "weight": 0.0}, "bpf_net_rx_irq": {"scale": 3195.0, "weight": 0.0}, "bpf_net_tx_irq": {"scale": 2.3333333333333335, "weight": 0.0}, "cache_miss": {"scale": 67982229205.0, "weight": 0.0}, "cpu_cycles": {"scale": 307142550081.3333, "weight": 0.0}, "cpu_instructions": {"scale": 516986978756.3333, "weight": 0.0}}}}, "dram": {"All_Weights": {"Bias_Weight": 30.67001944927619, "Categorical_Variables": {}, "Numerical_Variables": {"bpf_block_irq": {"scale": 1.0, "weight": 0.0}, "bpf_net_rx_irq": {"scale": 3195.0, "weight": 2.094905273792276}, "bpf_net_tx_irq": {"scale": 2.3333333333333335, "weight": 1.5053671039803727}, "cache_miss": {"scale": 67982229205.0, "weight": -1.162670172808619}, "cpu_cycles": {"scale": 307142550081.3333, "weight": 2.506899055817528}, "cpu_instructions": {"scale": 516986978756.3333, "weight": -1.3126900030181214}}}}}