{"package": {"All_Weights": {"Categorical_Variables": {}, "Numerical_Variables": {"bpf_block_irq": {"scale": 1.0}, "bpf_net_rx_irq": {"scale": 26.666666666666668}, "bpf_net_tx_irq": {"scale": 1.0}, "cache_miss": {"scale": 63603973.0}, "cpu_cycles": {"scale": 139277196.0}, "cpu_instructions": {"scale": 254515913.66666666}}, "CurveFit_Weights": [1.7881184169379352, 0.1847436735548197, 18.335277459011248]}}, "core": {"All_Weights": {"Categorical_Variables": {}, "Numerical_Variables": {"bpf_block_irq": {"scale": 1.0}, "bpf_net_rx_irq": {"scale": 26.666666666666668}, "bpf_net_tx_irq": {"scale": 1.0}, "cache_miss": {"scale": 63603973.0}, "cpu_cycles": {"scale": 139277196.0}, "cpu_instructions": {"scale": 254515913.66666666}}, "CurveFit_Weights": [2.5032558437144137, 0.053394876101461354, 11.591085100115649]}}, "uncore": {"All_Weights": {"Categorical_Variables": {}, "Numerical_Variables": {"bpf_block_irq": {"scale": 1.0}, "bpf_net_rx_irq": {"scale": 26.666666666666668}, "bpf_net_tx_irq": {"scale": 1.0}, "cache_miss": {"scale": 63603973.0}, "cpu_cycles": {"scale": 139277196.0}, "cpu_instructions": {"scale": 254515913.66666666}}, "CurveFit_Weights": [0.12826692421960778, 0.6712466261535942, 1.9951804198081764]}}, "dram": {"All_Weights": {"Categorical_Variables": {}, "Numerical_Variables": {"bpf_block_irq": {"scale": 1.0}, "bpf_net_rx_irq": {"scale": 26.666666666666668}, "bpf_net_tx_irq": {"scale": 1.0}, "cache_miss": {"scale": 63603973.0}, "cpu_cycles": {"scale": 139277196.0}, "cpu_instructions": {"scale": 254515913.66666666}}, "CurveFit_Weights": [0.0, 1.0, 0.0]}}}