{"package": {"All_Weights": {"Bias_Weight": 6.180210297613848, "Categorical_Variables": {}, "Numerical_Variables": {"bpf_block_irq": {"scale": 2.6666666666666665, "weight": -1.1808485578572647}, "bpf_cpu_time_ms": {"scale": 92022.66666666667, "weight": 343.24754417384116}, "bpf_net_rx_irq": {"scale": 379.66666666666663, "weight": -11.278054864448448}, "bpf_net_tx_irq": {"scale": 1.0, "weight": 0.0}, "bpf_page_cache_hit": {"scale": 1.0, "weight": 0.0}}}}, "core": {"All_Weights": {"Bias_Weight": 5.8130502372080315, "Categorical_Variables": {}, "Numerical_Variables": {"bpf_block_irq": {"scale": 2.6666666666666665, "weight": -2.0361767331174314}, "bpf_cpu_time_ms": {"scale": 92022.66666666667, "weight": 343.40169249494886}, "bpf_net_rx_irq": {"scale": 379.66666666666663, "weight": -10.572257696968132}, "bpf_net_tx_irq": {"scale": 1.0, "weight": 0.0}, "bpf_page_cache_hit": {"scale": 1.0, "weight": 0.0}}}}, "uncore": {"All_Weights": {"Bias_Weight": 0.0, "Categorical_Variables": {}, "Numerical_Variables": {"bpf_block_irq": {"scale": 2.6666666666666665, "weight": 0.0}, "bpf_cpu_time_ms": {"scale": 92022.66666666667, "weight": 0.0}, "bpf_net_rx_irq": {"scale": 379.66666666666663, "weight": 0.0}, "bpf_net_tx_irq": {"scale": 1.0, "weight": 0.0}, "bpf_page_cache_hit": {"scale": 1.0, "weight": 0.0}}}}, "dram": {"All_Weights": {"Bias_Weight": 2.0541050524434836, "Categorical_Variables": {}, "Numerical_Variables": {"bpf_block_irq": {"scale": 2.6666666666666665, "weight": -0.9964215431675313}, "bpf_cpu_time_ms": {"scale": 92022.66666666667, "weight": 54.507116794554264}, "bpf_net_rx_irq": {"scale": 379.66666666666663, "weight": -3.0213610985949226}, "bpf_net_tx_irq": {"scale": 1.0, "weight": 0.0}, "bpf_page_cache_hit": {"scale": 1.0, "weight": 0.0}}}}}