{"package": {"All_Weights": {"Bias_Weight": 2.53212647204313, "Categorical_Variables": {}, "Numerical_Variables": {"bpf_block_irq": {"scale": 0.6666666666666666, "weight": -0.9962531269433457}, "bpf_cpu_time_ms": {"scale": 91842.33333333333, "weight": 343.5002689183128}, "bpf_net_rx_irq": {"scale": 346.3333333333333, "weight": -4.516518111952667}, "bpf_net_tx_irq": {"scale": 1.0, "weight": 0.0}, "bpf_page_cache_hit": {"scale": 1.0, "weight": 0.0}}}}, "core": {"All_Weights": {"Bias_Weight": 3.462270481088394, "Categorical_Variables": {}, "Numerical_Variables": {"bpf_block_irq": {"scale": 0.6666666666666666, "weight": -0.750948855464282}, "bpf_cpu_time_ms": {"scale": 91842.33333333333, "weight": 343.6055327605941}, "bpf_net_rx_irq": {"scale": 346.3333333333333, "weight": -6.0641730468662765}, "bpf_net_tx_irq": {"scale": 1.0, "weight": 0.0}, "bpf_page_cache_hit": {"scale": 1.0, "weight": 0.0}}}}, "uncore": {"All_Weights": {"Bias_Weight": 0.0, "Categorical_Variables": {}, "Numerical_Variables": {"bpf_block_irq": {"scale": 0.6666666666666666, "weight": 0.0}, "bpf_cpu_time_ms": {"scale": 91842.33333333333, "weight": 0.0}, "bpf_net_rx_irq": {"scale": 346.3333333333333, "weight": 0.0}, "bpf_net_tx_irq": {"scale": 1.0, "weight": 0.0}, "bpf_page_cache_hit": {"scale": 1.0, "weight": 0.0}}}}, "dram": {"All_Weights": {"Bias_Weight": 0.912803020639037, "Categorical_Variables": {}, "Numerical_Variables": {"bpf_block_irq": {"scale": 0.6666666666666666, "weight": -0.26380737336657434}, "bpf_cpu_time_ms": {"scale": 91842.33333333333, "weight": 54.716887428875495}, "bpf_net_rx_irq": {"scale": 346.3333333333333, "weight": -1.1206496469580218}, "bpf_net_tx_irq": {"scale": 1.0, "weight": 0.0}, "bpf_page_cache_hit": {"scale": 1.0, "weight": 0.0}}}}}