{"package": {"All_Weights": {"Bias_Weight": 63.690056728420615, "Categorical_Variables": {}, "Numerical_Variables": {"bpf_block_irq": {"scale": 0.6666666666666666, "mean": 0, "variance": 0, "weight": 0.0}, "bpf_net_rx_irq": {"scale": 1936.3333333333333, "mean": 0, "variance": 0, "weight": 141.2956511396419}, "bpf_net_tx_irq": {"scale": 1.6666666666666667, "mean": 0, "variance": 0, "weight": 0.0}, "cache_miss": {"scale": 144445326.66666666, "mean": 0, "variance": 0, "weight": 118.72201695454714}, "cpu_cycles": {"scale": 56749212346.333336, "mean": 0, "variance": 0, "weight": 390.8982204690865}, "cpu_instructions": {"scale": 70755378378.33333, "mean": 0, "variance": 0, "weight": 35.250917251736}}}}, "core": {"All_Weights": {"Bias_Weight": 0.0, "Categorical_Variables": {}, "Numerical_Variables": {"bpf_block_irq": {"scale": 0.6666666666666666, "mean": 0, "variance": 0, "weight": 0.0}, "bpf_net_rx_irq": {"scale": 1936.3333333333333, "mean": 0, "variance": 0, "weight": 0.0}, "bpf_net_tx_irq": {"scale": 1.6666666666666667, "mean": 0, "variance": 0, "weight": 0.0}, "cache_miss": {"scale": 144445326.66666666, "mean": 0, "variance": 0, "weight": 0.0}, "cpu_cycles": {"scale": 56749212346.333336, "mean": 0, "variance": 0, "weight": 0.0}, "cpu_instructions": {"scale": 70755378378.33333, "mean": 0, "variance": 0, "weight": 0.0}}}}, "uncore": {"All_Weights": {"Bias_Weight": 0.0, "Categorical_Variables": {}, "Numerical_Variables": {"bpf_block_irq": {"scale": 0.6666666666666666, "mean": 0, "variance": 0, "weight": 0.0}, "bpf_net_rx_irq": {"scale": 1936.3333333333333, "mean": 0, "variance": 0, "weight": 0.0}, "bpf_net_tx_irq": {"scale": 1.6666666666666667, "mean": 0, "variance": 0, "weight": 0.0}, "cache_miss": {"scale": 144445326.66666666, "mean": 0, "variance": 0, "weight": 0.0}, "cpu_cycles": {"scale": 56749212346.333336, "mean": 0, "variance": 0, "weight": 0.0}, "cpu_instructions": {"scale": 70755378378.33333, "mean": 0, "variance": 0, "weight": 0.0}}}}, "dram": {"All_Weights": {"Bias_Weight": 123.77355701325078, "Categorical_Variables": {}, "Numerical_Variables": {"bpf_block_irq": {"scale": 0.6666666666666666, "mean": 0, "variance": 0, "weight": 0.0}, "bpf_net_rx_irq": {"scale": 1936.3333333333333, "mean": 0, "variance": 0, "weight": 0.0}, "bpf_net_tx_irq": {"scale": 1.6666666666666667, "mean": 0, "variance": 0, "weight": 0.0}, "cache_miss": {"scale": 144445326.66666666, "mean": 0, "variance": 0, "weight": 110.48337762137463}, "cpu_cycles": {"scale": 56749212346.333336, "mean": 0, "variance": 0, "weight": 40.48251390097476}, "cpu_instructions": {"scale": 70755378378.33333, "mean": 0, "variance": 0, "weight": 0.0}}}}}