{"package": {"All_Weights": {"Bias_Weight": 86.17967738094396, "Categorical_Variables": {}, "Numerical_Variables": {"bpf_block_irq": {"scale": 0.6666666666666666, "mean": 0, "variance": 0, "weight": -12.407145698254995}, "bpf_net_rx_irq": {"scale": 1936.3333333333333, "mean": 0, "variance": 0, "weight": 48.55890758116129}, "bpf_net_tx_irq": {"scale": 1.6666666666666667, "mean": 0, "variance": 0, "weight": 2.21506668011471}, "cache_miss": {"scale": 144445326.66666666, "mean": 0, "variance": 0, "weight": 119.1975662123644}, "cpu_cycles": {"scale": 56749212346.333336, "mean": 0, "variance": 0, "weight": 385.07752230805204}, "cpu_instructions": {"scale": 70755378378.33333, "mean": 0, "variance": 0, "weight": 39.502713967334245}}}}, "core": {"All_Weights": {"Bias_Weight": 0.0, "Categorical_Variables": {}, "Numerical_Variables": {"bpf_block_irq": {"scale": 0.6666666666666666, "mean": 0, "variance": 0, "weight": 0.0}, "bpf_net_rx_irq": {"scale": 1936.3333333333333, "mean": 0, "variance": 0, "weight": 0.0}, "bpf_net_tx_irq": {"scale": 1.6666666666666667, "mean": 0, "variance": 0, "weight": 0.0}, "cache_miss": {"scale": 144445326.66666666, "mean": 0, "variance": 0, "weight": 0.0}, "cpu_cycles": {"scale": 56749212346.333336, "mean": 0, "variance": 0, "weight": 0.0}, "cpu_instructions": {"scale": 70755378378.33333, "mean": 0, "variance": 0, "weight": 0.0}}}}, "uncore": {"All_Weights": {"Bias_Weight": 0.0, "Categorical_Variables": {}, "Numerical_Variables": {"bpf_block_irq": {"scale": 0.6666666666666666, "mean": 0, "variance": 0, "weight": 0.0}, "bpf_net_rx_irq": {"scale": 1936.3333333333333, "mean": 0, "variance": 0, "weight": 0.0}, "bpf_net_tx_irq": {"scale": 1.6666666666666667, "mean": 0, "variance": 0, "weight": 0.0}, "cache_miss": {"scale": 144445326.66666666, "mean": 0, "variance": 0, "weight": 0.0}, "cpu_cycles": {"scale": 56749212346.333336, "mean": 0, "variance": 0, "weight": 0.0}, "cpu_instructions": {"scale": 70755378378.33333, "mean": 0, "variance": 0, "weight": 0.0}}}}, "dram": {"All_Weights": {"Bias_Weight": 124.15565214951924, "Categorical_Variables": {}, "Numerical_Variables": {"bpf_block_irq": {"scale": 0.6666666666666666, "mean": 0, "variance": 0, "weight": -1.9907783945076112}, "bpf_net_rx_irq": {"scale": 1936.3333333333333, "mean": 0, "variance": 0, "weight": 11.586880072535909}, "bpf_net_tx_irq": {"scale": 1.6666666666666667, "mean": 0, "variance": 0, "weight": -4.873791694246758}, "cache_miss": {"scale": 144445326.66666666, "mean": 0, "variance": 0, "weight": 99.49249334801662}, "cpu_cycles": {"scale": 56749212346.333336, "mean": 0, "variance": 0, "weight": 55.57087481386331}, "cpu_instructions": {"scale": 70755378378.33333, "mean": 0, "variance": 0, "weight": -27.299083598790236}}}}}