{"platform": {"All_Weights": {"Categorical_Variables": {}, "Numerical_Variables": {"bpf_cpu_time_ms": {"scale": 139729.2362111971}, "bpf_page_cache_hit": {"scale": 1.0}}, "CurveFit_Weights": [359.4150426117635, 0.9000003139642735, -315.44246729629435]}}}