{"platform": {"All_Weights": {"Categorical_Variables": {}, "Numerical_Variables": {"bpf_cpu_time_ms": {"scale": 4083.905126452332}, "bpf_page_cache_hit": {"scale": 1.0}}, "CurveFit_Weights": [21.536438522175548, 1.2949730283635181, -19.627204209339695]}}}