{"platform": {"All_Weights": {"Categorical_Variables": {}, "Numerical_Variables": {"bpf_cpu_time_ms": {"scale": 33680.096847614645}, "bpf_page_cache_hit": {"scale": 1.0}}, "CurveFit_Weights": [518283.39684610115, 0.0002832294343423788, -518250.126430295]}}}