{"platform": {"All_Weights": {"Categorical_Variables": {}, "Numerical_Variables": {"bpf_cpu_time_ms": {"scale": 9166.483407065574}, "bpf_page_cache_hit": {"scale": 1.0}}, "CurveFit_Weights": [403385.8289587722, 0.00028264928062126683, -403380.5173228369]}}}