{"platform": {"All_Weights": {"Categorical_Variables": {}, "Numerical_Variables": {"bpf_cpu_time_ms": {"scale": 22966.216968809174}, "bpf_page_cache_hit": {"scale": 1.0}}, "CurveFit_Weights": [55.05866428725447, 1.40248105879462, -39.47267175608401]}}}