{"platform": {"All_Weights": {"Categorical_Variables": {}, "Numerical_Variables": {"bpf_cpu_time_ms": {"scale": 16618.126600203945}, "bpf_page_cache_hit": {"scale": 1.0}}, "CurveFit_Weights": [74.29219152663156, 0.8374997438496941, -65.5910392370594]}}}