{"platform": {"All_Weights": {"Categorical_Variables": {}, "Numerical_Variables": {"bpf_cpu_time_ms": {"scale": 60918.94975242429}, "bpf_page_cache_hit": {"scale": 1.0}}, "CurveFit_Weights": [4053.92837334678, 0.04532671201079514, -4034.913402606789]}}}