{"platform": {"All_Weights": {"Categorical_Variables": {}, "Numerical_Variables": {"bpf_cpu_time_ms": {"scale": 6088.087675893517}, "bpf_page_cache_hit": {"scale": 1.0}}, "CurveFit_Weights": [21.152664133409388, 1.1620456864309903, -18.327802862318723]}}}