{"platform": {"All_Weights": {"Categorical_Variables": {}, "Numerical_Variables": {"bpf_cpu_time_ms": {"scale": 1264.397522156386}, "bpf_page_cache_hit": {"scale": 1.0}}, "CurveFit_Weights": [169168.75489737804, 0.00020410480163076333, -169167.21145377523]}}}