{"platform": {"All_Weights": {"Categorical_Variables": {}, "Numerical_Variables": {"bpf_cpu_time_ms": {"scale": 84034.6957993858}, "bpf_page_cache_hit": {"scale": 1.0}}, "CurveFit_Weights": [175.38351902441065, 1.1263613649589554, -147.12255600829485]}}}