{"platform": {"All_Weights": {"Categorical_Variables": {}, "Numerical_Variables": {"bpf_cpu_time_ms": {"scale": 6399.849809812918}, "bpf_page_cache_hit": {"scale": 1.0}}, "CurveFit_Weights": [13.40879351958001, 1.3610927187844326, -12.67672096221392]}}}