{"platform": {"All_Weights": {"Categorical_Variables": {}, "Numerical_Variables": {"bpf_cpu_time_ms": {"scale": 9376.317369789203}, "bpf_page_cache_hit": {"scale": 1.0}}, "CurveFit_Weights": [448647.00587339234, 0.00037006825792367676, -448630.04622237064]}}}