{"platform": {"All_Weights": {"Categorical_Variables": {}, "Numerical_Variables": {"bpf_cpu_time_ms": {"scale": 89809.33125867021}, "bpf_page_cache_hit": {"scale": 1.0}}, "CurveFit_Weights": [78.45341872527796, 2.0201822539775014, -54.815064083387234]}}}