{"platform": {"All_Weights": {"Categorical_Variables": {}, "Numerical_Variables": {"bpf_cpu_time_ms": {"scale": 240000.0}, "bpf_page_cache_hit": {"scale": 1.0}}, "CurveFit_Weights": [227.42576985499022, 1.4002850031201297, -179.18355346210123]}}}