{"platform": {"All_Weights": {"Categorical_Variables": {}, "Numerical_Variables": {"bpf_cpu_time_ms": {"scale": 16245.749437434137}, "bpf_page_cache_hit": {"scale": 1.0}}, "CurveFit_Weights": [119.26526906596656, 1.027278862616724, -112.72392746633776]}}}