{"platform": {"All_Weights": {"Categorical_Variables": {}, "Numerical_Variables": {"bpf_cpu_time_ms": {"scale": 18333.332381335407}, "bpf_page_cache_hit": {"scale": 1.0}}, "CurveFit_Weights": [250.89821661089647, 0.8321604194001521, -249.15713644550934]}}}