{"platform": {"All_Weights": {"Categorical_Variables": {}, "Numerical_Variables": {"bpf_cpu_time_ms": {"scale": 15931.076042392297}, "bpf_page_cache_hit": {"scale": 1.0}}, "CurveFit_Weights": [23.378133749064297, 2.215068702080748, -0.04604549792340606]}}}