{"platform": {"All_Weights": {"Categorical_Variables": {}, "Numerical_Variables": {"bpf_cpu_time_ms": {"scale": 6576.034258559246}, "bpf_page_cache_hit": {"scale": 1.0}}, "CurveFit_Weights": [245255.7545629538, 0.0007327371528235379, -245247.67715657473]}}}