{"platform": {"All_Weights": {"Categorical_Variables": {}, "Numerical_Variables": {"bpf_cpu_time_ms": {"scale": 71007.70978118155}, "bpf_page_cache_hit": {"scale": 1.0}}, "CurveFit_Weights": [378575.04926200747, 0.00035179878510844777, -378565.8797762069]}}}