{"platform": {"All_Weights": {"Categorical_Variables": {}, "Numerical_Variables": {"bpf_cpu_time_ms": {"scale": 23672.356239009292}, "bpf_page_cache_hit": {"scale": 1.0}}, "CurveFit_Weights": [165.52373816658036, 0.5728741494269909, -156.4059332286123]}}}