{"platform": {"All_Weights": {"Categorical_Variables": {}, "Numerical_Variables": {"bpf_cpu_time_ms": {"scale": 33283.88694561109}, "bpf_page_cache_hit": {"scale": 1.0}}, "CurveFit_Weights": [184.63273426419462, 0.6806434529764765, -178.42625064523608]}}}