{"platform": {"All_Weights": {"Categorical_Variables": {}, "Numerical_Variables": {"bpf_cpu_time_ms": {"scale": 44870.637328859986}, "bpf_page_cache_hit": {"scale": 1.0}}, "CurveFit_Weights": [888.7840254044695, 0.26738988016067206, -862.0628000392785]}}}