{"platform": {"All_Weights": {"Categorical_Variables": {}, "Numerical_Variables": {"bpf_cpu_time_ms": {"scale": 16000.0}, "bpf_page_cache_hit": {"scale": 1.0}}, "CurveFit_Weights": [261.92057474622334, 0.6142583928210444, -260.7692194318834]}}}