{"platform": {"All_Weights": {"Categorical_Variables": {}, "Numerical_Variables": {"bpf_cpu_time_ms": {"scale": 75911.60855022226}, "bpf_page_cache_hit": {"scale": 1.0}}, "CurveFit_Weights": [96.18576335914226, 1.461223605260546, -61.45820252655718]}}}