{"platform": {"All_Weights": {"Categorical_Variables": {}, "Numerical_Variables": {"bpf_cpu_time_ms": {"scale": 54128.5908604564}, "bpf_page_cache_hit": {"scale": 1.0}}, "CurveFit_Weights": [67.98345064687553, 1.5796698598854007, -40.223052484732804]}}}