{"platform": {"All_Weights": {"Categorical_Variables": {}, "Numerical_Variables": {"bpf_cpu_time_ms": {"scale": 6879.14917040082}, "bpf_page_cache_hit": {"scale": 1.0}}, "CurveFit_Weights": [8.824335680114585, 2.2201651983522255, -7.255850292391079]}}}