{"platform": {"All_Weights": {"Categorical_Variables": {}, "Numerical_Variables": {"bpf_cpu_time_ms": {"scale": 36330.55999027924}, "bpf_page_cache_hit": {"scale": 1.0}}, "CurveFit_Weights": [449.0895104652736, 0.31706524352991783, -428.94273727096214]}}}