{"platform": {"All_Weights": {"Categorical_Variables": {}, "Numerical_Variables": {"bpf_cpu_time_ms": {"scale": 22125.987405759784}, "bpf_page_cache_hit": {"scale": 1.0}}, "CurveFit_Weights": [48.33432771729104, 1.4360518290155624, -27.165938952643533]}}}