{"platform": {"All_Weights": {"Categorical_Variables": {}, "Numerical_Variables": {"bpf_cpu_time_ms": {"scale": 8978.83100134392}, "bpf_page_cache_hit": {"scale": 1.0}}, "CurveFit_Weights": [806.0721701013044, 0.1726093014309278, -791.0770639980935]}}}