{"platform": {"All_Weights": {"Categorical_Variables": {}, "Numerical_Variables": {"bpf_cpu_time_ms": {"scale": 19253.4588031984}, "bpf_page_cache_hit": {"scale": 1.0}}, "CurveFit_Weights": [83.1927857431794, 1.2795755575385945, -76.98739737948812]}}}