{"platform": {"All_Weights": {"Categorical_Variables": {}, "Numerical_Variables": {"bpf_cpu_time_ms": {"scale": 62037.146242051866}, "bpf_page_cache_hit": {"scale": 1.0}}, "CurveFit_Weights": [71.31093726099972, 1.6117538828566333, -15.25993611929193]}}}