{"platform": {"All_Weights": {"Categorical_Variables": {}, "Numerical_Variables": {"bpf_cpu_time_ms": {"scale": 33342.033691312026}, "bpf_page_cache_hit": {"scale": 1.0}}, "CurveFit_Weights": [107.13685773170062, 1.1585277575895236, -91.32198112972402]}}}