{"platform": {"All_Weights": {"Categorical_Variables": {}, "Numerical_Variables": {"bpf_cpu_time_ms": {"scale": 60732.483270793295}, "bpf_page_cache_hit": {"scale": 1.0}}, "CurveFit_Weights": [1303257.5648229169, 0.00032981635056470896, -1303231.877017883]}}}