{"platform": {"All_Weights": {"Categorical_Variables": {}, "Numerical_Variables": {"bpf_cpu_time_ms": {"scale": 9204.624920024948}, "bpf_page_cache_hit": {"scale": 1.0}}, "CurveFit_Weights": [354032.5386320781, 0.00045366162948054457, -354017.12462345255]}}}