{"platform": {"All_Weights": {"Categorical_Variables": {}, "Numerical_Variables": {"bpf_cpu_time_ms": {"scale": 517.8404152026453}, "bpf_page_cache_hit": {"scale": 1.0}}, "CurveFit_Weights": [95725.8428947458, 0.0006927334428460374, -95725.86016376506]}}}