{"platform": {"All_Weights": {"Categorical_Variables": {}, "Numerical_Variables": {"bpf_cpu_time_ms": {"scale": 42851.430063253945}, "bpf_page_cache_hit": {"scale": 1.0}}, "CurveFit_Weights": [40.2542561702914, 1.8592883690170598, -38.149593366953845]}}}