{"platform": {"All_Weights": {"Categorical_Variables": {}, "Numerical_Variables": {"bpf_cpu_time_ms": {"scale": 67322.65324361128}, "bpf_page_cache_hit": {"scale": 1.0}}, "CurveFit_Weights": [204.57044552567785, 1.040729390122511, -178.62515849446962]}}}