{"platform": {"All_Weights": {"Categorical_Variables": {}, "Numerical_Variables": {"bpf_cpu_time_ms": {"scale": 59669.66645587067}, "bpf_page_cache_hit": {"scale": 1.0}}, "CurveFit_Weights": [2193394.2805895703, 0.00025034729985868724, -2193335.66923995]}}}