{"platform": {"All_Weights": {"Categorical_Variables": {}, "Numerical_Variables": {"bpf_cpu_time_ms": {"scale": 2694.36071911154}, "bpf_page_cache_hit": {"scale": 1.0}}, "CurveFit_Weights": [39.052180048766836, 1.0591439851697517, -39.21115436544457]}}}