{"platform": {"All_Weights": {"Categorical_Variables": {}, "Numerical_Variables": {"bpf_cpu_time_ms": {"scale": 65448.79891181445}, "bpf_page_cache_hit": {"scale": 1.0}}, "CurveFit_Weights": [541661.758818043, 0.00033680412240040216, -541635.954910952]}}}