{"platform": {"All_Weights": {"Categorical_Variables": {}, "Numerical_Variables": {"bpf_cpu_time_ms": {"scale": 3251.661389800401}, "bpf_page_cache_hit": {"scale": 1.0}}, "CurveFit_Weights": [122.85924491622654, 0.5191829454233089, -122.56129640108652]}}}