{"platform": {"All_Weights": {"Categorical_Variables": {}, "Numerical_Variables": {"bpf_cpu_time_ms": {"scale": 12626.381749265036}, "bpf_page_cache_hit": {"scale": 1.0}}, "CurveFit_Weights": [723970.0494684101, 0.00024890477358997755, -723950.8233369293]}}}