{"platform": {"All_Weights": {"Categorical_Variables": {}, "Numerical_Variables": {"bpf_cpu_time_ms": {"scale": 6294.7645461156035}, "bpf_page_cache_hit": {"scale": 1.0}}, "CurveFit_Weights": [297010.0125614878, 0.00023169506061540166, -296998.59179862146]}}}