{"platform": {"All_Weights": {"Categorical_Variables": {}, "Numerical_Variables": {"bpf_cpu_time_ms": {"scale": 62220.12205709674}, "bpf_page_cache_hit": {"scale": 1.0}}, "CurveFit_Weights": [250.04518167340674, 0.8390548754323929, -225.81924795058526]}}}