{"platform": {"All_Weights": {"Categorical_Variables": {}, "Numerical_Variables": {"bpf_cpu_time_ms": {"scale": 208131.68935407547}, "bpf_page_cache_hit": {"scale": 1.0}}, "CurveFit_Weights": [206.88855099577566, 1.4755098898983758, -154.43337903229596]}}}