{"platform": {"All_Weights": {"Categorical_Variables": {}, "Numerical_Variables": {"bpf_cpu_time_ms": {"scale": 162460.97349404098}, "bpf_page_cache_hit": {"scale": 1.0}}, "CurveFit_Weights": [132.80760783944777, 1.1115247536048898, -131.41827912461665]}}}