{"platform": {"All_Weights": {"Categorical_Variables": {}, "Numerical_Variables": {"bpf_cpu_time_ms": {"scale": 149030.7604006794}, "bpf_page_cache_hit": {"scale": 1.0}}, "CurveFit_Weights": [388.4959704701201, 0.9060830880771443, -334.21672639554805]}}}