{"platform": {"All_Weights": {"Categorical_Variables": {}, "Numerical_Variables": {"bpf_cpu_time_ms": {"scale": 6205.38405457129}, "bpf_page_cache_hit": {"scale": 1.0}}, "CurveFit_Weights": [50.658587741578415, 0.6148318141190301, -49.55853961957978]}}}