{"platform": {"All_Weights": {"Categorical_Variables": {}, "Numerical_Variables": {"bpf_cpu_time_ms": {"scale": 139311.08133376986}, "bpf_page_cache_hit": {"scale": 1.0}}, "CurveFit_Weights": [513.1149516251027, 0.9503228054329584, -451.64606291150926]}}}