{"platform": {"All_Weights": {"Categorical_Variables": {}, "Numerical_Variables": {"bpf_cpu_time_ms": {"scale": 26998.008432698734}, "bpf_page_cache_hit": {"scale": 1.0}}, "CurveFit_Weights": [118.38370840410683, 0.8248636536873126, -112.20579062964926]}}}