{"platform": {"All_Weights": {"Categorical_Variables": {}, "Numerical_Variables": {"bpf_cpu_time_ms": {"scale": 48117.86426707801}, "bpf_page_cache_hit": {"scale": 1.0}}, "CurveFit_Weights": [554.8270355239251, 0.3138706595601277, -540.2045888415496]}}}