{"platform": {"All_Weights": {"Categorical_Variables": {}, "Numerical_Variables": {"bpf_cpu_time_ms": {"scale": 31925.897866027408}, "bpf_page_cache_hit": {"scale": 1.0}}, "CurveFit_Weights": [183.42895534094748, 1.0859057549811086, -173.29221739183166]}}}