{"platform": {"All_Weights": {"Categorical_Variables": {}, "Numerical_Variables": {"bpf_cpu_time_ms": {"scale": 7672.730086207248}, "bpf_page_cache_hit": {"scale": 1.0}}, "CurveFit_Weights": [578973.950476241, 0.000196643819313123, -578969.1238369502]}}}