{"platform": {"All_Weights": {"Categorical_Variables": {}, "Numerical_Variables": {"bpf_cpu_time_ms": {"scale": 32000.0}, "bpf_page_cache_hit": {"scale": 1.0}}, "CurveFit_Weights": [593536.7339424569, 0.00039436336124609055, -593521.5323209949]}}}