{"platform": {"All_Weights": {"Categorical_Variables": {}, "Numerical_Variables": {"bpf_cpu_time_ms": {"scale": 6847.406663063169}, "bpf_page_cache_hit": {"scale": 1.0}}, "CurveFit_Weights": [13.203211942793562, 1.2074198764445319, -12.645597611354281]}}}