{"platform": {"All_Weights": {"Categorical_Variables": {}, "Numerical_Variables": {"bpf_cpu_time_ms": {"scale": 103617.1089641578}, "bpf_page_cache_hit": {"scale": 1.0}}, "CurveFit_Weights": [456.0374819868562, 0.9924920011258569, -363.51498352004535]}}}