{"platform": {"All_Weights": {"Categorical_Variables": {}, "Numerical_Variables": {"bpf_cpu_time_ms": {"scale": 1488.939491870707}, "bpf_page_cache_hit": {"scale": 1.0}}, "CurveFit_Weights": [112.38303967312604, 0.20051878095362533, -111.07431899408722]}}}