{"platform": {"All_Weights": {"Categorical_Variables": {}, "Numerical_Variables": {"bpf_cpu_time_ms": {"scale": 22225.987518268623}, "bpf_page_cache_hit": {"scale": 1.0}}, "CurveFit_Weights": [87.19666077759845, 1.2979730842866453, -66.67987533949946]}}}