{"platform": {"All_Weights": {"Categorical_Variables": {}, "Numerical_Variables": {"bpf_cpu_time_ms": {"scale": 239233.5518432769}, "bpf_page_cache_hit": {"scale": 1.0}}, "CurveFit_Weights": [308.3033235462413, 1.0971525956256598, -265.284725666147]}}}