{"platform": {"All_Weights": {"Categorical_Variables": {}, "Numerical_Variables": {"bpf_cpu_time_ms": {"scale": 5597.174077811869}, "bpf_page_cache_hit": {"scale": 1.0}}, "CurveFit_Weights": [18.84457305154278, 1.2671839121927209, -17.63309346397135]}}}