{"platform": {"All_Weights": {"Categorical_Variables": {}, "Numerical_Variables": {"bpf_cpu_time_ms": {"scale": 30366.452562332714}, "bpf_page_cache_hit": {"scale": 1.0}}, "CurveFit_Weights": [141.54217066063072, 0.7846720261065365, -129.32467984593023]}}}