{"platform": {"All_Weights": {"Categorical_Variables": {}, "Numerical_Variables": {"bpf_cpu_time_ms": {"scale": 73878.47726670367}, "bpf_page_cache_hit": {"scale": 1.0}}, "CurveFit_Weights": [2197.0711222337554, 0.17574201787076177, -2167.5945094520366]}}}