{"platform": {"All_Weights": {"Categorical_Variables": {}, "Numerical_Variables": {"bpf_cpu_time_ms": {"scale": 109108.55866042468}, "bpf_page_cache_hit": {"scale": 1.0}}, "CurveFit_Weights": [1294823.040789328, 0.00036763810315941785, -1294817.1520056897]}}}