{"platform": {"All_Weights": {"Categorical_Variables": {}, "Numerical_Variables": {"bpf_cpu_time_ms": {"scale": 5584.737451333462}, "bpf_page_cache_hit": {"scale": 1.0}}, "CurveFit_Weights": [14.532704269267498, 1.6471510801014029, -13.44011342131872]}}}