{"platform": {"All_Weights": {"Categorical_Variables": {}, "Numerical_Variables": {"bpf_cpu_time_ms": {"scale": 16895.30714352416}, "bpf_page_cache_hit": {"scale": 1.0}}, "CurveFit_Weights": [474.2859254727502, 0.45640242619699983, -469.5530577855701]}}}