{"platform": {"All_Weights": {"Categorical_Variables": {}, "Numerical_Variables": {"bpf_cpu_time_ms": {"scale": 107192.98651010284}, "bpf_page_cache_hit": {"scale": 1.0}}, "CurveFit_Weights": [1667.4546116076447, 0.2715936891198087, -1645.2247212921077]}}}