{"platform": {"All_Weights": {"Categorical_Variables": {}, "Numerical_Variables": {"bpf_cpu_time_ms": {"scale": 62113.59439564508}, "bpf_page_cache_hit": {"scale": 1.0}}, "CurveFit_Weights": [245864.12215364396, 0.0008469903849741891, -245849.3594407945]}}}