{"platform": {"All_Weights": {"Categorical_Variables": {}, "Numerical_Variables": {"bpf_cpu_time_ms": {"scale": 7786.193874103079}, "bpf_page_cache_hit": {"scale": 1.0}}, "CurveFit_Weights": [177673.49026324, 0.0003328252804989832, -177670.42277240372]}}}