{"platform": {"All_Weights": {"Categorical_Variables": {}, "Numerical_Variables": {"bpf_cpu_time_ms": {"scale": 30944.280385349644}, "bpf_page_cache_hit": {"scale": 1.0}}, "CurveFit_Weights": [1113741.5213375122, 0.0003079971163594712, -1113727.065746462]}}}