{"platform": {"All_Weights": {"Categorical_Variables": {}, "Numerical_Variables": {"bpf_cpu_time_ms": {"scale": 32783.01756475603}, "bpf_page_cache_hit": {"scale": 1.0}}, "CurveFit_Weights": [362.4891357652134, 0.9069644913566126, -363.85944408741545]}}}