{"platform": {"All_Weights": {"Categorical_Variables": {}, "Numerical_Variables": {"bpf_cpu_time_ms": {"scale": 2819.7572301766277}, "bpf_page_cache_hit": {"scale": 1.0}}, "CurveFit_Weights": [33.972001679102014, 1.259781354476462, -28.68267823995046]}}}