{"platform": {"All_Weights": {"Categorical_Variables": {}, "Numerical_Variables": {"bpf_cpu_time_ms": {"scale": 16010.358429816162}, "bpf_page_cache_hit": {"scale": 1.0}}, "CurveFit_Weights": [62.90283757164254, 1.557214121053951, -60.884523646428214]}}}