{"platform": {"All_Weights": {"Categorical_Variables": {}, "Numerical_Variables": {"bpf_cpu_time_ms": {"scale": 13998.46312916353}, "bpf_page_cache_hit": {"scale": 1.0}}, "CurveFit_Weights": [169872.6370099793, 0.00021273972175690165, -169864.11783146058]}}}