{"platform": {"All_Weights": {"Categorical_Variables": {}, "Numerical_Variables": {"bpf_cpu_time_ms": {"scale": 15999.999999999996}, "bpf_page_cache_hit": {"scale": 1.0}}, "CurveFit_Weights": [543212.4397917696, 0.0004059808728630708, -543209.9937220863]}}}