{"platform": {"All_Weights": {"Categorical_Variables": {}, "Numerical_Variables": {"bpf_cpu_time_ms": {"scale": 118367.90322811548}, "bpf_page_cache_hit": {"scale": 1.0}}, "CurveFit_Weights": [420.2015940628294, 1.114477727787744, -366.1883526290644]}}}