{"platform": {"All_Weights": {"Categorical_Variables": {}, "Numerical_Variables": {"bpf_cpu_time_ms": {"scale": 46581.149889281354}, "bpf_page_cache_hit": {"scale": 1.0}}, "CurveFit_Weights": [1107366.4295440086, 0.00032615916898414993, -1107337.1258542226]}}}