{"platform": {"All_Weights": {"Categorical_Variables": {}, "Numerical_Variables": {"bpf_cpu_time_ms": {"scale": 3904.324074254532}, "bpf_page_cache_hit": {"scale": 1.0}}, "CurveFit_Weights": [30.10809947441978, 0.7765527565795346, -30.79477004366631]}}}