{"platform": {"All_Weights": {"Categorical_Variables": {}, "Numerical_Variables": {"bpf_cpu_time_ms": {"scale": 92300.0070880573}, "bpf_page_cache_hit": {"scale": 1.0}}, "CurveFit_Weights": [422.9664279096651, 0.3089192521217427, -409.58960516410986]}}}