{"platform": {"All_Weights": {"Categorical_Variables": {}, "Numerical_Variables": {"bpf_cpu_time_ms": {"scale": 9260.773529492924}, "bpf_page_cache_hit": {"scale": 1.0}}, "CurveFit_Weights": [840.9456935009708, 0.17607635014671166, -829.2607895195091]}}}