{"platform": {"All_Weights": {"Categorical_Variables": {}, "Numerical_Variables": {"bpf_cpu_time_ms": {"scale": 171729.662244694}, "bpf_page_cache_hit": {"scale": 1.0}}, "CurveFit_Weights": [1139960.9629981283, 0.0002506475078253246, -1139913.4590620913]}}}