{"platform": {"All_Weights": {"Categorical_Variables": {}, "Numerical_Variables": {"bpf_cpu_time_ms": {"scale": 19723.5657653583}, "bpf_page_cache_hit": {"scale": 1.0}}, "CurveFit_Weights": [96.88170128144797, 1.0998074400410724, -89.37120936039285]}}}