{"platform": {"All_Weights": {"Categorical_Variables": {}, "Numerical_Variables": {"bpf_cpu_time_ms": {"scale": 1452.112020367595}, "bpf_page_cache_hit": {"scale": 1.0}}, "CurveFit_Weights": [107.65504413972275, 0.3011878616802607, -106.053898358204]}}}