{"platform": {"All_Weights": {"Categorical_Variables": {}, "Numerical_Variables": {"bpf_cpu_time_ms": {"scale": 19464.08886398693}, "bpf_page_cache_hit": {"scale": 1.0}}, "CurveFit_Weights": [53.40854383747672, 1.3332761176657524, -43.34900192445728]}}}