{"platform": {"All_Weights": {"Categorical_Variables": {}, "Numerical_Variables": {"bpf_cpu_time_ms": {"scale": 9683.905086357803}, "bpf_page_cache_hit": {"scale": 1.0}}, "CurveFit_Weights": [342224.9366817107, 0.0003273163800174309, -342209.5999646057]}}}