{"platform": {"All_Weights": {"Categorical_Variables": {}, "Numerical_Variables": {"bpf_cpu_time_ms": {"scale": 70076.29361815096}, "bpf_page_cache_hit": {"scale": 1.0}}, "CurveFit_Weights": [194.75270696570664, 0.7382345298510694, -162.19322987532945]}}}