{"platform": {"All_Weights": {"Categorical_Variables": {}, "Numerical_Variables": {"bpf_cpu_time_ms": {"scale": 3993.6151229890447}, "bpf_page_cache_hit": {"scale": 1.0}}, "CurveFit_Weights": [306.3197772943511, 0.11687715015229373, -305.7370498617781]}}}