{"platform": {"All_Weights": {"Categorical_Variables": {}, "Numerical_Variables": {"bpf_cpu_time_ms": {"scale": 86152.81176482502}, "bpf_page_cache_hit": {"scale": 1.0}}, "CurveFit_Weights": [771884.1336398501, 0.0001931129294317984, -771864.4909261066]}}}