{"platform": {"All_Weights": {"Categorical_Variables": {}, "Numerical_Variables": {"bpf_cpu_time_ms": {"scale": 165957.34339612455}, "bpf_page_cache_hit": {"scale": 1.0}}, "CurveFit_Weights": [1731425.73950654, 0.00020367769067114686, -1731405.6651199996]}}}