{"platform": {"All_Weights": {"Categorical_Variables": {}, "Numerical_Variables": {"bpf_cpu_time_ms": {"scale": 17741.204902235437}, "bpf_page_cache_hit": {"scale": 1.0}}, "CurveFit_Weights": [41.93362334101475, 1.6079341628787536, -32.24275572716536]}}}