{"platform": {"All_Weights": {"Categorical_Variables": {}, "Numerical_Variables": {"bpf_cpu_time_ms": {"scale": 23718.934901256616}, "bpf_page_cache_hit": {"scale": 1.0}}, "CurveFit_Weights": [157.2955311610779, 0.6194047395766654, -147.45765517931707]}}}