{"platform": {"All_Weights": {"Categorical_Variables": {}, "Numerical_Variables": {"bpf_cpu_time_ms": {"scale": 16692.95998397874}, "bpf_page_cache_hit": {"scale": 1.0}}, "CurveFit_Weights": [19.56841561915638, 2.415406060199538, 4.15656370310287]}}}