{"platform": {"All_Weights": {"Categorical_Variables": {}, "Numerical_Variables": {"bpf_cpu_time_ms": {"scale": 4901.008238324463}, "bpf_page_cache_hit": {"scale": 1.0}}, "CurveFit_Weights": [17.114173484904672, 1.0305600543678304, -15.310588169121642]}}}