{"platform": {"All_Weights": {"Categorical_Variables": {}, "Numerical_Variables": {"bpf_cpu_time_ms": {"scale": 46111.67007103627}, "bpf_page_cache_hit": {"scale": 1.0}}, "CurveFit_Weights": [2114879.800086043, 0.00019762692099452783, -2114843.602334567]}}}