{"platform": {"All_Weights": {"Categorical_Variables": {}, "Numerical_Variables": {"bpf_cpu_time_ms": {"scale": 366165.10973175266}, "bpf_page_cache_hit": {"scale": 1.0}}, "CurveFit_Weights": [1857.1943512175205, 0.2655755150177997, -1806.0216094619204]}}}