{"platform": {"All_Weights": {"Categorical_Variables": {}, "Numerical_Variables": {"bpf_cpu_time_ms": {"scale": 287863.718999192}, "bpf_page_cache_hit": {"scale": 1.0}}, "CurveFit_Weights": [1607.926113268965, 0.5374409768677214, -1503.998529952635]}}}