{"platform": {"All_Weights": {"Categorical_Variables": {}, "Numerical_Variables": {"bpf_cpu_time_ms": {"scale": 19063.888637374548}, "bpf_page_cache_hit": {"scale": 1.0}}, "CurveFit_Weights": [60.20083647591762, 1.4352306714299177, -47.28990238630762]}}}