{"platform": {"All_Weights": {"Categorical_Variables": {}, "Numerical_Variables": {"bpf_cpu_time_ms": {"scale": 27442.775647418955}, "bpf_page_cache_hit": {"scale": 1.0}}, "CurveFit_Weights": [207367.473689323, 0.0002867941436911953, -207356.3426123682]}}}