{"platform": {"All_Weights": {"Categorical_Variables": {}, "Numerical_Variables": {"bpf_cpu_time_ms": {"scale": 17168.853814174618}, "bpf_page_cache_hit": {"scale": 1.0}}, "CurveFit_Weights": [78.08119252666778, 1.2819414285985902, -77.40886363071277]}}}