{"platform": {"All_Weights": {"Categorical_Variables": {}, "Numerical_Variables": {"bpf_cpu_time_ms": {"scale": 24848.028676254668}, "bpf_page_cache_hit": {"scale": 1.0}}, "CurveFit_Weights": [1142514.912416676, 0.00030291466965269055, -1142479.1577368574]}}}