{"platform": {"All_Weights": {"Categorical_Variables": {}, "Numerical_Variables": {"bpf_cpu_time_ms": {"scale": 8675.858443717963}, "bpf_page_cache_hit": {"scale": 1.0}}, "CurveFit_Weights": [36.26869213207537, 1.3741216620586714, -34.61515300263757]}}}