{"platform": {"All_Weights": {"Categorical_Variables": {}, "Numerical_Variables": {"bpf_cpu_time_ms": {"scale": 7936.033940217869}, "bpf_page_cache_hit": {"scale": 1.0}}, "CurveFit_Weights": [270091.73488109885, 0.0004696496749005477, -270082.1922555696]}}}