{"platform": {"All_Weights": {"Categorical_Variables": {}, "Numerical_Variables": {"bpf_cpu_time_ms": {"scale": 69879.34069173332}, "bpf_page_cache_hit": {"scale": 1.0}}, "CurveFit_Weights": [96.75810454772714, 1.4370133164925387, -63.30774053399988]}}}