{"platform": {"All_Weights": {"Categorical_Variables": {}, "Numerical_Variables": {"bpf_cpu_time_ms": {"scale": 20788.169469824566}, "bpf_page_cache_hit": {"scale": 1.0}}, "CurveFit_Weights": [50.91591287130584, 0.9868021838713751, -47.32476262417118]}}}