{"platform": {"All_Weights": {"Categorical_Variables": {}, "Numerical_Variables": {"bpf_cpu_time_ms": {"scale": 95667.13807873146}, "bpf_page_cache_hit": {"scale": 1.0}}, "CurveFit_Weights": [538.2127313646079, 0.5831655129447866, -518.413910721674]}}}