{"platform": {"All_Weights": {"Categorical_Variables": {}, "Numerical_Variables": {"bpf_cpu_time_ms": {"scale": 22187.48720962846}, "bpf_page_cache_hit": {"scale": 1.0}}, "CurveFit_Weights": [1306503.6869187453, 0.0003214705989741137, -1306503.2924719185]}}}