{"platform": {"All_Weights": {"Categorical_Variables": {}, "Numerical_Variables": {"bpf_cpu_time_ms": {"scale": 27540.500371841736}, "bpf_page_cache_hit": {"scale": 1.0}}, "CurveFit_Weights": [440.6726241035435, 0.6611137183854391, -436.9603476541611]}}}