{"platform": {"All_Weights": {"Categorical_Variables": {}, "Numerical_Variables": {"bpf_cpu_time_ms": {"scale": 7785.797965597758}, "bpf_page_cache_hit": {"scale": 1.0}}, "CurveFit_Weights": [358940.9055647523, 0.0003437271374076192, -358936.917373795]}}}