{"platform": {"All_Weights": {"Categorical_Variables": {}, "Numerical_Variables": {"bpf_cpu_time_ms": {"scale": 84981.7566906198}, "bpf_page_cache_hit": {"scale": 1.0}}, "CurveFit_Weights": [331.44647617229333, 0.7078469102248666, -306.99106996520976]}}}