{"platform": {"All_Weights": {"Categorical_Variables": {}, "Numerical_Variables": {"bpf_cpu_time_ms": {"scale": 17321.456899548728}, "bpf_page_cache_hit": {"scale": 1.0}}, "CurveFit_Weights": [56.47831689587825, 1.4538018348827642, -48.29674160351446]}}}