{"platform": {"All_Weights": {"Categorical_Variables": {}, "Numerical_Variables": {"bpf_cpu_time_ms": {"scale": 6000.0}, "bpf_page_cache_hit": {"scale": 1.0}}, "CurveFit_Weights": [219406.62271375474, 0.00016235164261548833, -219401.59210607802]}}}