{"platform": {"All_Weights": {"Categorical_Variables": {}, "Numerical_Variables": {"bpf_cpu_time_ms": {"scale": 6485.77278057086}, "bpf_page_cache_hit": {"scale": 1.0}}, "CurveFit_Weights": [299170.04028497724, 0.0005500060308667956, -299161.64396468096]}}}