{"platform": {"All_Weights": {"Categorical_Variables": {}, "Numerical_Variables": {"bpf_cpu_time_ms": {"scale": 37910.511148721685}, "bpf_page_cache_hit": {"scale": 1.0}}, "CurveFit_Weights": [478.26316845255974, 0.36449957139606554, -470.81650001529937]}}}