{"platform": {"All_Weights": {"Categorical_Variables": {}, "Numerical_Variables": {"bpf_cpu_time_ms": {"scale": 17611.607672653263}, "bpf_page_cache_hit": {"scale": 1.0}}, "CurveFit_Weights": [318.62660898025223, 0.27079698142486, -293.51088987931774]}}}