{"platform": {"All_Weights": {"Categorical_Variables": {}, "Numerical_Variables": {"bpf_cpu_time_ms": {"scale": 7817.318424135709}, "bpf_page_cache_hit": {"scale": 1.0}}, "CurveFit_Weights": [72.67525438715772, 2.6403658085703148, -2.5478141714331355]}}}