{"platform": {"All_Weights": {"Categorical_Variables": {}, "Numerical_Variables": {"bpf_cpu_time_ms": {"scale": 6537.554729526322}, "bpf_page_cache_hit": {"scale": 1.0}}, "CurveFit_Weights": [1171.0613674292053, 0.12547902939997566, 0.01432864557732801]}}}