{"platform": {"All_Weights": {"Categorical_Variables": {}, "Numerical_Variables": {"bpf_cpu_time_ms": {"scale": 6399.849809812918}, "bpf_page_cache_hit": {"scale": 1.0}}, "CurveFit_Weights": [207080.56809905585, 0.00018368024254086635, -2.7801339325357093]}}}