{"platform": {"All_Weights": {"Categorical_Variables": {}, "Numerical_Variables": {"bpf_cpu_time_ms": {"scale": 51027.93707155226}, "bpf_page_cache_hit": {"scale": 1.0}}, "CurveFit_Weights": [874265.4478970623, 0.0002400943537692918, 9.928635019549366]}}}