{"platform": {"All_Weights": {"Categorical_Variables": {}, "Numerical_Variables": {"bpf_cpu_time_ms": {"scale": 95382.02941206252}, "bpf_page_cache_hit": {"scale": 1.0}}, "CurveFit_Weights": [979798.6872636968, 0.0004230475410534713, 28.042641522901288]}}}