{"platform": {"All_Weights": {"Categorical_Variables": {}, "Numerical_Variables": {"bpf_cpu_time_ms": {"scale": 5205.8926733114395}, "bpf_page_cache_hit": {"scale": 1.0}}, "CurveFit_Weights": [190299.13396771078, 0.0002156480496063357, -1.506899220553312]}}}