{"platform": {"All_Weights": {"Categorical_Variables": {}, "Numerical_Variables": {"bpf_cpu_time_ms": {"scale": 16000.0}, "bpf_page_cache_hit": {"scale": 1.0}}, "CurveFit_Weights": [17.318380226614156, 9.619024825362343, 1.1463613437800821]}}}