{"platform": {"All_Weights": {"Categorical_Variables": {}, "Numerical_Variables": {"bpf_cpu_time_ms": {"scale": 6494.023383745279}, "bpf_page_cache_hit": {"scale": 1.0}}, "CurveFit_Weights": [276.25505752350546, 0.6773735359766845, 6.899089136192278]}}}