{"platform": {"All_Weights": {"Categorical_Variables": {}, "Numerical_Variables": {"bpf_cpu_time_ms": {"scale": 517.8404152026453}, "bpf_page_cache_hit": {"scale": 1.0}}, "CurveFit_Weights": [654.8959117372295, 0.10344811652165559, -0.19789680367762924]}}}