{"platform": {"All_Weights": {"Categorical_Variables": {}, "Numerical_Variables": {"bpf_cpu_time_ms": {"scale": 19464.08886398693}, "bpf_page_cache_hit": {"scale": 1.0}}, "CurveFit_Weights": [637468.3294648598, 0.00022627704116193184, -1.2473589053995628]}}}