{"platform": {"All_Weights": {"Categorical_Variables": {}, "Numerical_Variables": {"bpf_cpu_time_ms": {"scale": 6205.38405457129}, "bpf_page_cache_hit": {"scale": 1.0}}, "CurveFit_Weights": [158312.78811071336, 0.0002649059574361941, -0.5510362422540936]}}}