{"platform": {"All_Weights": {"Categorical_Variables": {}, "Numerical_Variables": {"bpf_cpu_time_ms": {"scale": 3660.385117779886}, "bpf_page_cache_hit": {"scale": 1.0}}, "CurveFit_Weights": [153.83179949033848, 1.2307482910631475, 4.544064979394146]}}}