{"platform": {"All_Weights": {"Categorical_Variables": {}, "Numerical_Variables": {"bpf_cpu_time_ms": {"scale": 5021.748377823349}, "bpf_page_cache_hit": {"scale": 1.0}}, "CurveFit_Weights": [193210.96336132343, 0.00021146333634950058, -1.976875487418865]}}}