{"platform": {"All_Weights": {"Categorical_Variables": {}, "Numerical_Variables": {"bpf_cpu_time_ms": {"scale": 2694.36071911154}, "bpf_page_cache_hit": {"scale": 1.0}}, "CurveFit_Weights": [265986.55738936353, 0.00026199864530193363, -4.05500867997791]}}}