{"platform": {"All_Weights": {"Categorical_Variables": {}, "Numerical_Variables": {"bpf_cpu_time_ms": {"scale": 138157.4426289267}, "bpf_page_cache_hit": {"scale": 1.0}}, "CurveFit_Weights": [4676026.331241575, 0.00016627179758641597, 6.497837443065802]}}}