{"platform": {"All_Weights": {"Categorical_Variables": {}, "Numerical_Variables": {"bpf_cpu_time_ms": {"scale": 18333.332381335407}, "bpf_page_cache_hit": {"scale": 1.0}}, "CurveFit_Weights": [1433367.5156412732, 0.00023092613694428217, -20.75101274770606]}}}