{"platform": {"All_Weights": {"Categorical_Variables": {}, "Numerical_Variables": {"bpf_cpu_time_ms": {"scale": 62113.59439564508}, "bpf_page_cache_hit": {"scale": 1.0}}, "CurveFit_Weights": [935438.1308647351, 0.00025664319447058994, 6.141471325501336]}}}