{"platform": {"All_Weights": {"Categorical_Variables": {}, "Numerical_Variables": {"bpf_cpu_time_ms": {"scale": 22187.48720962846}, "bpf_page_cache_hit": {"scale": 1.0}}, "CurveFit_Weights": [1744.5883504661024, 0.2739717773010541, -7.897821678407886]}}}