{"platform": {"All_Weights": {"Categorical_Variables": {}, "Numerical_Variables": {"bpf_cpu_time_ms": {"scale": 118367.90322811548}, "bpf_page_cache_hit": {"scale": 1.0}}, "CurveFit_Weights": [2728636.1858113655, 0.0003076979759474164, -4.4270907175339005]}}}