{"platform": {"All_Weights": {"Categorical_Variables": {}, "Numerical_Variables": {"bpf_cpu_time_ms": {"scale": 70076.29361815096}, "bpf_page_cache_hit": {"scale": 1.0}}, "CurveFit_Weights": [677734.0116513146, 0.00032584964103415855, 14.329536132971493]}}}