{"platform": {"All_Weights": {"Categorical_Variables": {}, "Numerical_Variables": {"bpf_cpu_time_ms": {"scale": 90953.00618011093}, "bpf_page_cache_hit": {"scale": 1.0}}, "CurveFit_Weights": [68.52144153446119, 9.357836501127977, 5.659506723025912]}}}