{"platform": {"All_Weights": {"Categorical_Variables": {}, "Numerical_Variables": {"bpf_cpu_time_ms": {"scale": 6000.0}, "bpf_page_cache_hit": {"scale": 1.0}}, "CurveFit_Weights": [29.88266350431982, 2.3108268648834382, 2.0036751542954856]}}}