{"platform": {"All_Weights": {"Categorical_Variables": {}, "Numerical_Variables": {"bpf_cpu_time_ms": {"scale": 88750.03797173554}, "bpf_page_cache_hit": {"scale": 1.0}}, "CurveFit_Weights": [701.0408472548105, 0.32177901360018535, 14.652577172119148]}}}