{"platform": {"All_Weights": {"Categorical_Variables": {}, "Numerical_Variables": {"bpf_cpu_time_ms": {"scale": 6823.236964041063}, "bpf_page_cache_hit": {"scale": 1.0}}, "CurveFit_Weights": [89.09242448627654, 1.5016336376063122, -0.6633445455853697]}}}