{"platform": {"All_Weights": {"Categorical_Variables": {}, "Numerical_Variables": {"bpf_cpu_time_ms": {"scale": 22966.216968809174}, "bpf_page_cache_hit": {"scale": 1.0}}, "CurveFit_Weights": [462565.5743982741, 0.00034434951075791603, 1.883975027072007]}}}