{"platform": {"All_Weights": {"Categorical_Variables": {}, "Numerical_Variables": {"bpf_cpu_time_ms": {"scale": 7720.197319109624}, "bpf_page_cache_hit": {"scale": 1.0}}, "CurveFit_Weights": [862.4181646889566, 0.0956825321149639, -0.699735486498698]}}}