{"platform": {"All_Weights": {"Categorical_Variables": {}, "Numerical_Variables": {"bpf_cpu_time_ms": {"scale": 162460.97349404098}, "bpf_page_cache_hit": {"scale": 1.0}}, "CurveFit_Weights": [844899.3758335098, 0.00029994198908122824, -14.283906363196433]}}}