{"platform": {"All_Weights": {"Categorical_Variables": {}, "Numerical_Variables": {"bpf_cpu_time_ms": {"scale": 30944.280385349644}, "bpf_page_cache_hit": {"scale": 1.0}}, "CurveFit_Weights": [892.8455382742638, 0.470599203148545, 4.418693364508928]}}}