{"platform": {"All_Weights": {"Categorical_Variables": {}, "Numerical_Variables": {"bpf_cpu_time_ms": {"scale": 95667.13807873146}, "bpf_page_cache_hit": {"scale": 1.0}}, "CurveFit_Weights": [1279568.4667722397, 0.00033255208960924245, 2.456350862684898]}}}