{"platform": {"All_Weights": {"Categorical_Variables": {}, "Numerical_Variables": {"bpf_cpu_time_ms": {"scale": 69740.60815531621}, "bpf_page_cache_hit": {"scale": 1.0}}, "CurveFit_Weights": [1589283.1847073806, 0.00023476586804882618, 4.923344563261844]}}}