{"platform": {"All_Weights": {"Categorical_Variables": {}, "Numerical_Variables": {"bpf_cpu_time_ms": {"scale": 165957.34339612455}, "bpf_page_cache_hit": {"scale": 1.0}}, "CurveFit_Weights": [1251.1561406716464, 0.32039449664068614, 14.308100421263067]}}}