{"platform": {"All_Weights": {"Categorical_Variables": {}, "Numerical_Variables": {"bpf_cpu_time_ms": {"scale": 171729.662244694}, "bpf_page_cache_hit": {"scale": 1.0}}, "CurveFit_Weights": [249.9688347126891, 2.1743585635558635, 18.610219722173333]}}}