{"platform": {"All_Weights": {"Categorical_Variables": {}, "Numerical_Variables": {"bpf_cpu_time_ms": {"scale": 31199.333047560867}, "bpf_page_cache_hit": {"scale": 1.0}}, "CurveFit_Weights": [232.6752767748985, 2.0404518873310513, 6.326915299073177]}}}