{"platform": {"All_Weights": {"Categorical_Variables": {}, "Numerical_Variables": {"bpf_cpu_time_ms": {"scale": 31510.316498634707}, "bpf_page_cache_hit": {"scale": 1.0}}, "CurveFit_Weights": [77.04968385017773, 3.209019814694379, 3.3595365083740973]}}}