{"platform": {"All_Weights": {"Categorical_Variables": {}, "Numerical_Variables": {"bpf_cpu_time_ms": {"scale": 17741.204902235437}, "bpf_page_cache_hit": {"scale": 1.0}}, "CurveFit_Weights": [657779.6795510225, 0.00024199197570980063, -6.206435908282216]}}}