{"platform": {"All_Weights": {"Categorical_Variables": {}, "Numerical_Variables": {"bpf_cpu_time_ms": {"scale": 7672.730086207248}, "bpf_page_cache_hit": {"scale": 1.0}}, "CurveFit_Weights": [188.9872990021666, 0.8334466410109341, -0.3408930539422739]}}}