{"platform": {"All_Weights": {"Categorical_Variables": {}, "Numerical_Variables": {"bpf_cpu_time_ms": {"scale": 1488.939491870707}, "bpf_page_cache_hit": {"scale": 1.0}}, "CurveFit_Weights": [62668.66596596624, 0.0003965169579578097, 0.9856731296630076]}}}