{"platform": {"All_Weights": {"Categorical_Variables": {}, "Numerical_Variables": {"bpf_cpu_time_ms": {"scale": 7439.84047830315}, "bpf_page_cache_hit": {"scale": 1.0}}, "CurveFit_Weights": [110.33599016734853, 1.5814261123693802, -1.7771488636320498]}}}