{"platform": {"All_Weights": {"Categorical_Variables": {}, "Numerical_Variables": {"bpf_cpu_time_ms": {"scale": 40825.47251147187}, "bpf_page_cache_hit": {"scale": 1.0}}, "CurveFit_Weights": [419167.9975245767, 0.00047204181129432185, 7.606064641271632]}}}