{"platform": {"All_Weights": {"Categorical_Variables": {}, "Numerical_Variables": {"bpf_cpu_time_ms": {"scale": 48000.0}, "bpf_page_cache_hit": {"scale": 1.0}}, "CurveFit_Weights": [4596.147409854523, 0.07670297945338628, 18.83620126962188]}}}