{"platform": {"All_Weights": {"Categorical_Variables": {}, "Numerical_Variables": {"bpf_cpu_time_ms": {"scale": 17611.607672653263}, "bpf_page_cache_hit": {"scale": 1.0}}, "CurveFit_Weights": [125.24037369967877, 1.5562379683838834, 2.8157526932097423]}}}