{"platform": {"All_Weights": {"Categorical_Variables": {}, "Numerical_Variables": {"bpf_cpu_time_ms": {"scale": 46050.9353889413}, "bpf_page_cache_hit": {"scale": 1.0}}, "CurveFit_Weights": [89.28067817672819, 1.372603021840551, 5.648928829328648]}}}