{"platform": {"All_Weights": {"Categorical_Variables": {}, "Numerical_Variables": {"bpf_cpu_time_ms": {"scale": 18862.87309339697}, "bpf_page_cache_hit": {"scale": 1.0}}, "CurveFit_Weights": [1010371.3158896808, 0.00017156656892060957, -6.433555633526858]}}}