{"platform": {"All_Weights": {"Categorical_Variables": {}, "Numerical_Variables": {"bpf_cpu_time_ms": {"scale": 8978.83100134392}, "bpf_page_cache_hit": {"scale": 1.0}}, "CurveFit_Weights": [167791.20189663558, 0.0008953832950359018, 13.926639602402753]}}}