{"platform": {"All_Weights": {"Categorical_Variables": {}, "Numerical_Variables": {"bpf_cpu_time_ms": {"scale": 7519.881128657864}, "bpf_page_cache_hit": {"scale": 1.0}}, "CurveFit_Weights": [374315.4490099047, 0.00022237170787830043, -1.3632885178434617]}}}