{"platform": {"All_Weights": {"Categorical_Variables": {}, "Numerical_Variables": {"bpf_cpu_time_ms": {"scale": 23672.356239009292}, "bpf_page_cache_hit": {"scale": 1.0}}, "CurveFit_Weights": [555230.0363229985, 0.00023119803264490574, 3.2342149585281406]}}}