{"platform": {"All_Weights": {"Categorical_Variables": {}, "Numerical_Variables": {"bpf_cpu_time_ms": {"scale": 42069.225518943385}, "bpf_page_cache_hit": {"scale": 1.0}}, "CurveFit_Weights": [1162439.4826521478, 0.00018471962009130273, 6.461848077778002]}}}