{"platform": {"All_Weights": {"Categorical_Variables": {}, "Numerical_Variables": {"bpf_cpu_time_ms": {"scale": 6847.406663063169}, "bpf_page_cache_hit": {"scale": 1.0}}, "CurveFit_Weights": [108158.67041027281, 0.0002983047777706711, -2.960030852028969]}}}