{"platform": {"All_Weights": {"Categorical_Variables": {}, "Numerical_Variables": {"bpf_cpu_time_ms": {"scale": 2819.7572301766277}, "bpf_page_cache_hit": {"scale": 1.0}}, "CurveFit_Weights": [421105.274962852, 0.00020070662539031396, -1.2297579140906791]}}}