{"platform": {"All_Weights": {"Categorical_Variables": {}, "Numerical_Variables": {"bpf_cpu_time_ms": {"scale": 19723.5657653583}, "bpf_page_cache_hit": {"scale": 1.0}}, "CurveFit_Weights": [1259057.6964370438, 0.00014874631697163668, -5.678434584978953]}}}