{"platform": {"All_Weights": {"Categorical_Variables": {}, "Numerical_Variables": {"bpf_cpu_time_ms": {"scale": 16692.95998397874}, "bpf_page_cache_hit": {"scale": 1.0}}, "CurveFit_Weights": [714969.9092187799, 0.00026677897557355083, -7.297049105003693]}}}