{"platform": {"All_Weights": {"Categorical_Variables": {}, "Numerical_Variables": {"bpf_cpu_time_ms": {"scale": 76905.28667816507}, "bpf_page_cache_hit": {"scale": 1.0}}, "CurveFit_Weights": [1062.4687111442067, 0.186169834666866, 12.689524451128147]}}}