{"platform": {"All_Weights": {"Categorical_Variables": {}, "Numerical_Variables": {"bpf_cpu_time_ms": {"scale": 142659.4963171837}, "bpf_page_cache_hit": {"scale": 1.0}}, "CurveFit_Weights": [1686955.3136987982, 0.0003215562549120087, 14.829310615885657]}}}