{"platform": {"All_Weights": {"Categorical_Variables": {}, "Numerical_Variables": {"bpf_cpu_time_ms": {"scale": 6879.14917040082}, "bpf_page_cache_hit": {"scale": 1.0}}, "CurveFit_Weights": [349439.00761816767, 0.00019618134204951222, -7.393263494048674]}}}