{"platform": {"All_Weights": {"Categorical_Variables": {}, "Numerical_Variables": {"bpf_cpu_time_ms": {"scale": 28891.57159981703}, "bpf_page_cache_hit": {"scale": 1.0}}, "CurveFit_Weights": [298504.49902662553, 0.00040162448421443396, 3.9854622571870397]}}}