{"platform": {"All_Weights": {"Categorical_Variables": {}, "Numerical_Variables": {"bpf_cpu_time_ms": {"scale": 84981.7566906198}, "bpf_page_cache_hit": {"scale": 1.0}}, "CurveFit_Weights": [1088863.6017372306, 0.00032263902172902125, 1.4077596362316225]}}}