{"platform": {"All_Weights": {"Categorical_Variables": {}, "Numerical_Variables": {"bpf_cpu_time_ms": {"scale": 41143.90788093361}, "bpf_page_cache_hit": {"scale": 1.0}}, "CurveFit_Weights": [143.91372755174874, 0.9525160885122426, 2.644124685418029]}}}