{"platform": {"All_Weights": {"Categorical_Variables": {}, "Numerical_Variables": {"bpf_cpu_time_ms": {"scale": 60142.45087411303}, "bpf_page_cache_hit": {"scale": 1.0}}, "CurveFit_Weights": [857064.4070153277, 0.0002958519337828408, 11.088023602843132]}}}