{"platform": {"All_Weights": {"Categorical_Variables": {}, "Numerical_Variables": {"bpf_cpu_time_ms": {"scale": 1264.397522156386}, "bpf_page_cache_hit": {"scale": 1.0}}, "CurveFit_Weights": [112.74609438800042, 0.3566677632228001, 0.8699584477808828]}}}