{"platform": {"All_Weights": {"Categorical_Variables": {}, "Numerical_Variables": {"bpf_cpu_time_ms": {"scale": 16608.225821755237}, "bpf_page_cache_hit": {"scale": 1.0}}, "CurveFit_Weights": [330513.33902514365, 0.0003044424561074739, 2.692839104063148]}}}