{"platform": {"All_Weights": {"Categorical_Variables": {}, "Numerical_Variables": {"bpf_cpu_time_ms": {"scale": 45672.76449936964}, "bpf_page_cache_hit": {"scale": 1.0}}, "CurveFit_Weights": [871926.9178964858, 0.0003058531594972976, 10.438648870040016]}}}