{"platform": {"All_Weights": {"Categorical_Variables": {}, "Numerical_Variables": {"bpf_cpu_time_ms": {"scale": 6736.230121530199}, "bpf_page_cache_hit": {"scale": 1.0}}, "CurveFit_Weights": [148.4041075184108, 1.1330558343348687, 5.777259487750606]}}}