{"platform": {"All_Weights": {"Categorical_Variables": {}, "Numerical_Variables": {"bpf_cpu_time_ms": {"scale": 15810.88313068615}, "bpf_page_cache_hit": {"scale": 1.0}}, "CurveFit_Weights": [459627.1709704104, 0.0004152049532738295, -5.754773781922638]}}}