{"platform": {"All_Weights": {"Categorical_Variables": {}, "Numerical_Variables": {"bpf_cpu_time_ms": {"scale": 48909.658729464776}, "bpf_page_cache_hit": {"scale": 1.0}}, "CurveFit_Weights": [178.57868120703762, 0.769995993429762, 5.62504348407071]}}}