{"platform": {"All_Weights": {"Categorical_Variables": {}, "Numerical_Variables": {"bpf_cpu_time_ms": {"scale": 168340.9558076504}, "bpf_page_cache_hit": {"scale": 1.0}}, "CurveFit_Weights": [148.71997521071572, 5.842609322500044, 11.882680506121751]}}}