{"platform": {"All_Weights": {"Categorical_Variables": {}, "Numerical_Variables": {"bpf_cpu_time_ms": {"scale": 58806.30364562414}, "bpf_page_cache_hit": {"scale": 1.0}}, "CurveFit_Weights": [491078.2132663153, 0.0004395772080025258, 19.567849373851327]}}}