{"platform": {"All_Weights": {"Categorical_Variables": {}, "Numerical_Variables": {"bpf_cpu_time_ms": {"scale": 115738.1199096779}, "bpf_page_cache_hit": {"scale": 1.0}}, "CurveFit_Weights": [3252702.5144548127, 0.00014996861222514498, -20.272377370519923]}}}