{"platform": {"All_Weights": {"Categorical_Variables": {}, "Numerical_Variables": {"bpf_cpu_time_ms": {"scale": 104000.0}, "bpf_page_cache_hit": {"scale": 1.0}}, "CurveFit_Weights": [1063501.7843056873, 0.0003129303347082973, 1.318368928986501]}}}