{"platform": {"All_Weights": {"Categorical_Variables": {}, "Numerical_Variables": {"bpf_cpu_time_ms": {"scale": 31925.897866027408}, "bpf_page_cache_hit": {"scale": 1.0}}, "CurveFit_Weights": [1838517.675246078, 0.00018905620829226871, -13.093921514936488]}}}