{"platform": {"All_Weights": {"Categorical_Variables": {}, "Numerical_Variables": {"bpf_cpu_time_ms": {"scale": 59061.47370837033}, "bpf_page_cache_hit": {"scale": 1.0}}, "CurveFit_Weights": [251.45391216193184, 0.9825880998419129, 12.84675001545284]}}}