{"platform": {"All_Weights": {"Categorical_Variables": {}, "Numerical_Variables": {"bpf_cpu_time_ms": {"scale": 22863.91267513408}, "bpf_page_cache_hit": {"scale": 1.0}}, "CurveFit_Weights": [943796.8992701968, 0.00021076043929909528, 10.109637104336361]}}}