{"platform": {"All_Weights": {"Categorical_Variables": {}, "Numerical_Variables": {"bpf_cpu_time_ms": {"scale": 8887.818374191296}, "bpf_page_cache_hit": {"scale": 1.0}}, "CurveFit_Weights": [503965.33891156, 0.0003154933386683231, 7.378729223603634]}}}