{"platform": {"All_Weights": {"Categorical_Variables": {}, "Numerical_Variables": {"bpf_cpu_time_ms": {"scale": 4083.905126452332}, "bpf_page_cache_hit": {"scale": 1.0}}, "CurveFit_Weights": [256414.03082327594, 0.00021934008002622848, -2.608846894658117]}}}