{"platform": {"All_Weights": {"Categorical_Variables": {}, "Numerical_Variables": {"bpf_cpu_time_ms": {"scale": 56248.726841862226}, "bpf_page_cache_hit": {"scale": 1.0}}, "CurveFit_Weights": [910902.0715847512, 0.00030106647353742575, 11.864917626070737]}}}