{"platform": {"All_Weights": {"Categorical_Variables": {}, "Numerical_Variables": {"bpf_cpu_time_ms": {"scale": 9260.773529492924}, "bpf_page_cache_hit": {"scale": 1.0}}, "CurveFit_Weights": [288709.0746337975, 0.0005528538023619996, 11.251204168342788]}}}