{"platform": {"All_Weights": {"Categorical_Variables": {}, "Numerical_Variables": {"bpf_cpu_time_ms": {"scale": 24127.315010142673}, "bpf_page_cache_hit": {"scale": 1.0}}, "CurveFit_Weights": [381373.4464749622, 0.00034927481699885177, 6.580844542354154]}}}