{"platform": {"All_Weights": {"Categorical_Variables": {}, "Numerical_Variables": {"bpf_cpu_time_ms": {"scale": 85129.18828242872}, "bpf_page_cache_hit": {"scale": 1.0}}, "CurveFit_Weights": [274.94151126521433, 0.7808816341712999, 1.74787237617275]}}}