{"platform": {"All_Weights": {"Categorical_Variables": {}, "Numerical_Variables": {"bpf_cpu_time_ms": {"scale": 22745.45436134916}, "bpf_page_cache_hit": {"scale": 1.0}}, "CurveFit_Weights": [1076035.078266119, 0.0002750420472744327, -0.4626550046978477]}}}