{"platform": {"All_Weights": {"Categorical_Variables": {}, "Numerical_Variables": {"bpf_cpu_time_ms": {"scale": 18700.719474503465}, "bpf_page_cache_hit": {"scale": 1.0}}, "CurveFit_Weights": [1066.5360457711786, 0.3339577529993233, 8.694700038804612]}}}