{"platform": {"All_Weights": {"Categorical_Variables": {}, "Numerical_Variables": {"bpf_cpu_time_ms": {"scale": 19063.888637374548}, "bpf_page_cache_hit": {"scale": 1.0}}, "CurveFit_Weights": [766992.258627319, 0.00025821365891205646, -8.324489371624747]}}}