{"platform": {"All_Weights": {"Categorical_Variables": {}, "Numerical_Variables": {"bpf_cpu_time_ms": {"scale": 46581.149889281354}, "bpf_page_cache_hit": {"scale": 1.0}}, "CurveFit_Weights": [3228.1703442443354, 0.11476027137091885, 32.66552342950328]}}}