{"platform": {"All_Weights": {"Categorical_Variables": {}, "Numerical_Variables": {"bpf_cpu_time_ms": {"scale": 920.788158877064}, "bpf_page_cache_hit": {"scale": 1.0}}, "CurveFit_Weights": [862893.8424759911, 0.000199062524421248, -13.552177811201044]}}}