{"platform": {"All_Weights": {"Categorical_Variables": {}, "Numerical_Variables": {"bpf_cpu_time_ms": {"scale": 375646.0951742331}, "bpf_page_cache_hit": {"scale": 1.0}}, "CurveFit_Weights": [211876.10149846773, 0.0024478853616123437, 46.2548726073361]}}}