{"platform": {"All_Weights": {"Categorical_Variables": {}, "Numerical_Variables": {"bpf_cpu_time_ms": {"scale": 16000.0}, "bpf_page_cache_hit": {"scale": 1.0}}, "CurveFit_Weights": [449220.31861438375, 0.0004362734682647045, -0.48620650103119134]}}}