{"platform": {"All_Weights": {"Categorical_Variables": {}, "Numerical_Variables": {"bpf_cpu_time_ms": {"scale": 22125.987405759784}, "bpf_page_cache_hit": {"scale": 1.0}}, "CurveFit_Weights": [492391.1338116018, 0.00033056310684367955, -2.4503246565619423]}}}