{"platform": {"All_Weights": {"Categorical_Variables": {}, "Numerical_Variables": {"bpf_cpu_time_ms": {"scale": 139729.2362111971}, "bpf_page_cache_hit": {"scale": 1.0}}, "CurveFit_Weights": [2647150.5528141093, 0.0001975073694269768, 6.784261369848414]}}}