{"platform": {"All_Weights": {"Categorical_Variables": {}, "Numerical_Variables": {"bpf_cpu_time_ms": {"scale": 60645.2834014939}, "bpf_page_cache_hit": {"scale": 1.0}}, "CurveFit_Weights": [769.1211716783117, 0.7711071877567195, 17.849537300881966]}}}