{"platform": {"All_Weights": {"Categorical_Variables": {}, "Numerical_Variables": {"bpf_cpu_time_ms": {"scale": 96912.0943288012}, "bpf_page_cache_hit": {"scale": 1.0}}, "CurveFit_Weights": [1573.8034939676074, 0.2797494695599749, 37.78705078752976]}}}