{"platform": {"All_Weights": {"Categorical_Variables": {}, "Numerical_Variables": {"bpf_cpu_time_ms": {"scale": 7997.919992709427}, "bpf_page_cache_hit": {"scale": 1.0}}, "CurveFit_Weights": [276708.2639058738, 0.00019140246078057146, -2.3269554604759204]}}}