{"platform": {"All_Weights": {"Categorical_Variables": {}, "Numerical_Variables": {"bpf_cpu_time_ms": {"scale": 208131.68935407547}, "bpf_page_cache_hit": {"scale": 1.0}}, "CurveFit_Weights": [2888544.67743211, 0.00020410308601323646, 11.478652229287801]}}}