{"platform": {"All_Weights": {"Categorical_Variables": {}, "Numerical_Variables": {"bpf_cpu_time_ms": {"scale": 31205.86756133701}, "bpf_page_cache_hit": {"scale": 1.0}}, "CurveFit_Weights": [1747513.2717515049, 0.0002141808586055986, -9.779961144243108]}}}