{"platform": {"All_Weights": {"Categorical_Variables": {}, "Numerical_Variables": {"bpf_cpu_time_ms": {"scale": 16618.126600203945}, "bpf_page_cache_hit": {"scale": 1.0}}, "CurveFit_Weights": [333420.2300159303, 0.00028724125687006947, 3.978200570853001]}}}