{"platform": {"All_Weights": {"Categorical_Variables": {}, "Numerical_Variables": {"bpf_cpu_time_ms": {"scale": 32783.01756475603}, "bpf_page_cache_hit": {"scale": 1.0}}, "CurveFit_Weights": [2533803.3812339734, 0.00020676725499295425, -33.063752496529]}}}