{"platform": {"All_Weights": {"Categorical_Variables": {}, "Numerical_Variables": {"bpf_cpu_time_ms": {"scale": 94140.26047363192}, "bpf_page_cache_hit": {"scale": 1.0}}, "CurveFit_Weights": [388996.67388535896, 0.00035522064432779864, 11.378587981420175]}}}