{"platform": {"All_Weights": {"Categorical_Variables": {}, "Numerical_Variables": {"bpf_cpu_time_ms": {"scale": 12509.70674960623}, "bpf_page_cache_hit": {"scale": 1.0}}, "CurveFit_Weights": [537097.3441643728, 0.00025657754162079457, -2.988321141015066]}}}