{"platform": {"All_Weights": {"Categorical_Variables": {}, "Numerical_Variables": {"bpf_cpu_time_ms": {"scale": 6576.034258559246}, "bpf_page_cache_hit": {"scale": 1.0}}, "CurveFit_Weights": [1710.0160850040993, 0.10808995180316991, 8.484728380687914]}}}