{"platform": {"All_Weights": {"Categorical_Variables": {}, "Numerical_Variables": {"bpf_cpu_time_ms": {"scale": 12225.005991096052}, "bpf_page_cache_hit": {"scale": 1.0}}, "CurveFit_Weights": [647478.543875798, 0.00032448036956887543, 5.708733481831634]}}}