{"platform": {"All_Weights": {"Categorical_Variables": {}, "Numerical_Variables": {"bpf_cpu_time_ms": {"scale": 17153.09866238233}, "bpf_page_cache_hit": {"scale": 1.0}}, "CurveFit_Weights": [885958.3183650613, 0.0002107139599498745, -12.551070215504147]}}}