{"platform": {"All_Weights": {"Categorical_Variables": {}, "Numerical_Variables": {"bpf_cpu_time_ms": {"scale": 62818.50860523909}, "bpf_page_cache_hit": {"scale": 1.0}}, "CurveFit_Weights": [595614.3702689107, 0.00027884127735868094, 9.132646287109772]}}}