{"platform": {"All_Weights": {"Categorical_Variables": {}, "Numerical_Variables": {"bpf_cpu_time_ms": {"scale": 70076.29361815096}, "bpf_page_cache_hit": {"scale": 1.0}}, "CurveFit_Weights": [278630.2560403982, 42.64417199755114, 0.11778461129582998, -1809.497011918182]}}}