{"platform": {"All_Weights": {"Categorical_Variables": {}, "Numerical_Variables": {"bpf_cpu_time_ms": {"scale": 2694.36071911154}, "bpf_page_cache_hit": {"scale": 1.0}}, "CurveFit_Weights": [108.32170944689504, 0.6990026657903184, 3.1510173275209428, -10.148888803209514]}}}