{"platform": {"All_Weights": {"Categorical_Variables": {}, "Numerical_Variables": {"bpf_cpu_time_ms": {"scale": 30944.280385349644}, "bpf_page_cache_hit": {"scale": 1.0}}, "CurveFit_Weights": [932.3635994306904, 0.5743681808629381, 1.4260117722341557, -251.82908995028168]}}}