{"platform": {"All_Weights": {"Categorical_Variables": {}, "Numerical_Variables": {"bpf_cpu_time_ms": {"scale": 5205.8926733114395}, "bpf_page_cache_hit": {"scale": 1.0}}, "CurveFit_Weights": [132.4645259077761, 1.1203291108964102, 1.5987892204599807, -18.052859333674466]}}}