{"platform": {"All_Weights": {"Categorical_Variables": {}, "Numerical_Variables": {"bpf_cpu_time_ms": {"scale": 31561.296506937862}, "bpf_page_cache_hit": {"scale": 1.0}}, "CurveFit_Weights": [15882249.183401626, 4.9667422865887145, 2.902177726406197, 15.381917894708767]}}}