{"platform": {"All_Weights": {"Categorical_Variables": {}, "Numerical_Variables": {"bpf_cpu_time_ms": {"scale": 121806.69444265492}, "bpf_page_cache_hit": {"scale": 1.0}}, "CurveFit_Weights": [4239985.340032547, 28.41756273848075, 0.273766849998904, -1745.2495313293396]}}}