{"platform": {"All_Weights": {"Categorical_Variables": {}, "Numerical_Variables": {"bpf_cpu_time_ms": {"scale": 7936.033940217869}, "bpf_page_cache_hit": {"scale": 1.0}}, "CurveFit_Weights": [45748.72428680365, -10.294077169770798, 0.470849829057094, -45390.388649574634]}}}