{"platform": {"All_Weights": {"Categorical_Variables": {}, "Numerical_Variables": {"bpf_cpu_time_ms": {"scale": 15999.999999999996}, "bpf_page_cache_hit": {"scale": 1.0}}, "CurveFit_Weights": [50524.046001474184, -16.934206898926885, 0.22289316855443722, -49393.25737957915]}}}