{"platform": {"All_Weights": {"Categorical_Variables": {}, "Numerical_Variables": {"bpf_cpu_time_ms": {"scale": 879015.6020753974}, "bpf_page_cache_hit": {"scale": 1.0}}, "CurveFit_Weights": [6427.933459624948, 1.049354107113546, 2.88752527255373, -259.4563262981985]}}}