{"platform": {"All_Weights": {"Categorical_Variables": {}, "Numerical_Variables": {"bpf_cpu_time_ms": {"scale": 63754.78986321015}, "bpf_page_cache_hit": {"scale": 1.0}}, "CurveFit_Weights": [3827207.8026785795, 14.618505566157591, 0.6564015717659291, -237.13243581556395]}}}