{"platform": {"All_Weights": {"Categorical_Variables": {}, "Numerical_Variables": {"bpf_cpu_time_ms": {"scale": 64000.0}, "bpf_page_cache_hit": {"scale": 1.0}}, "CurveFit_Weights": [73701.99986589674, -9.46993846378785, 0.6165519636357845, -73485.15078309386]}}}