{"platform": {"All_Weights": {"Categorical_Variables": {}, "Numerical_Variables": {"bpf_cpu_time_ms": {"scale": 70059.57343396125}, "bpf_page_cache_hit": {"scale": 1.0}}, "CurveFit_Weights": [4463058.576254809, 11.42356479986957, 0.8760663288245604, -178.33930738883524]}}}