{"platform": {"All_Weights": {"Categorical_Variables": {}, "Numerical_Variables": {"bpf_cpu_time_ms": {"scale": 19063.888637374548}, "bpf_page_cache_hit": {"scale": 1.0}}, "CurveFit_Weights": [5120661.7805786645, 12.046152571815723, 0.8753098747426649, -130.39361663415784]}}}