{"platform": {"All_Weights": {"Categorical_Variables": {}, "Numerical_Variables": {"bpf_cpu_time_ms": {"scale": 17153.09866238233}, "bpf_page_cache_hit": {"scale": 1.0}}, "CurveFit_Weights": [4917114.32630569, 6.997762685982496, 1.6587987742642998, -36.018857766684114]}}}