{"platform": {"All_Weights": {"Categorical_Variables": {}, "Numerical_Variables": {"bpf_cpu_time_ms": {"scale": 5411.437750155175}, "bpf_page_cache_hit": {"scale": 1.0}}, "CurveFit_Weights": [46.85337260071567, 0.5041793242411158, 3.5007462085358716, -6.027746609726642]}}}