{"platform": {"All_Weights": {"Categorical_Variables": {}, "Numerical_Variables": {"bpf_cpu_time_ms": {"scale": 17611.607672653263}, "bpf_page_cache_hit": {"scale": 1.0}}, "CurveFit_Weights": [137882.0437058474, -5.952283168536459, 1.1382553548227992, -137717.5410995117]}}}