{"platform": {"All_Weights": {"Categorical_Variables": {}, "Numerical_Variables": {"bpf_cpu_time_ms": {"scale": 31510.316498634707}, "bpf_page_cache_hit": {"scale": 1.0}}, "CurveFit_Weights": [201744.30338540603, -6.20204990645328, 1.1536236735963927, -201580.20674771813]}}}