{"platform": {"All_Weights": {"Categorical_Variables": {}, "Numerical_Variables": {"bpf_cpu_time_ms": {"scale": 24127.315010142673}, "bpf_page_cache_hit": {"scale": 1.0}}, "CurveFit_Weights": [804350.659683247, 16.288052792020636, 0.5087652557155126, -191.32133334847867]}}}