{"platform": {"All_Weights": {"Categorical_Variables": {}, "Numerical_Variables": {"bpf_cpu_time_ms": {"scale": 480000.0}, "bpf_page_cache_hit": {"scale": 1.0}}, "CurveFit_Weights": [62544197.61505109, 6.539549388517017, 1.8802277812150203, -165.151115321036]}}}