{"platform": {"All_Weights": {"Categorical_Variables": {}, "Numerical_Variables": {"bpf_cpu_time_ms": {"scale": 33500.16257528249}, "bpf_page_cache_hit": {"scale": 1.0}}, "CurveFit_Weights": [4641896.703885299, 10.252592866078633, 0.9771836652112678, -188.75839984034096]}}}