{"platform": {"All_Weights": {"Categorical_Variables": {}, "Numerical_Variables": {"bpf_cpu_time_ms": {"scale": 473228.5496999834}, "bpf_page_cache_hit": {"scale": 1.0}}, "CurveFit_Weights": [15283787.716929479, 7.022860838151215, 1.4968753452135004, -343.7292548772007]}}}