{"platform": {"All_Weights": {"Categorical_Variables": {}, "Numerical_Variables": {"bpf_cpu_time_ms": {"scale": 1699.2134852756644}, "bpf_page_cache_hit": {"scale": 1.0}}, "CurveFit_Weights": [383.9307344216784, 0.3980378518718596, 1.7391249684939214, -128.1439059099331]}}}