{"platform": {"All_Weights": {"Categorical_Variables": {}, "Numerical_Variables": {"bpf_cpu_time_ms": {"scale": 75911.60855022226}, "bpf_page_cache_hit": {"scale": 1.0}}, "CurveFit_Weights": [15839995.319338057, 9.369411350248352, 1.2529183393796541, -90.5421899304126]}}}