{"platform": {"All_Weights": {"Categorical_Variables": {}, "Numerical_Variables": {"bpf_cpu_time_ms": {"scale": 26998.008432698734}, "bpf_page_cache_hit": {"scale": 1.0}}, "CurveFit_Weights": [7371156.110296795, 9.721855581701847, 1.1913709434192887, -59.76818170516399]}}}