{"platform": {"All_Weights": {"Categorical_Variables": {}, "Numerical_Variables": {"bpf_cpu_time_ms": {"scale": 88750.03797173554}, "bpf_page_cache_hit": {"scale": 1.0}}, "CurveFit_Weights": [24716.39812732688, -24.76205557345591, 0.08594268320766177, -22070.2196041126]}}}