{"platform": {"All_Weights": {"Categorical_Variables": {}, "Numerical_Variables": {"bpf_cpu_time_ms": {"scale": 9204.624920024948}, "bpf_page_cache_hit": {"scale": 1.0}}, "CurveFit_Weights": [18046.761267830047, -9.626498069571428, 0.03704495714880141, -10600.567828030258]}}}