{"platform": {"All_Weights": {"Categorical_Variables": {}, "Numerical_Variables": {"bpf_cpu_time_ms": {"scale": 7720.197319109624}, "bpf_page_cache_hit": {"scale": 1.0}}, "CurveFit_Weights": [240.44793249307222, 0.4179646006338896, 1.3425177727549185, -87.21022580261531]}}}