{"platform": {"All_Weights": {"Categorical_Variables": {}, "Numerical_Variables": {"bpf_cpu_time_ms": {"scale": 60255.11204245108}, "bpf_page_cache_hit": {"scale": 1.0}}, "CurveFit_Weights": [1064505.1946778405, -6.280374315398707, 1.152003183986493, -1063716.7404885304]}}}