{"platform": {"All_Weights": {"Categorical_Variables": {}, "Numerical_Variables": {"bpf_cpu_time_ms": {"scale": 8978.83100134392}, "bpf_page_cache_hit": {"scale": 1.0}}, "CurveFit_Weights": [63602.37835215385, 41.38107308538466, 0.08645834768456824, -1714.7892175717081]}}}