{"platform": {"All_Weights": {"Categorical_Variables": {}, "Numerical_Variables": {"bpf_cpu_time_ms": {"scale": 24089.26901877661}, "bpf_page_cache_hit": {"scale": 1.0}}, "CurveFit_Weights": [1401924.1930961767, 11.094570642837766, 0.8564360205508439, -98.5689327844655]}}}