{"platform": {"All_Weights": {"Categorical_Variables": {}, "Numerical_Variables": {"bpf_cpu_time_ms": {"scale": 7999.999999999999}, "bpf_page_cache_hit": {"scale": 1.0}}, "CurveFit_Weights": [13575.174372192727, -5.99372842187869, 0.7667577959683917, -13439.505235637582]}}}