{"platform": {"All_Weights": {"Categorical_Variables": {}, "Numerical_Variables": {"bpf_cpu_time_ms": {"scale": 165116.76730582942}, "bpf_page_cache_hit": {"scale": 1.0}}, "CurveFit_Weights": [643900.2570027692, -6.1625009270489475, 1.1915956672724761, -643462.676812363]}}}