{"platform": {"All_Weights": {"Categorical_Variables": {}, "Numerical_Variables": {"bpf_cpu_time_ms": {"scale": 18700.719474503465}, "bpf_page_cache_hit": {"scale": 1.0}}, "CurveFit_Weights": [92221.96516977967, -16.308228813972832, 0.25478759448407323, -90792.92754057866]}}}