{"platform": {"All_Weights": {"Categorical_Variables": {}, "Numerical_Variables": {"bpf_cpu_time_ms": {"scale": 2928.472051115019}, "bpf_page_cache_hit": {"scale": 1.0}}, "CurveFit_Weights": [5.240468192732847, 0.4832354177645104, 3.997360521252631, -0.5953544753344742]}}}