{"platform": {"All_Weights": {"Categorical_Variables": {}, "Numerical_Variables": {"bpf_cpu_time_ms": {"scale": 9359.23061950746}, "bpf_page_cache_hit": {"scale": 1.0}}, "CurveFit_Weights": [22486.508058302206, 37.78668266022487, 0.05051260542196565, -2896.5984254219766]}}}