{"platform": {"All_Weights": {"Categorical_Variables": {}, "Numerical_Variables": {"bpf_cpu_time_ms": {"scale": 17741.204902235437}, "bpf_page_cache_hit": {"scale": 1.0}}, "CurveFit_Weights": [2762.5100839714205, 2.1649135841606, 2.2940895178780862, 0.1740531467840787]}}}