{"platform": {"All_Weights": {"Categorical_Variables": {}, "Numerical_Variables": {"bpf_cpu_time_ms": {"scale": 93641.36455228794}, "bpf_page_cache_hit": {"scale": 1.0}}, "CurveFit_Weights": [139510.6216585184, -6.561792204886414, 1.0221986853814933, -139333.77871335432]}}}