{"platform": {"All_Weights": {"Categorical_Variables": {}, "Numerical_Variables": {"bpf_cpu_time_ms": {"scale": 101742.52438402848}, "bpf_page_cache_hit": {"scale": 1.0}}, "CurveFit_Weights": [161.12226372086815, 0.6765131200916215, 4.40160804957456, 22.427605030937848]}}}