{"platform": {"All_Weights": {"Categorical_Variables": {}, "Numerical_Variables": {"bpf_cpu_time_ms": {"scale": 9376.317369789203}, "bpf_page_cache_hit": {"scale": 1.0}}, "CurveFit_Weights": [24413.79302788081, -20.65874294918536, 0.13754357518393157, -23051.812229237363]}}}