{"platform": {"All_Weights": {"Categorical_Variables": {}, "Numerical_Variables": {"bpf_cpu_time_ms": {"scale": 9139.21516131371}, "bpf_page_cache_hit": {"scale": 1.0}}, "CurveFit_Weights": [24622.965083369243, -21.649560666537905, 0.1287772899945931, -23181.556943710442]}}}