{"platform": {"All_Weights": {"Categorical_Variables": {}, "Numerical_Variables": {"bpf_cpu_time_ms": {"scale": 43603.38188732946}, "bpf_page_cache_hit": {"scale": 1.0}}, "CurveFit_Weights": [817.1739617093016, 1.1615543583350758, 2.7827922807812513, 20.44837747035357]}}}