{"platform": {"All_Weights": {"Categorical_Variables": {}, "Numerical_Variables": {"bpf_cpu_time_ms": {"scale": 19577.971491921595}, "bpf_page_cache_hit": {"scale": 1.0}}, "CurveFit_Weights": [786.4310757628655, 1.348629419686796, 1.8572409933015774, -52.93761532901095]}}}