{"platform": {"All_Weights": {"Categorical_Variables": {}, "Numerical_Variables": {"bpf_cpu_time_ms": {"scale": 89809.33125867021}, "bpf_page_cache_hit": {"scale": 1.0}}, "CurveFit_Weights": [827.3516692052635, 0.9226552133280124, 4.542716397644714, 46.816562979728886]}}}