{"platform": {"All_Weights": {"Categorical_Variables": {}, "Numerical_Variables": {"bpf_cpu_time_ms": {"scale": 67322.65324361128}, "bpf_page_cache_hit": {"scale": 1.0}}, "CurveFit_Weights": [5618632.225805349, 9.918916982513899, 1.0283812832492945, -183.2456562062844]}}}