{"platform": {"All_Weights": {"Categorical_Variables": {}, "Numerical_Variables": {"bpf_cpu_time_ms": {"scale": 9643.989541498406}, "bpf_page_cache_hit": {"scale": 1.0}}, "CurveFit_Weights": [29887.9716182783, -23.30347940760668, 0.12728848686794883, -28416.598342440255]}}}