{"platform": {"All_Weights": {"Categorical_Variables": {}, "Numerical_Variables": {"bpf_cpu_time_ms": {"scale": 41143.90788093361}, "bpf_page_cache_hit": {"scale": 1.0}}, "CurveFit_Weights": [110061.53751223852, -9.19375937033445, 0.6946930422477471, -109870.23858354347]}}}