{"platform": {"All_Weights": {"Categorical_Variables": {}, "Numerical_Variables": {"bpf_cpu_time_ms": {"scale": 27540.500371841736}, "bpf_page_cache_hit": {"scale": 1.0}}, "CurveFit_Weights": [1274.8240747385746, 1.0873090623269293, 1.6470512715525438, -175.90831634807327]}}}