{"platform": {"All_Weights": {"Categorical_Variables": {}, "Numerical_Variables": {"bpf_cpu_time_ms": {"scale": 7785.797965597758}, "bpf_page_cache_hit": {"scale": 1.0}}, "CurveFit_Weights": [166.75391291081849, 0.4776110490715095, 3.1827860457650448, -19.653884753499803]}}}