{"platform": {"All_Weights": {"Categorical_Variables": {}, "Numerical_Variables": {"bpf_cpu_time_ms": {"scale": 15931.076042392297}, "bpf_page_cache_hit": {"scale": 1.0}}, "CurveFit_Weights": [9885018.157690026, 8.269035476661195, 1.4574712216557972, -46.1291905191371]}}}