{"platform": {"All_Weights": {"Categorical_Variables": {}, "Numerical_Variables": {"bpf_cpu_time_ms": {"scale": 221609.1240173759}, "bpf_page_cache_hit": {"scale": 1.0}}, "CurveFit_Weights": [998659.677585318, 9.244791744587557, 0.7978508628274856, -582.5901201150324]}}}