{"platform": {"All_Weights": {"Categorical_Variables": {}, "Numerical_Variables": {"bpf_cpu_time_ms": {"scale": 17450.662058304337}, "bpf_page_cache_hit": {"scale": 1.0}}, "CurveFit_Weights": [8928449.08796295, 8.09037634369488, 1.5170599347427378, -30.196478235729572]}}}