{"platform": {"All_Weights": {"Categorical_Variables": {}, "Numerical_Variables": {"bpf_cpu_time_ms": {"scale": 19723.5657653583}, "bpf_page_cache_hit": {"scale": 1.0}}, "CurveFit_Weights": [990045.6471896505, 8.08347048055896, 1.1496087416240568, -84.13646644152236]}}}