{"platform": {"All_Weights": {"Categorical_Variables": {}, "Numerical_Variables": {"bpf_cpu_time_ms": {"scale": 23718.934901256616}, "bpf_page_cache_hit": {"scale": 1.0}}, "CurveFit_Weights": [2707702.827284727, 16.628694241254486, 0.5819804474481426, -158.7009946042374]}}}