{"platform": {"All_Weights": {"Categorical_Variables": {}, "Numerical_Variables": {"bpf_cpu_time_ms": {"scale": 35517.81498820345}, "bpf_page_cache_hit": {"scale": 1.0}}, "CurveFit_Weights": [2693217.317396381, 11.922554157157787, 0.8259435521535591, -129.228541458415]}}}