{"platform": {"All_Weights": {"Categorical_Variables": {}, "Numerical_Variables": {"bpf_cpu_time_ms": {"scale": 62818.50860523909}, "bpf_page_cache_hit": {"scale": 1.0}}, "CurveFit_Weights": [5267529.213483359, 11.29300540735337, 0.9611527836127638, -79.1917871394803]}}}