{"platform": {"All_Weights": {"Categorical_Variables": {}, "Numerical_Variables": {"bpf_cpu_time_ms": {"scale": 69740.60815531621}, "bpf_page_cache_hit": {"scale": 1.0}}, "CurveFit_Weights": [5489576.120264279, 12.812750953558588, 0.7583422793599599, -306.23840850466684]}}}