{"platform": {"All_Weights": {"Categorical_Variables": {}, "Numerical_Variables": {"bpf_cpu_time_ms": {"scale": 52279.620485160645}, "bpf_page_cache_hit": {"scale": 1.0}}, "CurveFit_Weights": [7833263.429974323, 11.553717043678212, 0.9407912300708944, -131.123915199613]}}}