{"platform": {"All_Weights": {"Categorical_Variables": {}, "Numerical_Variables": {"bpf_cpu_time_ms": {"scale": 10114.699618257488}, "bpf_page_cache_hit": {"scale": 1.0}}, "CurveFit_Weights": [3312080.0951601444, 10.25079059291447, 1.0636652766132675, -57.77760706870849]}}}