{"platform": {"All_Weights": {"Categorical_Variables": {}, "Numerical_Variables": {"bpf_cpu_time_ms": {"scale": 8867.168814666149}, "bpf_page_cache_hit": {"scale": 1.0}}, "CurveFit_Weights": [262297.309029729, 35.14896514294773, 0.16382329459807643, -811.9280644334998]}}}