{"platform": {"All_Weights": {"Categorical_Variables": {}, "Numerical_Variables": {"bpf_cpu_time_ms": {"scale": 48117.86426707801}, "bpf_page_cache_hit": {"scale": 1.0}}, "CurveFit_Weights": [2118790.6545610814, 15.168177935374077, 0.5972419925524728, -225.07122482088027]}}}