{"platform": {"All_Weights": {"Categorical_Variables": {}, "Numerical_Variables": {"bpf_cpu_time_ms": {"scale": 22187.48720962846}, "bpf_page_cache_hit": {"scale": 1.0}}, "CurveFit_Weights": [497.0464767549453, 0.3915835105626312, 4.1278736851028635, -82.50071245685534]}}}