{"platform": {"All_Weights": {"Categorical_Variables": {}, "Numerical_Variables": {"bpf_cpu_time_ms": {"scale": 76905.28667816507}, "bpf_page_cache_hit": {"scale": 1.0}}, "CurveFit_Weights": [17116.224019176614, -9.410988587514932, 0.04353689660369252, -10271.305305968466]}}}