{"platform": {"All_Weights": {"Categorical_Variables": {}, "Numerical_Variables": {"bpf_cpu_time_ms": {"scale": 46581.149889281354}, "bpf_page_cache_hit": {"scale": 1.0}}, "CurveFit_Weights": [130694.27265637166, -16.057017368687678, 0.27677509784728294, -129154.77439879098]}}}