{"platform": {"All_Weights": {"Categorical_Variables": {}, "Numerical_Variables": {"bpf_cpu_time_ms": {"scale": 7997.919992709427}, "bpf_page_cache_hit": {"scale": 1.0}}, "CurveFit_Weights": [729523.1979087053, 7.823325467375913, 1.3433396342082973, -17.837117692628603]}}}