{"platform": {"All_Weights": {"Categorical_Variables": {}, "Numerical_Variables": {"bpf_cpu_time_ms": {"scale": 12214.912147467596}, "bpf_page_cache_hit": {"scale": 1.0}}, "CurveFit_Weights": [9210370.567166097, 9.050678039085204, 1.340355865555709, -40.47343104755656]}}}