{"platform": {"All_Weights": {"Categorical_Variables": {}, "Numerical_Variables": {"bpf_cpu_time_ms": {"scale": 1477.1509578837436}, "bpf_page_cache_hit": {"scale": 1.0}}, "CurveFit_Weights": [748.4278814501357, 1.470890959258084, 1.6397777344329074, -61.1696299218913]}}}