{"platform": {"All_Weights": {"Categorical_Variables": {}, "Numerical_Variables": {"bpf_cpu_time_ms": {"scale": 31199.333047560867}, "bpf_page_cache_hit": {"scale": 1.0}}, "CurveFit_Weights": [533172.3888487809, -4.180014229234274, 1.8086766112354582, -532889.4897423908]}}}