{"platform": {"All_Weights": {"Categorical_Variables": {}, "Numerical_Variables": {"bpf_cpu_time_ms": {"scale": 5140.558426406277}, "bpf_page_cache_hit": {"scale": 1.0}}, "CurveFit_Weights": [57.52981126444651, 0.5508870751594852, 5.662365194043307, -0.8045377339641556]}}}