{"platform": {"All_Weights": {"Categorical_Variables": {}, "Numerical_Variables": {"bpf_cpu_time_ms": {"scale": 67010.20117706756}, "bpf_page_cache_hit": {"scale": 1.0}}, "CurveFit_Weights": [673.8341802315841, 0.8317607791002851, 5.25662915156397, 1.443262726642307]}}}