{"platform": {"All_Weights": {"Categorical_Variables": {}, "Numerical_Variables": {"bpf_cpu_time_ms": {"scale": 366165.10973175266}, "bpf_page_cache_hit": {"scale": 1.0}}, "CurveFit_Weights": [101713.21043598533, 31.961477186149427, 0.025396294933048003, -31227.846832401836]}}}