{"platform": {"All_Weights": {"Categorical_Variables": {}, "Numerical_Variables": {"bpf_cpu_time_ms": {"scale": 60142.45087411303}, "bpf_page_cache_hit": {"scale": 1.0}}, "CurveFit_Weights": [578.736596245569, 1.0396583802537076, 2.3699754413237644, -0.2869106245737531]}}}