{"platform": {"All_Weights": {"Categorical_Variables": {}, "Numerical_Variables": {"bpf_cpu_time_ms": {"scale": 106886.0491330044}, "bpf_page_cache_hit": {"scale": 1.0}}, "CurveFit_Weights": [39160291.13140647, 7.566225492498324, 1.6973428441103626, -66.01094409212979]}}}