{"platform": {"All_Weights": {"Categorical_Variables": {}, "Numerical_Variables": {"bpf_cpu_time_ms": {"scale": 29156.839581512097}, "bpf_page_cache_hit": {"scale": 1.0}}, "CurveFit_Weights": [11419506.528974963, 8.576352877193223, 1.3623683126863981, -75.42700363121924]}}}