{"platform": {"All_Weights": {"Categorical_Variables": {}, "Numerical_Variables": {"bpf_cpu_time_ms": {"scale": 961.21670348286}, "bpf_page_cache_hit": {"scale": 1.0}}, "CurveFit_Weights": [351.7478385450553, 0.30079252736568335, 6.045530884237933, -50.8273208029582]}}}