{"platform": {"All_Weights": {"Categorical_Variables": {}, "Numerical_Variables": {"bpf_cpu_time_ms": {"scale": 94140.26047363192}, "bpf_page_cache_hit": {"scale": 1.0}}, "CurveFit_Weights": [1538929.937946546, 16.10468609762943, 0.5602954103997638, -168.38518928747305]}}}