{"platform": {"All_Weights": {"Categorical_Variables": {}, "Numerical_Variables": {"bpf_cpu_time_ms": {"scale": 6537.554729526322}, "bpf_page_cache_hit": {"scale": 1.0}}, "CurveFit_Weights": [632.7856887079845, 0.14607337092280367, 0.9071647488722856, -295.18518184445776]}}}