{"platform": {"All_Weights": {"Categorical_Variables": {}, "Numerical_Variables": {"bpf_cpu_time_ms": {"scale": 48000.0}, "bpf_page_cache_hit": {"scale": 1.0}}, "CurveFit_Weights": [381835.2913241543, -9.362020251595855, 0.6825527240093062, -381182.3012180157]}}}