{"platform": {"All_Weights": {"Categorical_Variables": {}, "Numerical_Variables": {"bpf_cpu_time_ms": {"scale": 46111.67007103627}, "bpf_page_cache_hit": {"scale": 1.0}}, "CurveFit_Weights": [358091.6226225118, -7.928672717295699, 0.7739287943437955, -357304.6933989797]}}}