{"platform": {"All_Weights": {"Categorical_Variables": {}, "Numerical_Variables": {"bpf_cpu_time_ms": {"scale": 6485.77278057086}, "bpf_page_cache_hit": {"scale": 1.0}}, "CurveFit_Weights": [33151.72699572584, -20.522737471128348, 0.16333649379370452, -32024.231507080334]}}}