{"platform": {"All_Weights": {"Categorical_Variables": {}, "Numerical_Variables": {"bpf_cpu_time_ms": {"scale": 31205.86756133701}, "bpf_page_cache_hit": {"scale": 1.0}}, "CurveFit_Weights": [313135.58075775387, 6.8195113848125, 1.0772173252116477, -188.0345463949922]}}}