{"platform": {"All_Weights": {"Categorical_Variables": {}, "Numerical_Variables": {"bpf_cpu_time_ms": {"scale": 30366.452562332714}, "bpf_page_cache_hit": {"scale": 1.0}}, "CurveFit_Weights": [4770542.881953502, 13.50350776810249, 0.7698182362327121, -133.97196828142467]}}}