{"platform": {"All_Weights": {"Categorical_Variables": {}, "Numerical_Variables": {"bpf_cpu_time_ms": {"scale": 3190.9915177269927}, "bpf_page_cache_hit": {"scale": 1.0}}, "CurveFit_Weights": [234.05822768709106, 1.1118963565760762, 1.9837943119406425, -20.898209238116582]}}}