{"platform": {"All_Weights": {"Categorical_Variables": {}, "Numerical_Variables": {"bpf_cpu_time_ms": {"scale": 6847.406663063169}, "bpf_page_cache_hit": {"scale": 1.0}}, "CurveFit_Weights": [421223.5936725154, 6.901731573905503, 1.5610152167855114, -7.975220608701362]}}}