{"platform": {"All_Weights": {"Categorical_Variables": {}, "Numerical_Variables": {"bpf_cpu_time_ms": {"scale": 6576.034258559246}, "bpf_page_cache_hit": {"scale": 1.0}}, "CurveFit_Weights": [49620.72011843102, -18.16838741078201, 0.22017004744831384, -48721.50524055853]}}}