{"platform": {"All_Weights": {"Categorical_Variables": {}, "Numerical_Variables": {"bpf_cpu_time_ms": {"scale": 12626.381749265036}, "bpf_page_cache_hit": {"scale": 1.0}}, "CurveFit_Weights": [264994.5064117621, -9.98851776949957, 0.6568605848951056, -264610.7512429426]}}}