{"platform": {"All_Weights": {"Categorical_Variables": {}, "Numerical_Variables": {"bpf_cpu_time_ms": {"scale": 60485.09023690227}, "bpf_page_cache_hit": {"scale": 1.0}}, "CurveFit_Weights": [541498.2901449391, -8.666060768421566, 0.7436510957924203, -540622.9334993621]}}}