{"platform": {"All_Weights": {"Categorical_Variables": {}, "Numerical_Variables": {"bpf_cpu_time_ms": {"scale": 60918.94975242429}, "bpf_page_cache_hit": {"scale": 1.0}}, "CurveFit_Weights": [38371.10481994946, 39.25442841738641, 0.0611950577880571, -3164.1386375475004]}}}