{"platform": {"All_Weights": {"Categorical_Variables": {}, "Numerical_Variables": {"bpf_cpu_time_ms": {"scale": 115738.1199096779}, "bpf_page_cache_hit": {"scale": 1.0}}, "CurveFit_Weights": [9376309.943687785, 6.803898927191585, 1.644542375332167, -103.87263412690633]}}}