{"platform": {"All_Weights": {"Categorical_Variables": {}, "Numerical_Variables": {"bpf_cpu_time_ms": {"scale": 33680.096847614645}, "bpf_page_cache_hit": {"scale": 1.0}}, "CurveFit_Weights": [327542.831769657, -4.926171943343803, 1.5101800066828395, -327333.9238782517]}}}