{"platform": {"All_Weights": {"Categorical_Variables": {}, "Numerical_Variables": {"bpf_cpu_time_ms": {"scale": 84034.6957993858}, "bpf_page_cache_hit": {"scale": 1.0}}, "CurveFit_Weights": [8508699.995293483, 10.656446254540835, 0.9938954354918262, -188.43066932141028]}}}