{"platform": {"All_Weights": {"Categorical_Variables": {}, "Numerical_Variables": {"bpf_cpu_time_ms": {"scale": 16608.225821755237}, "bpf_page_cache_hit": {"scale": 1.0}}, "CurveFit_Weights": [3694484.9480137187, 11.832828876725062, 0.9220232013266824, -59.066148731085235]}}}