{"platform": {"All_Weights": {"Categorical_Variables": {}, "Numerical_Variables": {"bpf_cpu_time_ms": {"scale": 6294.7645461156035}, "bpf_page_cache_hit": {"scale": 1.0}}, "CurveFit_Weights": [182402.46426436785, -4.875009478822642, 1.5590000175639476, -182309.03975746376]}}}