{"platform": {"All_Weights": {"Categorical_Variables": {}, "Numerical_Variables": {"bpf_cpu_time_ms": {"scale": 5021.748377823349}, "bpf_page_cache_hit": {"scale": 1.0}}, "CurveFit_Weights": [180.67862971023905, 1.4890780598624547, 1.8081960930021876, -10.092855534384078]}}}