{"platform": {"All_Weights": {"Categorical_Variables": {}, "Numerical_Variables": {"bpf_cpu_time_ms": {"scale": 185626.3948752971}, "bpf_page_cache_hit": {"scale": 1.0}}, "CurveFit_Weights": [2263211.8934237165, 16.345830404697033, 0.524280351439769, -403.5785641257074]}}}