{"platform": {"All_Weights": {"Categorical_Variables": {}, "Numerical_Variables": {"bpf_cpu_time_ms": {"scale": 7786.193874103079}, "bpf_page_cache_hit": {"scale": 1.0}}, "CurveFit_Weights": [74.82493221254907, 0.1864317517270116, 4.213259404389893, -23.385142852886695]}}}