{"platform": {"All_Weights": {"Categorical_Variables": {}, "Numerical_Variables": {"bpf_cpu_time_ms": {"scale": 62554.10831676641}, "bpf_page_cache_hit": {"scale": 1.0}}, "CurveFit_Weights": [10107.366920335911, -12.219550313812325, 0.18793933636524515, -9175.126764911143]}}}