{"platform": {"All_Weights": {"Categorical_Variables": {}, "Numerical_Variables": {"bpf_cpu_time_ms": {"scale": 44870.637328859986}, "bpf_page_cache_hit": {"scale": 1.0}}, "CurveFit_Weights": [3098546.5361739076, 19.703284922108818, 0.44123574543610317, -495.81700961923514]}}}