{"platform": {"All_Weights": {"Categorical_Variables": {}, "Numerical_Variables": {"bpf_cpu_time_ms": {"scale": 3499.877092122082}, "bpf_page_cache_hit": {"scale": 1.0}}, "CurveFit_Weights": [176.92209008661274, 0.9354997070686379, 2.1963283056372056, -18.657893261933058]}}}