{"platform": {"All_Weights": {"Categorical_Variables": {}, "Numerical_Variables": {"bpf_cpu_time_ms": {"scale": 206202.82993888325}, "bpf_page_cache_hit": {"scale": 1.0}}, "CurveFit_Weights": [5589637.071645515, 31.150120315885573, 0.21803278510881718, -6166.181356476057]}}}