{"platform": {"All_Weights": {"Categorical_Variables": {}, "Numerical_Variables": {"bpf_cpu_time_ms": {"scale": 27442.775647418955}, "bpf_page_cache_hit": {"scale": 1.0}}, "CurveFit_Weights": [140552.53641051482, -5.663463813649052, 1.315940541970847, -140465.39643104406]}}}