{"platform": {"All_Weights": {"Categorical_Variables": {}, "Numerical_Variables": {"bpf_cpu_time_ms": {"scale": 3251.661389800401}, "bpf_page_cache_hit": {"scale": 1.0}}, "CurveFit_Weights": [162.92472012752222, 0.6682868161877275, 2.213115105809281, -29.43488032989384]}}}