{"platform": {"All_Weights": {"Categorical_Variables": {}, "Numerical_Variables": {"bpf_cpu_time_ms": {"scale": 22966.216968809174}, "bpf_page_cache_hit": {"scale": 1.0}}, "CurveFit_Weights": [6405438.725313975, 8.093360966204635, 1.4484331560079584, -36.13206242013648]}}}