{"platform": {"All_Weights": {"Categorical_Variables": {}, "Numerical_Variables": {"bpf_cpu_time_ms": {"scale": 6634.090855393506}, "bpf_page_cache_hit": {"scale": 1.0}}, "CurveFit_Weights": [146298.57543244623, -9.904551759147072, 0.6519464835091641, -146062.57674808023]}}}