{"platform": {"All_Weights": {"Categorical_Variables": {}, "Numerical_Variables": {"bpf_cpu_time_ms": {"scale": 4083.905126452332}, "bpf_page_cache_hit": {"scale": 1.0}}, "CurveFit_Weights": [2434179.2545263846, 8.0637454415864, 1.4736672175186651, -14.329544056563886]}}}