{"platform": {"All_Weights": {"Categorical_Variables": {}, "Numerical_Variables": {"bpf_cpu_time_ms": {"scale": 28891.57159981703}, "bpf_page_cache_hit": {"scale": 1.0}}, "CurveFit_Weights": [365504.4330067773, 44.24987496334131, 0.13760514356341047, -823.6398880082253]}}}