{"platform": {"All_Weights": {"Categorical_Variables": {}, "Numerical_Variables": {"bpf_cpu_time_ms": {"scale": 9166.483407065574}, "bpf_page_cache_hit": {"scale": 1.0}}, "CurveFit_Weights": [32669.09111904557, -15.884205426300676, 0.26122850001223247, -32158.593508918784]}}}