{"platform": {"All_Weights": {"Categorical_Variables": {}, "Numerical_Variables": {"bpf_cpu_time_ms": {"scale": 3993.6151229890447}, "bpf_page_cache_hit": {"scale": 1.0}}, "CurveFit_Weights": [16214.35667177887, 34.731528754773834, 0.11137062513827096, -331.33990854439276]}}}