{"platform": {"All_Weights": {"Categorical_Variables": {}, "Numerical_Variables": {"bpf_cpu_time_ms": {"scale": 1488.939491870707}, "bpf_page_cache_hit": {"scale": 1.0}}, "CurveFit_Weights": [94.3968826164096, 1.427757160453996, 1.4631598552719933, -6.339172399183841]}}}