{"platform": {"All_Weights": {"Categorical_Variables": {}, "Numerical_Variables": {"bpf_cpu_time_ms": {"scale": 87305.55939960781}, "bpf_page_cache_hit": {"scale": 1.0}}, "CurveFit_Weights": [13096377.618158232, 15.13403270908831, 0.6761675647984879, -462.45852653379194]}}}