{"platform": {"All_Weights": {"Categorical_Variables": {}, "Numerical_Variables": {"bpf_cpu_time_ms": {"scale": 107192.98651010284}, "bpf_page_cache_hit": {"scale": 1.0}}, "CurveFit_Weights": [1482966.363502585, 36.55749677498155, 0.1722177156388153, -2704.6677849624684]}}}