{"package": {"All_Weights": {"Bias_Weight": 5.933069958818578, "Categorical_Variables": {}, "Numerical_Variables": {"bpf_block_irq": {"scale": 2.6666666666666665, "weight": -2.363341867409314}, "bpf_cpu_time_ms": {"scale": 92022.66666666667, "weight": 343.61682903135625}, "bpf_net_rx_irq": {"scale": 379.66666666666663, "weight": -8.867107081125141}, "bpf_net_tx_irq": {"scale": 1.0, "weight": 0.0}, "bpf_page_cache_hit": {"scale": 1.0, "weight": 0.0}}}}, "core": {"All_Weights": {"Bias_Weight": 5.5531880169580035, "Categorical_Variables": {}, "Numerical_Variables": {"bpf_block_irq": {"scale": 2.6666666666666665, "weight": -2.3185629115601496}, "bpf_cpu_time_ms": {"scale": 92022.66666666667, "weight": 343.7806109155574}, "bpf_net_rx_irq": {"scale": 379.66666666666663, "weight": -8.321963826494885}, "bpf_net_tx_irq": {"scale": 1.0, "weight": 0.0}, "bpf_page_cache_hit": {"scale": 1.0, "weight": 0.0}}}}, "uncore": {"All_Weights": {"Bias_Weight": 0.0, "Categorical_Variables": {}, "Numerical_Variables": {"bpf_block_irq": {"scale": 2.6666666666666665, "weight": 0.0}, "bpf_cpu_time_ms": {"scale": 92022.66666666667, "weight": 0.0}, "bpf_net_rx_irq": {"scale": 379.66666666666663, "weight": 0.0}, "bpf_net_tx_irq": {"scale": 1.0, "weight": 0.0}, "bpf_page_cache_hit": {"scale": 1.0, "weight": 0.0}}}}, "dram": {"All_Weights": {"Bias_Weight": 2.061811542049281, "Categorical_Variables": {}, "Numerical_Variables": {"bpf_block_irq": {"scale": 2.6666666666666665, "weight": -0.6365162263818046}, "bpf_cpu_time_ms": {"scale": 92022.66666666667, "weight": 54.558092183526675}, "bpf_net_rx_irq": {"scale": 379.66666666666663, "weight": -2.8182018530166704}, "bpf_net_tx_irq": {"scale": 1.0, "weight": 0.0}, "bpf_page_cache_hit": {"scale": 1.0, "weight": 0.0}}}}}