{"package": {"All_Weights": {"Bias_Weight": 4.496795525606255, "Categorical_Variables": {}, "Numerical_Variables": {"bpf_block_irq": {"scale": 0.6666666666666666, "weight": -0.3190056737519766}, "bpf_cpu_time_ms": {"scale": 91842.33333333333, "weight": 343.46234535423093}, "bpf_net_rx_irq": {"scale": 346.3333333333333, "weight": -6.422084744459069}, "bpf_net_tx_irq": {"scale": 1.0, "weight": 0.0}, "bpf_page_cache_hit": {"scale": 1.0, "weight": 0.0}}}}, "core": {"All_Weights": {"Bias_Weight": 3.7419627595712117, "Categorical_Variables": {}, "Numerical_Variables": {"bpf_block_irq": {"scale": 0.6666666666666666, "weight": -0.8015270155992177}, "bpf_cpu_time_ms": {"scale": 91842.33333333333, "weight": 343.52056699657885}, "bpf_net_rx_irq": {"scale": 346.3333333333333, "weight": -4.946099291370089}, "bpf_net_tx_irq": {"scale": 1.0, "weight": 0.0}, "bpf_page_cache_hit": {"scale": 1.0, "weight": 0.0}}}}, "uncore": {"All_Weights": {"Bias_Weight": 0.0, "Categorical_Variables": {}, "Numerical_Variables": {"bpf_block_irq": {"scale": 0.6666666666666666, "weight": 0.0}, "bpf_cpu_time_ms": {"scale": 91842.33333333333, "weight": 0.0}, "bpf_net_rx_irq": {"scale": 346.3333333333333, "weight": 0.0}, "bpf_net_tx_irq": {"scale": 1.0, "weight": 0.0}, "bpf_page_cache_hit": {"scale": 1.0, "weight": 0.0}}}}, "dram": {"All_Weights": {"Bias_Weight": 0.8886835747959512, "Categorical_Variables": {}, "Numerical_Variables": {"bpf_block_irq": {"scale": 0.6666666666666666, "weight": -0.4570279591826944}, "bpf_cpu_time_ms": {"scale": 91842.33333333333, "weight": 54.73565775855671}, "bpf_net_rx_irq": {"scale": 346.3333333333333, "weight": -0.7728903651588132}, "bpf_net_tx_irq": {"scale": 1.0, "weight": 0.0}, "bpf_page_cache_hit": {"scale": 1.0, "weight": 0.0}}}}}