{"package": {"All_Weights": {"Categorical_Variables": {}, "Numerical_Variables": {"bpf_cpu_time_ms": {"scale": 2185.9999999999995}, "bpf_page_cache_hit": {"scale": 1.0}}, "CurveFit_Weights": [1026.635738572425, 0.0005169397553573672, 21.67035674783799]}}, "core": {"All_Weights": {"Categorical_Variables": {}, "Numerical_Variables": {"bpf_cpu_time_ms": {"scale": 2185.9999999999995}, "bpf_page_cache_hit": {"scale": 1.0}}, "CurveFit_Weights": [1546.3384921080847, 0.0005974132978140731, 13.334190690903458]}}, "uncore": {"All_Weights": {"Categorical_Variables": {}, "Numerical_Variables": {"bpf_cpu_time_ms": {"scale": 2185.9999999999995}, "bpf_page_cache_hit": {"scale": 1.0}}, "CurveFit_Weights": [25.986317082144613, 0.0006806572256319651, 2.4502386689335327]}}, "dram": {"All_Weights": {"Categorical_Variables": {}, "Numerical_Variables": {"bpf_cpu_time_ms": {"scale": 2185.9999999999995}, "bpf_page_cache_hit": {"scale": 1.0}}, "CurveFit_Weights": [0.0, 1.0, 0.0]}}}