{"package": {"All_Weights": {"Bias_Weight": -27.86372025140753, "Categorical_Variables": {}, "Numerical_Variables": {"bpf_block_irq": {"scale": 0.6666666666666666, "mean": 0, "variance": 0, "weight": 0.0}, "bpf_net_rx_irq": {"scale": 1936.3333333333333, "mean": 0, "variance": 0, "weight": 130.31995317854373}, "bpf_net_tx_irq": {"scale": 1.6666666666666667, "mean": 0, "variance": 0, "weight": 0.07684918324952325}, "cache_miss": {"scale": 144445326.66666666, "mean": 0, "variance": 0, "weight": 118.92945285594057}, "cpu_cycles": {"scale": 56749212346.333336, "mean": 0, "variance": 0, "weight": 392.4411748330075}, "cpu_instructions": {"scale": 70755378378.33333, "mean": 0, "variance": 0, "weight": 30.500838726086165}}}}, "core": {"All_Weights": {"Bias_Weight": 0.0, "Categorical_Variables": {}, "Numerical_Variables": {"bpf_block_irq": {"scale": 0.6666666666666666, "mean": 0, "variance": 0, "weight": 0.0}, "bpf_net_rx_irq": {"scale": 1936.3333333333333, "mean": 0, "variance": 0, "weight": 0.0}, "bpf_net_tx_irq": {"scale": 1.6666666666666667, "mean": 0, "variance": 0, "weight": 0.0}, "cache_miss": {"scale": 144445326.66666666, "mean": 0, "variance": 0, "weight": 0.0}, "cpu_cycles": {"scale": 56749212346.333336, "mean": 0, "variance": 0, "weight": 0.0}, "cpu_instructions": {"scale": 70755378378.33333, "mean": 0, "variance": 0, "weight": 0.0}}}}, "uncore": {"All_Weights": {"Bias_Weight": 0.0, "Categorical_Variables": {}, "Numerical_Variables": {"bpf_block_irq": {"scale": 0.6666666666666666, "mean": 0, "variance": 0, "weight": 0.0}, "bpf_net_rx_irq": {"scale": 1936.3333333333333, "mean": 0, "variance": 0, "weight": 0.0}, "bpf_net_tx_irq": {"scale": 1.6666666666666667, "mean": 0, "variance": 0, "weight": 0.0}, "cache_miss": {"scale": 144445326.66666666, "mean": 0, "variance": 0, "weight": 0.0}, "cpu_cycles": {"scale": 56749212346.333336, "mean": 0, "variance": 0, "weight": 0.0}, "cpu_instructions": {"scale": 70755378378.33333, "mean": 0, "variance": 0, "weight": 0.0}}}}, "dram": {"All_Weights": {"Bias_Weight": 9.734474662385434, "Categorical_Variables": {}, "Numerical_Variables": {"bpf_block_irq": {"scale": 0.6666666666666666, "mean": 0, "variance": 0, "weight": 0.0}, "bpf_net_rx_irq": {"scale": 1936.3333333333333, "mean": 0, "variance": 0, "weight": 0.0}, "bpf_net_tx_irq": {"scale": 1.6666666666666667, "mean": 0, "variance": 0, "weight": 0.0}, "cache_miss": {"scale": 144445326.66666666, "mean": 0, "variance": 0, "weight": 112.52499446655435}, "cpu_cycles": {"scale": 56749212346.333336, "mean": 0, "variance": 0, "weight": 39.746434027765375}, "cpu_instructions": {"scale": 70755378378.33333, "mean": 0, "variance": 0, "weight": 0.0}}}}}