{"package": {"All_Weights": {"Bias_Weight": -8.324676669740498, "Categorical_Variables": {}, "Numerical_Variables": {"bpf_block_irq": {"scale": 0.6666666666666666, "mean": 0, "variance": 0, "weight": -8.008170046690156}, "bpf_net_rx_irq": {"scale": 1936.3333333333333, "mean": 0, "variance": 0, "weight": 31.367463960109774}, "bpf_net_tx_irq": {"scale": 1.6666666666666667, "mean": 0, "variance": 0, "weight": 5.118150441660352}, "cache_miss": {"scale": 144445326.66666666, "mean": 0, "variance": 0, "weight": 127.49517895304926}, "cpu_cycles": {"scale": 56749212346.333336, "mean": 0, "variance": 0, "weight": 378.6449066201494}, "cpu_instructions": {"scale": 70755378378.33333, "mean": 0, "variance": 0, "weight": 42.28481551711838}}}}, "core": {"All_Weights": {"Bias_Weight": 0.0, "Categorical_Variables": {}, "Numerical_Variables": {"bpf_block_irq": {"scale": 0.6666666666666666, "mean": 0, "variance": 0, "weight": 0.0}, "bpf_net_rx_irq": {"scale": 1936.3333333333333, "mean": 0, "variance": 0, "weight": 0.0}, "bpf_net_tx_irq": {"scale": 1.6666666666666667, "mean": 0, "variance": 0, "weight": 0.0}, "cache_miss": {"scale": 144445326.66666666, "mean": 0, "variance": 0, "weight": 0.0}, "cpu_cycles": {"scale": 56749212346.333336, "mean": 0, "variance": 0, "weight": 0.0}, "cpu_instructions": {"scale": 70755378378.33333, "mean": 0, "variance": 0, "weight": 0.0}}}}, "uncore": {"All_Weights": {"Bias_Weight": 0.0, "Categorical_Variables": {}, "Numerical_Variables": {"bpf_block_irq": {"scale": 0.6666666666666666, "mean": 0, "variance": 0, "weight": 0.0}, "bpf_net_rx_irq": {"scale": 1936.3333333333333, "mean": 0, "variance": 0, "weight": 0.0}, "bpf_net_tx_irq": {"scale": 1.6666666666666667, "mean": 0, "variance": 0, "weight": 0.0}, "cache_miss": {"scale": 144445326.66666666, "mean": 0, "variance": 0, "weight": 0.0}, "cpu_cycles": {"scale": 56749212346.333336, "mean": 0, "variance": 0, "weight": 0.0}, "cpu_instructions": {"scale": 70755378378.33333, "mean": 0, "variance": 0, "weight": 0.0}}}}, "dram": {"All_Weights": {"Bias_Weight": 11.754351202424758, "Categorical_Variables": {}, "Numerical_Variables": {"bpf_block_irq": {"scale": 0.6666666666666666, "mean": 0, "variance": 0, "weight": -1.5023506309024375}, "bpf_net_rx_irq": {"scale": 1936.3333333333333, "mean": 0, "variance": 0, "weight": -0.3820724742714482}, "bpf_net_tx_irq": {"scale": 1.6666666666666667, "mean": 0, "variance": 0, "weight": -4.8618057510146855}, "cache_miss": {"scale": 144445326.66666666, "mean": 0, "variance": 0, "weight": 97.84818487499086}, "cpu_cycles": {"scale": 56749212346.333336, "mean": 0, "variance": 0, "weight": 55.25124474453395}, "cpu_instructions": {"scale": 70755378378.33333, "mean": 0, "variance": 0, "weight": -27.457085926536266}}}}}