{"package": {"All_Weights": {"Bias_Weight": 168.32390384047946, "Categorical_Variables": {}, "Numerical_Variables": {"bpf_block_irq": {"mean": 0.4951215960390273, "variance": 0.027851061618461348, "weight": -0.7480108127380574}, "bpf_net_rx_irq": {"mean": 225.86748216106014, "variance": 2067.3979042910396, "weight": -0.2790668596803117}, "bpf_net_tx_irq": {"mean": 0.3133828454929372, "variance": 0.08003496672479962, "weight": 1.060740435331723}, "cache_miss": {"mean": 11772187.522252472, "variance": 409151166293758.44, "weight": 25.99384832194864}, "cpu_cycles": {"mean": 10958623148.504377, "variance": 1.3653973085887105e+20, "weight": 96.17800085709194}, "cpu_instructions": {"mean": 0.0, "variance": 0.0, "weight": 0.0}}}}, "core": {"All_Weights": {"Bias_Weight": 0.0, "Categorical_Variables": {}, "Numerical_Variables": {"bpf_block_irq": {"mean": 0.4951215960390273, "variance": 0.027851061618461348, "weight": 0.0}, "bpf_net_rx_irq": {"mean": 225.86748216106014, "variance": 2067.3979042910396, "weight": 0.0}, "bpf_net_tx_irq": {"mean": 0.3133828454929372, "variance": 0.08003496672479962, "weight": 0.0}, "cache_miss": {"mean": 11772187.522252472, "variance": 409151166293758.44, "weight": 0.0}, "cpu_cycles": {"mean": 10958623148.504377, "variance": 1.3653973085887105e+20, "weight": 0.0}, "cpu_instructions": {"mean": 0.0, "variance": 0.0, "weight": 0.0}}}}, "uncore": {"All_Weights": {"Bias_Weight": 0.0, "Categorical_Variables": {}, "Numerical_Variables": {"bpf_block_irq": {"mean": 0.4951215960390273, "variance": 0.027851061618461348, "weight": 0.0}, "bpf_net_rx_irq": {"mean": 225.86748216106014, "variance": 2067.3979042910396, "weight": 0.0}, "bpf_net_tx_irq": {"mean": 0.3133828454929372, "variance": 0.08003496672479962, "weight": 0.0}, "cache_miss": {"mean": 11772187.522252472, "variance": 409151166293758.44, "weight": 0.0}, "cpu_cycles": {"mean": 10958623148.504377, "variance": 1.3653973085887105e+20, "weight": 0.0}, "cpu_instructions": {"mean": 0.0, "variance": 0.0, "weight": 0.0}}}}, "dram": {"All_Weights": {"Bias_Weight": 78.50278296428075, "Categorical_Variables": {}, "Numerical_Variables": {"bpf_block_irq": {"mean": 0.4951215960390273, "variance": 0.027851061618461348, "weight": 0.12338153610188227}, "bpf_net_rx_irq": {"mean": 225.86748216106014, "variance": 2067.3979042910396, "weight": -1.7310704834506432}, "bpf_net_tx_irq": {"mean": 0.3133828454929372, "variance": 0.08003496672479962, "weight": -0.9894683953239278}, "cache_miss": {"mean": 11772187.522252472, "variance": 409151166293758.44, "weight": 15.734414524031}, "cpu_cycles": {"mean": 10958623148.504377, "variance": 1.3653973085887105e+20, "weight": 0.9829589693315964}, "cpu_instructions": {"mean": 0.0, "variance": 0.0, "weight": 0.0}}}}}