{"package": {"All_Weights": {"Categorical_Variables": {}, "Numerical_Variables": {"cache_miss": {"scale": 42758263.666666664}, "cpu_cycles": {"scale": 149882398653.33334}, "cpu_instructions": {"scale": 183752234604.0}}, "CurveFit_Weights": [273.4724723758834, 0.831993524224472, -276.0664692344854]}}, "core": {"All_Weights": {"Categorical_Variables": {}, "Numerical_Variables": {"cache_miss": {"scale": 42758263.666666664}, "cpu_cycles": {"scale": 149882398653.33334}, "cpu_instructions": {"scale": 183752234604.0}}, "CurveFit_Weights": [264.21801954508334, 0.8498129705408745, -266.64242962376176]}}, "uncore": {"All_Weights": {"Categorical_Variables": {}, "Numerical_Variables": {"cache_miss": {"scale": 42758263.666666664}, "cpu_cycles": {"scale": 149882398653.33334}, "cpu_instructions": {"scale": 183752234604.0}}, "CurveFit_Weights": [0.0, 1.0, 0.0]}}, "dram": {"All_Weights": {"Categorical_Variables": {}, "Numerical_Variables": {"cache_miss": {"scale": 42758263.666666664}, "cpu_cycles": {"scale": 149882398653.33334}, "cpu_instructions": {"scale": 183752234604.0}}, "CurveFit_Weights": [358396.2793674697, 0.00018868340352910876, -358391.2838025957]}}}