{"package": {"All_Weights": {"Categorical_Variables": {}, "Numerical_Variables": {"cache_miss": {"scale": 896014183.0}, "cpu_cycles": {"scale": 98242894842.66667}, "cpu_instructions": {"scale": 131924440822.99998}}, "CurveFit_Weights": [1730917.5443695826, 0.00011731070922941412, -1730853.437371112]}}, "core": {"All_Weights": {"Categorical_Variables": {}, "Numerical_Variables": {"cache_miss": {"scale": 896014183.0}, "cpu_cycles": {"scale": 98242894842.66667}, "cpu_instructions": {"scale": 131924440822.99998}}, "CurveFit_Weights": [0.0, 1.0, 0.0]}}, "uncore": {"All_Weights": {"Categorical_Variables": {}, "Numerical_Variables": {"cache_miss": {"scale": 896014183.0}, "cpu_cycles": {"scale": 98242894842.66667}, "cpu_instructions": {"scale": 131924440822.99998}}, "CurveFit_Weights": [0.0, 1.0, 0.0]}}, "dram": {"All_Weights": {"Categorical_Variables": {}, "Numerical_Variables": {"cache_miss": {"scale": 896014183.0}, "cpu_cycles": {"scale": 98242894842.66667}, "cpu_instructions": {"scale": 131924440822.99998}}, "CurveFit_Weights": [291007.1236989715, 0.0001601728366665963, -290995.5734976759]}}}