{"package": {"All_Weights": {"Bias_Weight": -10.339276412336881, "Categorical_Variables": {}, "Numerical_Variables": {"cache_miss": {"scale": 42758263.666666664, "weight": 153.94507855143613}, "cpu_cycles": {"scale": 149882398653.33334, "weight": 16.575435160462614}, "cpu_instructions": {"scale": 183752234604.0, "weight": 228.04019383533247}}}}, "core": {"All_Weights": {"Bias_Weight": -10.13811233540935, "Categorical_Variables": {}, "Numerical_Variables": {"cache_miss": {"scale": 42758263.666666664, "weight": 157.26222633482044}, "cpu_cycles": {"scale": 149882398653.33334, "weight": 13.233076473021121}, "cpu_instructions": {"scale": 183752234604.0, "weight": 230.09530192682243}}}}, "uncore": {"All_Weights": {"Bias_Weight": 0.0, "Categorical_Variables": {}, "Numerical_Variables": {"cache_miss": {"scale": 42758263.666666664, "weight": 0.0}, "cpu_cycles": {"scale": 149882398653.33334, "weight": 0.0}, "cpu_instructions": {"scale": 183752234604.0, "weight": 0.0}}}}, "dram": {"All_Weights": {"Bias_Weight": -1.554573653380585, "Categorical_Variables": {}, "Numerical_Variables": {"cache_miss": {"scale": 42758263.666666664, "weight": 25.58851811209885}, "cpu_cycles": {"scale": 149882398653.33334, "weight": 2.172812834278861}, "cpu_instructions": {"scale": 183752234604.0, "weight": 36.73147129960531}}}}}