{"package": {"All_Weights": {"Bias_Weight": 26.754958567827973, "Categorical_Variables": {}, "Numerical_Variables": {"cache_miss": {"scale": 896014183.0, "weight": 4.295205050936036}, "cpu_cycles": {"scale": 98242894842.66667, "weight": 154.68082715528035}, "cpu_instructions": {"scale": 131924440822.99998, "weight": 19.133498148512025}}}}, "core": {"All_Weights": {"Bias_Weight": 0.0, "Categorical_Variables": {}, "Numerical_Variables": {"cache_miss": {"scale": 896014183.0, "weight": 0.0}, "cpu_cycles": {"scale": 98242894842.66667, "weight": 0.0}, "cpu_instructions": {"scale": 131924440822.99998, "weight": 0.0}}}}, "uncore": {"All_Weights": {"Bias_Weight": 0.0, "Categorical_Variables": {}, "Numerical_Variables": {"cache_miss": {"scale": 896014183.0, "weight": 0.0}, "cpu_cycles": {"scale": 98242894842.66667, "weight": 0.0}, "cpu_instructions": {"scale": 131924440822.99998, "weight": 0.0}}}}, "dram": {"All_Weights": {"Bias_Weight": 9.361930094607066, "Categorical_Variables": {}, "Numerical_Variables": {"cache_miss": {"scale": 896014183.0, "weight": 39.97878313081329}, "cpu_cycles": {"scale": 98242894842.66667, "weight": 8.197492012971976}, "cpu_instructions": {"scale": 131924440822.99998, "weight": -6.8210162397369976}}}}}