{"package": {"All_Weights": {"Bias_Weight": 10.197879828114639, "Categorical_Variables": {}, "Numerical_Variables": {"cache_miss": {"scale": 19150439.333333336, "weight": -39.39924148270412}, "cpu_cycles": {"scale": 106382758382.66667, "weight": 341.00034958717407}, "cpu_instructions": {"scale": 129823412733.66667, "weight": 108.98432719472414}}}}, "core": {"All_Weights": {"Bias_Weight": 0.0, "Categorical_Variables": {}, "Numerical_Variables": {"cache_miss": {"scale": 19150439.333333336, "weight": 0.0}, "cpu_cycles": {"scale": 106382758382.66667, "weight": 0.0}, "cpu_instructions": {"scale": 129823412733.66667, "weight": 0.0}}}}, "uncore": {"All_Weights": {"Bias_Weight": 0.0, "Categorical_Variables": {}, "Numerical_Variables": {"cache_miss": {"scale": 19150439.333333336, "weight": 0.0}, "cpu_cycles": {"scale": 106382758382.66667, "weight": 0.0}, "cpu_instructions": {"scale": 129823412733.66667, "weight": 0.0}}}}, "dram": {"All_Weights": {"Bias_Weight": 0.852599646390487, "Categorical_Variables": {}, "Numerical_Variables": {"cache_miss": {"scale": 19150439.333333336, "weight": -0.45495878682479346}, "cpu_cycles": {"scale": 106382758382.66667, "weight": 4.513876144922091}, "cpu_instructions": {"scale": 129823412733.66667, "weight": 1.2965765295954061}}}}}