{"package": {"All_Weights": {"Bias_Weight": -9.694018695540741, "Categorical_Variables": {}, "Numerical_Variables": {"cache_miss": {"scale": 42768344.0, "weight": 171.2034213401241}, "cpu_cycles": {"scale": 173138343756.0, "weight": 22.511413680846196}, "cpu_instructions": {"scale": 203169697829.66666, "weight": 197.388463299149}}}}, "core": {"All_Weights": {"Bias_Weight": -10.071103713755978, "Categorical_Variables": {}, "Numerical_Variables": {"cache_miss": {"scale": 42768344.0, "weight": 172.90798192948395}, "cpu_cycles": {"scale": 173138343756.0, "weight": 23.0629666293489}, "cpu_instructions": {"scale": 203169697829.66666, "weight": 197.41012054590357}}}}, "uncore": {"All_Weights": {"Bias_Weight": 0.0, "Categorical_Variables": {}, "Numerical_Variables": {"cache_miss": {"scale": 42768344.0, "weight": 0.0}, "cpu_cycles": {"scale": 173138343756.0, "weight": 0.0}, "cpu_instructions": {"scale": 203169697829.66666, "weight": 0.0}}}}, "dram": {"All_Weights": {"Bias_Weight": -1.649204831582952, "Categorical_Variables": {}, "Numerical_Variables": {"cache_miss": {"scale": 42768344.0, "weight": 27.905867648494738}, "cpu_cycles": {"scale": 173138343756.0, "weight": 4.253746768848224}, "cpu_instructions": {"scale": 203169697829.66666, "weight": 31.141901107772245}}}}}