{"package": {"All_Weights": {"Bias_Weight": 3.411908409172411, "Categorical_Variables": {}, "Numerical_Variables": {"cache_miss": {"scale": 15910928.999999998, "weight": 0.8179545035959646}, "cpu_cycles": {"scale": 97698336411.0, "weight": 117.5798405900694}, "cpu_instructions": {"scale": 113818923081.66667, "weight": 65.77347218567445}}}}, "core": {"All_Weights": {"Bias_Weight": 0.0, "Categorical_Variables": {}, "Numerical_Variables": {"cache_miss": {"scale": 15910928.999999998, "weight": 0.0}, "cpu_cycles": {"scale": 97698336411.0, "weight": 0.0}, "cpu_instructions": {"scale": 113818923081.66667, "weight": 0.0}}}}, "uncore": {"All_Weights": {"Bias_Weight": 0.0, "Categorical_Variables": {}, "Numerical_Variables": {"cache_miss": {"scale": 15910928.999999998, "weight": 0.0}, "cpu_cycles": {"scale": 97698336411.0, "weight": 0.0}, "cpu_instructions": {"scale": 113818923081.66667, "weight": 0.0}}}}, "dram": {"All_Weights": {"Bias_Weight": 4.104517234104398, "Categorical_Variables": {}, "Numerical_Variables": {"cache_miss": {"scale": 15910928.999999998, "weight": -0.903329746633585}, "cpu_cycles": {"scale": 97698336411.0, "weight": 6.723736631444359}, "cpu_instructions": {"scale": 113818923081.66667, "weight": 1.7218514249548147}}}}}