{"platform": {"All_Weights": {"Bias_Weight": 164.17579976433007, "Categorical_Variables": {}, "Numerical_Variables": {"bpf_cpu_time_us": {"scale": 3.5519772673454885e-05, "mean": 0, "variance": 0, "weight": 0.0}, "cache_miss": {"scale": 1.0158675600729726e-08, "mean": 0, "variance": 0, "weight": 62.17733449086382}, "cgroupfs_cpu_usage_us": {"scale": 8.125391980758681e-09, "mean": 0, "variance": 0, "weight": 0.0}, "cgroupfs_memory_usage_bytes": {"scale": 1.1936471235332465e-07, "mean": 0, "variance": 0, "weight": 205.51595459982252}, "cgroupfs_system_cpu_usage_us": {"scale": 3.491779623312634e-08, "mean": 0, "variance": 0, "weight": 0.0}, "cgroupfs_user_cpu_usage_us": {"scale": 1.0589597664544716e-08, "mean": 0, "variance": 0, "weight": 0.0}, "cpu_cycles": {"scale": 1.8357850000664683e-11, "mean": 0, "variance": 0, "weight": 159.11912589682785}, "cpu_instructions": {"scale": 1.0, "mean": 0, "variance": 0, "weight": 1.6617150933348064e-11}, "kubelet_cpu_usage": {"scale": 0.005802707930367505, "mean": 0, "variance": 0, "weight": 2.138659712311484}, "kubelet_memory_bytes": {"scale": 8.805236663121755e-11, "mean": 0, "variance": 0, "weight": 5.138471185805761}}}}}