{"platform": {"All_Weights": {"Bias_Weight": 490.74492743436883, "Categorical_Variables": {}, "Numerical_Variables": {"bpf_cpu_time_us": {"scale": 29170.333333333332, "mean": 0, "variance": 0, "weight": 0.0}, "cache_miss": {"scale": 144445326.66666666, "mean": 0, "variance": 0, "weight": 273.9439859590467}, "cgroupfs_cpu_usage_us": {"scale": 131272780.66666667, "mean": 0, "variance": 0, "weight": 0.0}, "cgroupfs_memory_usage_bytes": {"scale": 4647594.666666666, "mean": 0, "variance": 0, "weight": 343.2177621254455}, "cgroupfs_system_cpu_usage_us": {"scale": 52209753.66666667, "mean": 0, "variance": 0, "weight": 0.0}, "cgroupfs_user_cpu_usage_us": {"scale": 79063019.99999999, "mean": 0, "variance": 0, "weight": 0.0}, "cpu_cycles": {"scale": 56749212346.333336, "mean": 0, "variance": 0, "weight": 499.0049208410662}, "cpu_instructions": {"scale": 70755378378.33333, "mean": 0, "variance": 0, "weight": 0.0}, "kubelet_cpu_usage": {"scale": 190.0, "mean": 0, "variance": 0, "weight": 6.759189611586609}, "kubelet_memory_bytes": {"scale": 23948571989.333332, "mean": 0, "variance": 0, "weight": 24.855094887155786}}}}}