{"platform": {"All_Weights": {"Bias_Weight": 494.27480260362967, "Categorical_Variables": {}, "Numerical_Variables": {"bpf_cpu_time_us": {"scale": 29170.333333333332, "mean": 0, "variance": 0, "weight": 1.5200750596478678}, "cache_miss": {"scale": 144445326.66666666, "mean": 0, "variance": 0, "weight": 272.53738787863654}, "cgroupfs_cpu_usage_us": {"scale": 131272780.66666667, "mean": 0, "variance": 0, "weight": -29.704992913432513}, "cgroupfs_memory_usage_bytes": {"scale": 4647594.666666666, "mean": 0, "variance": 0, "weight": 245.3888980326287}, "cgroupfs_system_cpu_usage_us": {"scale": 52209753.66666667, "mean": 0, "variance": 0, "weight": -31.73561186053839}, "cgroupfs_user_cpu_usage_us": {"scale": 79063019.99999999, "mean": 0, "variance": 0, "weight": -28.364087699398453}, "cpu_cycles": {"scale": 56749212346.333336, "mean": 0, "variance": 0, "weight": 490.2868505802303}, "cpu_instructions": {"scale": 70755378378.33333, "mean": 0, "variance": 0, "weight": 8.310982624159642}, "kubelet_cpu_usage": {"scale": 190.0, "mean": 0, "variance": 0, "weight": 3.1889412029250392}, "kubelet_memory_bytes": {"scale": 23948571989.333332, "mean": 0, "variance": 0, "weight": 26.495279645795726}}}}}