{"platform": {"All_Weights": {"Bias_Weight": 674.8109877974342, "Categorical_Variables": {}, "Numerical_Variables": {"bpf_cpu_time_us": {"mean": 5608.400902868793, "variance": 29661131.240907874, "weight": 5.8435807014934715}, "cache_miss": {"mean": 11772187.522252472, "variance": 409151166293758.44, "weight": 47.8866587459653}, "cgroupfs_cpu_usage_us": {"mean": 1080538.090723751, "variance": 129154197094126.67, "weight": -2.4602206906923554}, "cgroupfs_memory_usage_bytes": {"mean": 98691.1128585991, "variance": 557223414532.787, "weight": 12.855628076054973}, "cgroupfs_system_cpu_usage_us": {"mean": 251370.65487112277, "variance": 6987370354187.755, "weight": -2.290227990023043}, "cgroupfs_user_cpu_usage_us": {"mean": 829167.4355613805, "variance": 76060314812705.55, "weight": -2.5117323544765884}, "cpu_cycles": {"mean": 10958623148.504377, "variance": 1.3653973085887105e+20, "weight": 105.14913684759904}, "cpu_instructions": {"mean": 0.0, "variance": 0.0, "weight": 0.0}, "kubelet_cpu_usage": {"mean": 7.212174166302607, "variance": 420.0275514159066, "weight": 1.248588930661483}, "kubelet_memory_bytes": {"mean": 22912587.379641764, "variance": 1.1963713956742662e+17, "weight": -0.33995529219969206}}}}}