{"package": {"All_Weights": {"Bias_Weight": -138996524.10698196, "Categorical_Variables": {}, "Numerical_Variables": {"bpf_block_irq": {"mean": 417387.3287671233, "variance": 699103688.0015013, "weight": 6373402.778430493}, "bpf_net_rx_irq": {"mean": 1952789.7123287672, "variance": 3982500005.7939577, "weight": -78076679.3980407}, "bpf_net_tx_irq": {"mean": 5289.671232876713, "variance": 111309.9741039595, "weight": 2632893285.460948}, "cache_miss": {"mean": 38986101380.19178, "variance": 6.774987317328459e+18, "weight": 1025965637.2792896}, "cpu_cycles": {"mean": 22560353291736.74, "variance": 1.9706656634842064e+24, "weight": -1476187025.6016514}, "cpu_instructions": {"mean": 29134722307705.453, "variance": 3.2447554946600996e+24, "weight": -1940210329.3572986}}}}, "core": {"All_Weights": {"Bias_Weight": 0.0, "Categorical_Variables": {}, "Numerical_Variables": {"bpf_block_irq": {"mean": 417387.3287671233, "variance": 699103688.0015013, "weight": 0.0}, "bpf_net_rx_irq": {"mean": 1952789.7123287672, "variance": 3982500005.7939577, "weight": 0.0}, "bpf_net_tx_irq": {"mean": 5289.671232876713, "variance": 111309.9741039595, "weight": 0.0}, "cache_miss": {"mean": 38986101380.19178, "variance": 6.774987317328459e+18, "weight": 0.0}, "cpu_cycles": {"mean": 22560353291736.74, "variance": 1.9706656634842064e+24, "weight": 0.0}, "cpu_instructions": {"mean": 29134722307705.453, "variance": 3.2447554946600996e+24, "weight": 0.0}}}}, "uncore": {"All_Weights": {"Bias_Weight": 0.0, "Categorical_Variables": {}, "Numerical_Variables": {"bpf_block_irq": {"mean": 417387.3287671233, "variance": 699103688.0015013, "weight": 0.0}, "bpf_net_rx_irq": {"mean": 1952789.7123287672, "variance": 3982500005.7939577, "weight": 0.0}, "bpf_net_tx_irq": {"mean": 5289.671232876713, "variance": 111309.9741039595, "weight": 0.0}, "cache_miss": {"mean": 38986101380.19178, "variance": 6.774987317328459e+18, "weight": 0.0}, "cpu_cycles": {"mean": 22560353291736.74, "variance": 1.9706656634842064e+24, "weight": 0.0}, "cpu_instructions": {"mean": 29134722307705.453, "variance": 3.2447554946600996e+24, "weight": 0.0}}}}, "dram": {"All_Weights": {"Bias_Weight": 7144009273.159053, "Categorical_Variables": {}, "Numerical_Variables": {"bpf_block_irq": {"mean": 417387.3287671233, "variance": 699103688.0015013, "weight": 58698542.659825906}, "bpf_net_rx_irq": {"mean": 1952789.7123287672, "variance": 3982500005.7939577, "weight": 263023668.2245762}, "bpf_net_tx_irq": {"mean": 5289.671232876713, "variance": 111309.9741039595, "weight": 5507524842.733532}, "cache_miss": {"mean": 38986101380.19178, "variance": 6.774987317328459e+18, "weight": -2181310577.323796}, "cpu_cycles": {"mean": 22560353291736.74, "variance": 1.9706656634842064e+24, "weight": -1758108735.2669976}, "cpu_instructions": {"mean": 29134722307705.453, "variance": 3.2447554946600996e+24, "weight": -1744216276.6925628}}}}}