{"package": {"All_Weights": {"Categorical_Variables": {}, "Numerical_Variables": {"cache_miss": {"scale": 63603973.0}, "cpu_cycles": {"scale": 139277196.0}, "cpu_instructions": {"scale": 254515913.66666666}}, "CurveFit_Weights": [6.3822772242117746e-12, 0.9999999935519975, 5.5249264778809945e+69]}}, "core": {"All_Weights": {"Categorical_Variables": {}, "Numerical_Variables": {"cache_miss": {"scale": 63603973.0}, "cpu_cycles": {"scale": 139277196.0}, "cpu_instructions": {"scale": 254515913.66666666}}, "CurveFit_Weights": [2.0901142686202773e-13, 1.0000000023478028, 7.727599889921332e+57]}}, "uncore": {"All_Weights": {"Categorical_Variables": {}, "Numerical_Variables": {"cache_miss": {"scale": 63603973.0}, "cpu_cycles": {"scale": 139277196.0}, "cpu_instructions": {"scale": 254515913.66666666}}, "CurveFit_Weights": [-1.0127917987410513e-12, 1.000000000565511, 1.206703568294285e+68]}}, "dram": {"All_Weights": {"Categorical_Variables": {}, "Numerical_Variables": {"cache_miss": {"scale": 63603973.0}, "cpu_cycles": {"scale": 139277196.0}, "cpu_instructions": {"scale": 254515913.66666666}}, "CurveFit_Weights": [0.0, 1.0, 0.0]}}}