{"package": {"All_Weights": {"Bias_Weight": 215.82825607713593, "Categorical_Variables": {}, "Numerical_Variables": {"kubelet_cpu_usage": {"mean": 6.450792199878123, "variance": 77.73254710754021, "weight": 116.11924217318777}, "kubelet_memory_bytes": {"mean": 8342362.63741621, "variance": 4511478508754909.0, "weight": 8.867134765435516}}}}, "core": {"All_Weights": {"Bias_Weight": 0.0, "Categorical_Variables": {}, "Numerical_Variables": {"kubelet_cpu_usage": {"mean": 6.450792199878123, "variance": 77.73254710754021, "weight": 0.0}, "kubelet_memory_bytes": {"mean": 8342362.63741621, "variance": 4511478508754909.0, "weight": 0.0}}}}, "uncore": {"All_Weights": {"Bias_Weight": 0.0, "Categorical_Variables": {}, "Numerical_Variables": {"kubelet_cpu_usage": {"mean": 6.450792199878123, "variance": 77.73254710754021, "weight": 0.0}, "kubelet_memory_bytes": {"mean": 8342362.63741621, "variance": 4511478508754909.0, "weight": 0.0}}}}, "dram": {"All_Weights": {"Bias_Weight": 82.93391726887732, "Categorical_Variables": {}, "Numerical_Variables": {"kubelet_cpu_usage": {"mean": 6.450792199878123, "variance": 77.73254710754021, "weight": 15.142049615261291}, "kubelet_memory_bytes": {"mean": 8342362.63741621, "variance": 4511478508754909.0, "weight": 1.9110446089650148}}}}}