{"package": {"All_Weights": {"Bias_Weight": 325.89796204309056, "Categorical_Variables": {}, "Numerical_Variables": {"kubelet_cpu_usage": {"mean": 2.3786104605776743, "variance": 4.55402596405399, "weight": 23.922979157686054}, "kubelet_memory_bytes": {"mean": 9808864.82435597, "variance": 7663836189704639.0, "weight": 3.2786957920182305}}}}, "core": {"All_Weights": {"Bias_Weight": 0.0, "Categorical_Variables": {}, "Numerical_Variables": {"kubelet_cpu_usage": {"mean": 2.3786104605776743, "variance": 4.55402596405399, "weight": 0.0}, "kubelet_memory_bytes": {"mean": 9808864.82435597, "variance": 7663836189704639.0, "weight": 0.0}}}}, "uncore": {"All_Weights": {"Bias_Weight": 0.0, "Categorical_Variables": {}, "Numerical_Variables": {"kubelet_cpu_usage": {"mean": 2.3786104605776743, "variance": 4.55402596405399, "weight": 0.0}, "kubelet_memory_bytes": {"mean": 9808864.82435597, "variance": 7663836189704639.0, "weight": 0.0}}}}, "dram": {"All_Weights": {"Bias_Weight": 131.6014218953832, "Categorical_Variables": {}, "Numerical_Variables": {"kubelet_cpu_usage": {"mean": 2.3786104605776743, "variance": 4.55402596405399, "weight": 2.9644126661334345}, "kubelet_memory_bytes": {"mean": 9808864.82435597, "variance": 7663836189704639.0, "weight": 0.15215036456185416}}}}}