{"package": {"All_Weights": {"Bias_Weight": 218.1785511318315, "Categorical_Variables": {}, "Numerical_Variables": {"kubelet_cpu_usage": {"mean": 7.212174166302607, "variance": 420.0275514159066, "weight": 35.19153924814112}, "kubelet_memory_bytes": {"mean": 22912587.379641764, "variance": 1.1963713956742662e+17, "weight": -2.9568027483682244}}}}, "core": {"All_Weights": {"Bias_Weight": 0.0, "Categorical_Variables": {}, "Numerical_Variables": {"kubelet_cpu_usage": {"mean": 7.212174166302607, "variance": 420.0275514159066, "weight": 0.0}, "kubelet_memory_bytes": {"mean": 22912587.379641764, "variance": 1.1963713956742662e+17, "weight": 0.0}}}}, "uncore": {"All_Weights": {"Bias_Weight": 0.0, "Categorical_Variables": {}, "Numerical_Variables": {"kubelet_cpu_usage": {"mean": 7.212174166302607, "variance": 420.0275514159066, "weight": 0.0}, "kubelet_memory_bytes": {"mean": 22912587.379641764, "variance": 1.1963713956742662e+17, "weight": 0.0}}}}, "dram": {"All_Weights": {"Bias_Weight": 150.56231678161544, "Categorical_Variables": {}, "Numerical_Variables": {"kubelet_cpu_usage": {"mean": 7.212174166302607, "variance": 420.0275514159066, "weight": 3.2637882528149422}, "kubelet_memory_bytes": {"mean": 22912587.379641764, "variance": 1.1963713956742662e+17, "weight": 0.6960143998317134}}}}}