{"package": {"All_Weights": {"Bias_Weight": 8153786268.893489, "Categorical_Variables": {}, "Numerical_Variables": {"cache_miss": {"scale": 63603973.0, "weight": 12198137600.65314}, "cpu_cycles": {"scale": 139277196.0, "weight": -94481553229.3312}, "cpu_instructions": {"scale": 254515913.66666666, "weight": -12783775413.916075}}}}, "core": {"All_Weights": {"Bias_Weight": 54702691987.805504, "Categorical_Variables": {}, "Numerical_Variables": {"cache_miss": {"scale": 63603973.0, "weight": -349529447.9172769}, "cpu_cycles": {"scale": 139277196.0, "weight": -163045575721.0832}, "cpu_instructions": {"scale": 254515913.66666666, "weight": 36439434260.49181}}}}, "uncore": {"All_Weights": {"Bias_Weight": 123137813069.71405, "Categorical_Variables": {}, "Numerical_Variables": {"cache_miss": {"scale": 63603973.0, "weight": -205646106911.167}, "cpu_cycles": {"scale": 139277196.0, "weight": 82160496958.64058}, "cpu_instructions": {"scale": 254515913.66666666, "weight": 447195626.9749287}}}}, "dram": {"All_Weights": {"Bias_Weight": 0.0, "Categorical_Variables": {}, "Numerical_Variables": {"cache_miss": {"scale": 63603973.0, "weight": 0.0}, "cpu_cycles": {"scale": 139277196.0, "weight": 0.0}, "cpu_instructions": {"scale": 254515913.66666666, "weight": 0.0}}}}}