{"platform": {"All_Weights": {"Categorical_Variables": {}, "Numerical_Variables": {"bpf_cpu_time_ms": {"scale": 146561.22337618796}, "bpf_page_cache_hit": {"scale": 1.0}}, "CurveFit_Weights": [355861.95663416974, 0.000752395211985408, -355841.14676950773]}}}