{"platform": {"All_Weights": {"Categorical_Variables": {}, "Numerical_Variables": {"bpf_cpu_time_ms": {"scale": 28891.571599817034}, "bpf_page_cache_hit": {"scale": 1.0}}, "CurveFit_Weights": [1109.113334152072, 0.10407856370502251, -1105.9235120681574]}}}