{"platform": {"All_Weights": {"Categorical_Variables": {}, "Numerical_Variables": {"bpf_cpu_time_us": {"scale": 2510087.5734791528}, "bpf_page_cache_hit": {"scale": 1.0}}, "CurveFit_Weights": [1247685.8928808707, 0.0002597763193896191, -1247664.9828272169]}}}