{"platform": {"All_Weights": {"Categorical_Variables": {}, "Numerical_Variables": {"bpf_cpu_time_ms": {"scale": 36000.0}, "bpf_page_cache_hit": {"scale": 1.0}}, "CurveFit_Weights": [478.26215310073627, 0.36450023166246026, -470.81547722507395]}}}