{"platform": {"All_Weights": {"Categorical_Variables": {}, "Numerical_Variables": {"bpf_cpu_time_ms": {"scale": 48000.0}, "bpf_page_cache_hit": {"scale": 1.0}}, "CurveFit_Weights": [1245974.043235382, 0.000259962592160613, -1245949.6902142002]}}}