{"platform": {"All_Weights": {"Categorical_Variables": {}, "Numerical_Variables": {"bpf_cpu_time_ms": {"scale": 12225.005991096052}, "bpf_page_cache_hit": {"scale": 1.0}}, "CurveFit_Weights": [542.2932729976186, 0.3254568644118197, -532.393137215338]}}}