{"platform": {"All_Weights": {"Categorical_Variables": {}, "Numerical_Variables": {"bpf_cpu_time_ms": {"scale": 32000.0}, "bpf_page_cache_hit": {"scale": 1.0}}, "CurveFit_Weights": [544674.2568388662, 0.00020205011779611366, -544659.6294110423]}}}