{"platform": {"All_Weights": {"Categorical_Variables": {}, "Numerical_Variables": {"bpf_cpu_time_ms": {"scale": 36330.55999027924}, "bpf_page_cache_hit": {"scale": 1.0}}, "CurveFit_Weights": [27.070347844377267, 1.8243328310496065, 25.407274482760382]}}}