{"platform": {"All_Weights": {"Categorical_Variables": {}, "Numerical_Variables": {"bpf_cpu_time_ms": {"scale": 24089.26901877661}, "bpf_page_cache_hit": {"scale": 1.0}}, "CurveFit_Weights": [145.4848420125393, 0.6835596459793621, -140.898114360428]}}}