{"platform": {"All_Weights": {"Categorical_Variables": {}, "Numerical_Variables": {"bpf_cpu_time_ms": {"scale": 16010.358429816162}, "bpf_page_cache_hit": {"scale": 1.0}}, "CurveFit_Weights": [72.1089939988475, 1.437207275914439, -70.3405585124218]}}}