{"platform": {"All_Weights": {"Categorical_Variables": {}, "Numerical_Variables": {"bpf_cpu_time_ms": {"scale": 11999.999999999998}, "bpf_page_cache_hit": {"scale": 1.0}}, "CurveFit_Weights": [51.609535668720696, 1.1884119723670954, -48.56040330882773]}}}