{"platform": {"All_Weights": {"Categorical_Variables": {}, "Numerical_Variables": {"bpf_cpu_time_ms": {"scale": 133174.27082704377}, "bpf_page_cache_hit": {"scale": 1.0}}, "CurveFit_Weights": [337.28442377390576, 1.1453701827631004, -277.1966712537479]}}}