{"platform": {"All_Weights": {"Categorical_Variables": {}, "Numerical_Variables": {"bpf_cpu_time_ms": {"scale": 96000.0}, "bpf_page_cache_hit": {"scale": 1.0}}, "CurveFit_Weights": [135742.07495784573, 0.0019283178590873778, -135721.15698173796]}}}