{"platform": {"All_Weights": {"Categorical_Variables": {}, "Numerical_Variables": {"bpf_cpu_time_ms": {"scale": 4417.951187499074}, "bpf_page_cache_hit": {"scale": 1.0}}, "CurveFit_Weights": [443382.4411650407, 0.00021802405742798266, -443379.59717436205]}}}