{"platform": {"All_Weights": {"Categorical_Variables": {}, "Numerical_Variables": {"bpf_cpu_time_ms": {"scale": 70076.29361815096}, "bpf_page_cache_hit": {"scale": 1.0}}, "CurveFit_Weights": [884.8788096577246, 0.23295189270823743, -871.0614910134121]}}}