{"platform": {"All_Weights": {"Categorical_Variables": {}, "Numerical_Variables": {"bpf_cpu_time_ms": {"scale": 9139.21516131371}, "bpf_page_cache_hit": {"scale": 1.0}}, "CurveFit_Weights": [269086.8999908923, 0.0006187109551813787, -269073.18140177964]}}}