{"platform": {"All_Weights": {"Categorical_Variables": {}, "Numerical_Variables": {"bpf_cpu_time_ms": {"scale": 33283.88694561109}, "bpf_page_cache_hit": {"scale": 1.0}}, "CurveFit_Weights": [159.62109184090338, 0.7545688540687681, -152.43498672671834]}}}