{"platform": {"All_Weights": {"Categorical_Variables": {}, "Numerical_Variables": {"bpf_cpu_time_ms": {"scale": 3097.7946818181817}, "bpf_page_cache_hit": {"scale": 1.0}}, "CurveFit_Weights": [522013.4117006538, 0.00018561005387109905, -521984.7973236705]}}}