{"platform": {"All_Weights": {"Categorical_Variables": {}, "Numerical_Variables": {"bpf_cpu_time_ms": {"scale": 96912.0943288012}, "bpf_page_cache_hit": {"scale": 1.0}}, "CurveFit_Weights": [1339061.699447851, 0.00030754147665215, -1339034.4843533826]}}}