{"platform": {"All_Weights": {"Categorical_Variables": {}, "Numerical_Variables": {"bpf_cpu_time_ms": {"scale": 171729.662244694}, "bpf_page_cache_hit": {"scale": 1.0}}, "CurveFit_Weights": [1469649.2144672521, 0.00019755995178452572, -1469604.9085158044]}}}