{"platform": {"All_Weights": {"Categorical_Variables": {}, "Numerical_Variables": {"bpf_cpu_time_ms": {"scale": 48909.658729464776}, "bpf_page_cache_hit": {"scale": 1.0}}, "CurveFit_Weights": [307881.0303727009, 0.0003249392465811841, -307869.9038091493]}}}