{"platform": {"All_Weights": {"Categorical_Variables": {}, "Numerical_Variables": {"bpf_cpu_time_ms": {"scale": 59061.47370837033}, "bpf_page_cache_hit": {"scale": 1.0}}, "CurveFit_Weights": [554822.3877784255, 0.000314668160595118, -554803.4364801279]}}}