{"platform": {"All_Weights": {"Categorical_Variables": {}, "Numerical_Variables": {"bpf_cpu_time_us": {"scale": 24000000.0}, "bpf_page_cache_hit": {"scale": 1.0}}, "CurveFit_Weights": [271.64515994636264, 0.7205971233461714, -249.79226908106722]}}}