{"platform": {"All_Weights": {"Categorical_Variables": {}, "Numerical_Variables": {"bpf_cpu_time_ms": {"scale": 206202.82993888325}, "bpf_page_cache_hit": {"scale": 1.0}}, "CurveFit_Weights": [3844.6295192320385, 0.33821811235846844, -3750.0311914931285]}}}