{"platform": {"All_Weights": {"Categorical_Variables": {}, "Numerical_Variables": {"bpf_cpu_time_ms": {"scale": 2000.0}, "bpf_page_cache_hit": {"scale": 1.0}}, "CurveFit_Weights": [403.0710091445165, 0.10229125954665146, -403.91565189624555]}}}