{"platform": {"All_Weights": {"Categorical_Variables": {}, "Numerical_Variables": {"bpf_cpu_time_ms": {"scale": 72000.0}, "bpf_page_cache_hit": {"scale": 1.0}}, "CurveFit_Weights": [757237.2434303566, 0.0005242314837864783, -757223.1936408649]}}}