{"platform": {"All_Weights": {"Categorical_Variables": {}, "Numerical_Variables": {"bpf_cpu_time_ms": {"scale": 24000.0}, "bpf_page_cache_hit": {"scale": 1.0}}, "CurveFit_Weights": [227891.80519995073, 0.0003515998842353462, -227882.66658083003]}}}