{"platform": {"All_Weights": {"Categorical_Variables": {}, "Numerical_Variables": {"bpf_cpu_time_ms": {"scale": 56248.72684186223}, "bpf_page_cache_hit": {"scale": 1.0}}, "CurveFit_Weights": [226.46492959129603, 0.8128089819726243, -200.63844891712486]}}}