{"platform": {"All_Weights": {"Categorical_Variables": {}, "Numerical_Variables": {"bpf_cpu_time_ms": {"scale": 473228.5496999834}, "bpf_page_cache_hit": {"scale": 1.0}}, "CurveFit_Weights": [442.208920873718, 1.4526035236589478, -378.6167085213674]}}}