{"platform": {"All_Weights": {"Categorical_Variables": {}, "Numerical_Variables": {"bpf_cpu_time_ms": {"scale": 6494.023383745279}, "bpf_page_cache_hit": {"scale": 1.0}}, "CurveFit_Weights": [555422.5093803215, 0.0002562154967419929, -555409.7772196467]}}}