{"platform": {"All_Weights": {"Categorical_Variables": {}, "Numerical_Variables": {"bpf_cpu_time_ms": {"scale": 44000.0}, "bpf_page_cache_hit": {"scale": 1.0}}, "CurveFit_Weights": [330.45757123415274, 0.4574788330999302, -312.96334777570206]}}}