{"platform": {"All_Weights": {"Categorical_Variables": {}, "Numerical_Variables": {"bpf_cpu_time_ms": {"scale": 7997.919992709427}, "bpf_page_cache_hit": {"scale": 1.0}}, "CurveFit_Weights": [23.449226516621444, 1.220319290799462, -21.559556461072077]}}}