{"platform": {"All_Weights": {"Categorical_Variables": {}, "Numerical_Variables": {"bpf_cpu_time_ms": {"scale": 62554.10831676641}, "bpf_page_cache_hit": {"scale": 1.0}}, "CurveFit_Weights": [6772.848990588939, 0.021434829511621453, -6761.226695483361]}}}