{"platform": {"All_Weights": {"Categorical_Variables": {}, "Numerical_Variables": {"bpf_cpu_time_ms": {"scale": 224000.0}, "bpf_page_cache_hit": {"scale": 1.0}}, "CurveFit_Weights": [5939.987777721884, 0.2233064577867256, -5834.887872270787]}}}