{"platform": {"All_Weights": {"Categorical_Variables": {}, "Numerical_Variables": {"bpf_cpu_time_ms": {"scale": 162460.97349404098}, "bpf_page_cache_hit": {"scale": 1.0}}, "CurveFit_Weights": [125.21749960887057, 1.1501743775836302, -123.44487786452001]}}}