{"platform": {"All_Weights": {"Categorical_Variables": {}, "Numerical_Variables": {"bpf_cpu_time_ms": {"scale": 8867.168814666149}, "bpf_page_cache_hit": {"scale": 1.0}}, "CurveFit_Weights": [290632.63624157605, 0.00044415054127337923, -290617.29139306635]}}}