{"platform": {"All_Weights": {"Categorical_Variables": {}, "Numerical_Variables": {"bpf_cpu_time_ms": {"scale": 12214.912147467596}, "bpf_page_cache_hit": {"scale": 1.0}}, "CurveFit_Weights": [42.49808258314666, 1.463086564190915, -33.007046442331884]}}}