{"platform": {"All_Weights": {"Categorical_Variables": {}, "Numerical_Variables": {"bpf_cpu_time_ms": {"scale": 15810.88313068615}, "bpf_page_cache_hit": {"scale": 1.0}}, "CurveFit_Weights": [1200.3299120898203, 0.14836433833213508, -1205.3832849392404]}}}