{"platform": {"All_Weights": {"Categorical_Variables": {}, "Numerical_Variables": {"bpf_cpu_time_ms": {"scale": 1264.397522156386}, "bpf_page_cache_hit": {"scale": 1.0}}, "CurveFit_Weights": [137331.59553777843, 0.0002532636866242711, -137330.19621988226]}}}