{"platform": {"All_Weights": {"Categorical_Variables": {}, "Numerical_Variables": {"bpf_cpu_time_ms": {"scale": 20788.169469824566}, "bpf_page_cache_hit": {"scale": 1.0}}, "CurveFit_Weights": [71.20499275507558, 0.7505294876664955, -66.86573920340204]}}}