{"platform": {"All_Weights": {"Categorical_Variables": {}, "Numerical_Variables": {"bpf_cpu_time_ms": {"scale": 18862.87309339697}, "bpf_page_cache_hit": {"scale": 1.0}}, "CurveFit_Weights": [64.33771977017238, 1.3465964437650477, -57.45034274209219]}}}