{"platform": {"All_Weights": {"Categorical_Variables": {}, "Numerical_Variables": {"bpf_cpu_time_ms": {"scale": 3904.324074254532}, "bpf_page_cache_hit": {"scale": 1.0}}, "CurveFit_Weights": [15.540180319180449, 1.2279728578722326, -15.5289225677874]}}}