{"platform": {"All_Weights": {"Categorical_Variables": {}, "Numerical_Variables": {"bpf_cpu_time_ms": {"scale": 152148.69738520947}, "bpf_page_cache_hit": {"scale": 1.0}}, "CurveFit_Weights": [957.2525970458653, 0.3132617872491196, -929.2182060103517]}}}