{"platform": {"All_Weights": {"Categorical_Variables": {}, "Numerical_Variables": {"bpf_cpu_time_ms": {"scale": 44000.0}, "bpf_page_cache_hit": {"scale": 1.0}}, "CurveFit_Weights": [201.6151464544224, 0.8792737841971499, -174.81848423451896]}}}