{"platform": {"All_Weights": {"Categorical_Variables": {}, "Numerical_Variables": {"bpf_cpu_time_ms": {"scale": 1352.2702909090908}, "bpf_page_cache_hit": {"scale": 1.0}}, "CurveFit_Weights": [43389.654888731115, 0.0015235550472089837, -43389.68465681486]}}}