{"platform": {"All_Weights": {"Categorical_Variables": {}, "Numerical_Variables": {"bpf_cpu_time_ms": {"scale": 69879.34069173332}, "bpf_page_cache_hit": {"scale": 1.0}}, "CurveFit_Weights": [94.75630544866463, 1.4847392255338643, -67.45717560096705]}}}