{"platform": {"All_Weights": {"Categorical_Variables": {}, "Numerical_Variables": {"bpf_cpu_time_ms": {"scale": 32000.0}, "bpf_page_cache_hit": {"scale": 1.0}}, "CurveFit_Weights": [1447200.45085206, 0.0002551049098104181, -1447191.5987612933]}}}