{"platform": {"All_Weights": {"Categorical_Variables": {}, "Numerical_Variables": {"bpf_cpu_time_us": {"scale": 72000000.0}, "bpf_page_cache_hit": {"scale": 1.0}}, "CurveFit_Weights": [790.4148499328497, 0.42274030755269276, -751.9904219490253]}}}