{"platform": {"All_Weights": {"Categorical_Variables": {}, "Numerical_Variables": {"bpf_cpu_time_ms": {"scale": 80000.0}, "bpf_page_cache_hit": {"scale": 1.0}}, "CurveFit_Weights": [147631.40720251008, 0.0023459034707995997, -147610.2666260839]}}}