{"platform": {"All_Weights": {"Categorical_Variables": {}, "Numerical_Variables": {"bpf_cpu_time_ms": {"scale": 60732.483270793295}, "bpf_page_cache_hit": {"scale": 1.0}}, "CurveFit_Weights": [1368660.5883861887, 0.00031383240642195886, -1368635.4177692889]}}}