{"platform": {"All_Weights": {"Categorical_Variables": {}, "Numerical_Variables": {"bpf_cpu_time_ms": {"scale": 104000.0}, "bpf_page_cache_hit": {"scale": 1.0}}, "CurveFit_Weights": [218.5468265823429, 0.8968498581901585, -197.1501965049242]}}}