{"platform": {"All_Weights": {"Categorical_Variables": {}, "Numerical_Variables": {"bpf_cpu_time_ms": {"scale": 15931.076042392297}, "bpf_page_cache_hit": {"scale": 1.0}}, "CurveFit_Weights": [34.390017617156005, 1.9546031639803627, -21.92347428384854]}}}