{"platform": {"All_Weights": {"Categorical_Variables": {}, "Numerical_Variables": {"bpf_cpu_time_ms": {"scale": 94140.26047363192}, "bpf_page_cache_hit": {"scale": 1.0}}, "CurveFit_Weights": [564.8242568384699, 0.21931260174175232, -552.8037327760148]}}}