{"platform": {"All_Weights": {"Categorical_Variables": {}, "Numerical_Variables": {"bpf_cpu_time_ms": {"scale": 4084.7559139337336}, "bpf_page_cache_hit": {"scale": 1.0}}, "CurveFit_Weights": [20.546214700888846, 1.2416642764069046, -21.012785132591862]}}}