{"platform": {"All_Weights": {"Categorical_Variables": {}, "Numerical_Variables": {"bpf_cpu_time_ms": {"scale": 879015.6020753974}, "bpf_page_cache_hit": {"scale": 1.0}}, "CurveFit_Weights": [431.386619265162, 2.0428181488541726, -386.07026329612955]}}}