{"platform": {"All_Weights": {"Categorical_Variables": {}, "Numerical_Variables": {"bpf_cpu_time_ms": {"scale": 62818.50860523909}, "bpf_page_cache_hit": {"scale": 1.0}}, "CurveFit_Weights": [164.92516329108227, 0.7029735961934734, -148.338158450479]}}}