{"platform": {"All_Weights": {"Categorical_Variables": {}, "Numerical_Variables": {"bpf_cpu_time_ms": {"scale": 35517.81498820345}, "bpf_page_cache_hit": {"scale": 1.0}}, "CurveFit_Weights": [145.37397950929497, 0.8163035491948119, -132.74614515786723]}}}