{"platform": {"All_Weights": {"Categorical_Variables": {}, "Numerical_Variables": {"bpf_cpu_time_ms": {"scale": 208131.68935407547}, "bpf_page_cache_hit": {"scale": 1.0}}, "CurveFit_Weights": [184.86844648307476, 1.5626129780684825, -129.1981249580886]}}}