{"platform": {"All_Weights": {"Categorical_Variables": {}, "Numerical_Variables": {"bpf_cpu_time_us": {"scale": 88000000.0}, "bpf_page_cache_hit": {"scale": 1.0}}, "CurveFit_Weights": [860.382654833013, 0.39695305896060684, -824.3062937061769]}}}