{"platform": {"All_Weights": {"Categorical_Variables": {}, "Numerical_Variables": {"bpf_cpu_time_ms": {"scale": 87305.55939960781}, "bpf_page_cache_hit": {"scale": 1.0}}, "CurveFit_Weights": [299.86343009506106, 0.9143347705559356, -277.4027399185047]}}}