{"platform": {"All_Weights": {"Categorical_Variables": {}, "Numerical_Variables": {"bpf_cpu_time_ms": {"scale": 17168.853814174618}, "bpf_page_cache_hit": {"scale": 1.0}}, "CurveFit_Weights": [77.74995924000845, 1.2882604942580036, -76.76229838750487]}}}