{"platform": {"All_Weights": {"Categorical_Variables": {}, "Numerical_Variables": {"bpf_cpu_time_ms": {"scale": 63999.99999999999}, "bpf_page_cache_hit": {"scale": 1.0}}, "CurveFit_Weights": [620.6464020429003, 0.20848516262225975, -610.6594555639813]}}}