{"platform": {"All_Weights": {"Categorical_Variables": {}, "Numerical_Variables": {"bpf_cpu_time_ms": {"scale": 31205.86756133701}, "bpf_page_cache_hit": {"scale": 1.0}}, "CurveFit_Weights": [189.5521639582465, 1.1175358113326472, -176.3261646479451]}}}