{"platform": {"All_Weights": {"Categorical_Variables": {}, "Numerical_Variables": {"bpf_cpu_time_ms": {"scale": 16618.126600203945}, "bpf_page_cache_hit": {"scale": 1.0}}, "CurveFit_Weights": [90.61114824284385, 0.741232610685064, -83.92977466537626]}}}