{"platform": {"All_Weights": {"Categorical_Variables": {}, "Numerical_Variables": {"bpf_cpu_time_ms": {"scale": 23672.35623900929}, "bpf_page_cache_hit": {"scale": 1.0}}, "CurveFit_Weights": [126.41202339701233, 0.6976108595980526, -115.60111386336222]}}}