{"platform": {"All_Weights": {"Categorical_Variables": {}, "Numerical_Variables": {"bpf_cpu_time_ms": {"scale": 4901.008238324463}, "bpf_page_cache_hit": {"scale": 1.0}}, "CurveFit_Weights": [20.288027719203086, 0.9351556184527166, -18.96149364020553]}}}