{"platform": {"All_Weights": {"Categorical_Variables": {}, "Numerical_Variables": {"bpf_cpu_time_ms": {"scale": 112000.0}, "bpf_page_cache_hit": {"scale": 1.0}}, "CurveFit_Weights": [399.52962075461505, 0.8284512950867423, -356.98778605129337]}}}