{"platform": {"All_Weights": {"Categorical_Variables": {}, "Numerical_Variables": {"bpf_cpu_time_ms": {"scale": 62562.32596287884}, "bpf_page_cache_hit": {"scale": 1.0}}, "CurveFit_Weights": [337287.7703269472, 0.0004539948768915235, -337233.9919847639]}}}