{"platform": {"All_Weights": {"Categorical_Variables": {}, "Numerical_Variables": {"bpf_cpu_time_ms": {"scale": 20000.0}, "bpf_page_cache_hit": {"scale": 1.0}}, "CurveFit_Weights": [407813.5481593728, 0.00029786504053602025, -407769.26699656335]}}}