{"platform": {"All_Weights": {"Categorical_Variables": {}, "Numerical_Variables": {"bpf_cpu_time_ms": {"scale": 142659.4963171837}, "bpf_page_cache_hit": {"scale": 1.0}}, "CurveFit_Weights": [337.2723901818402, 0.9543132818247164, -279.2244368763759]}}}