{"platform": {"All_Weights": {"Categorical_Variables": {}, "Numerical_Variables": {"bpf_cpu_time_ms": {"scale": 12509.70674960623}, "bpf_page_cache_hit": {"scale": 1.0}}, "CurveFit_Weights": [23.138332360443368, 1.8991311559037074, -4.26877930040604]}}}