{"platform": {"All_Weights": {"Categorical_Variables": {}, "Numerical_Variables": {"bpf_cpu_time_ms": {"scale": 15894.21468262942}, "bpf_page_cache_hit": {"scale": 1.0}}, "CurveFit_Weights": [122.46197566400718, 0.6352088393448828, -114.79347207130428]}}}