{"platform": {"All_Weights": {"Categorical_Variables": {}, "Numerical_Variables": {"bpf_cpu_time_ms": {"scale": 31561.296506937862}, "bpf_page_cache_hit": {"scale": 1.0}}, "CurveFit_Weights": [41.66789716465744, 1.5279673625066499, -32.76361163297485]}}}