{"platform": {"All_Weights": {"Categorical_Variables": {}, "Numerical_Variables": {"bpf_cpu_time_us": {"scale": 56000000.0}, "bpf_page_cache_hit": {"scale": 1.0}}, "CurveFit_Weights": [620.0664308985712, 0.3695292376973413, -594.8186035961917]}}}