{"platform": {"All_Weights": {"Categorical_Variables": {}, "Numerical_Variables": {"bpf_cpu_time_ms": {"scale": 14992.425395894428}, "bpf_page_cache_hit": {"scale": 1.0}}, "CurveFit_Weights": [453571.99524252285, 0.0002602481399514795, -453570.7566578742]}}}