{"platform": {"All_Weights": {"Categorical_Variables": {}, "Numerical_Variables": {"bpf_cpu_time_ms": {"scale": 287863.718999192}, "bpf_page_cache_hit": {"scale": 1.0}}, "CurveFit_Weights": [2465.616826481994, 0.3818313341442795, -2367.319825287442]}}}