{"platform": {"All_Weights": {"Categorical_Variables": {}, "Numerical_Variables": {"bpf_cpu_time_ms": {"scale": 333673.5600836616}, "bpf_page_cache_hit": {"scale": 1.0}}, "CurveFit_Weights": [857083.4988419003, 0.0006925724787417278, -857024.0086342607]}}}