{"platform": {"All_Weights": {"Categorical_Variables": {}, "Numerical_Variables": {"bpf_cpu_time_ms": {"scale": 56000.0}, "bpf_page_cache_hit": {"scale": 1.0}}, "CurveFit_Weights": [206.24716432865404, 0.9887941632072642, -180.09880977038432]}}}