{"platform": {"All_Weights": {"Categorical_Variables": {}, "Numerical_Variables": {"bpf_cpu_time_ms": {"scale": 89809.33125867021}, "bpf_page_cache_hit": {"scale": 1.0}}, "CurveFit_Weights": [59.156130971944066, 2.3405330674955525, -34.608389209881366]}}}