{"platform": {"All_Weights": {"Categorical_Variables": {}, "Numerical_Variables": {"bpf_cpu_time_ms": {"scale": 9118.333396743748}, "bpf_page_cache_hit": {"scale": 1.0}}, "CurveFit_Weights": [179.57775786513602, 0.6292302915008411, -169.4945025976487]}}}