{"platform": {"All_Weights": {"Categorical_Variables": {}, "Numerical_Variables": {"bpf_cpu_time_us": {"scale": 72000000.0}, "bpf_page_cache_hit": {"scale": 1.0}}, "CurveFit_Weights": [11.096660293680971, 3.702290027853649, 63.79800015893993]}}}