{"platform": {"All_Weights": {"Categorical_Variables": {}, "Numerical_Variables": {"bpf_cpu_time_ms": {"scale": 73878.47726670367}, "bpf_page_cache_hit": {"scale": 1.0}}, "CurveFit_Weights": [1243.8828595135037, 0.29425270629510625, -1212.9384385852265]}}}