{"platform": {"All_Weights": {"Categorical_Variables": {}, "Numerical_Variables": {"bpf_cpu_time_ms": {"scale": 33500.16257528249}, "bpf_page_cache_hit": {"scale": 1.0}}, "CurveFit_Weights": [190.79935588515573, 1.031179696577873, -171.9489154539658]}}}