{"platform": {"All_Weights": {"Categorical_Variables": {}, "Numerical_Variables": {"bpf_cpu_time_ms": {"scale": 54128.5908604564}, "bpf_page_cache_hit": {"scale": 1.0}}, "CurveFit_Weights": [86.32723883811013, 1.4114024014082482, -64.9905594866311]}}}