{"platform": {"All_Weights": {"Categorical_Variables": {}, "Numerical_Variables": {"bpf_cpu_time_ms": {"scale": 92164.21527272728}, "bpf_page_cache_hit": {"scale": 1.0}}, "CurveFit_Weights": [41.301974826357494, 1.610903462853654, -28.62329410314403]}}}