{"platform": {"All_Weights": {"Categorical_Variables": {}, "Numerical_Variables": {"bpf_cpu_time_ms": {"scale": 36000.0}, "bpf_page_cache_hit": {"scale": 1.0}}, "CurveFit_Weights": [235.38410310344642, 0.6469516951804086, -219.88345060190238]}}}