{"platform": {"All_Weights": {"Categorical_Variables": {}, "Numerical_Variables": {"bpf_cpu_time_ms": {"scale": 1452.112020367595}, "bpf_page_cache_hit": {"scale": 1.0}}, "CurveFit_Weights": [108.80387689240534, 0.30356999753761543, -107.69305945700714]}}}