{"platform": {"All_Weights": {"Categorical_Variables": {}, "Numerical_Variables": {"bpf_cpu_time_ms": {"scale": 26998.00843269873}, "bpf_page_cache_hit": {"scale": 1.0}}, "CurveFit_Weights": [34.60229156610416, 1.6590262133104527, -14.536203485476547]}}}