{"platform": {"All_Weights": {"Categorical_Variables": {}, "Numerical_Variables": {"bpf_cpu_time_ms": {"scale": 17611.607672653263}, "bpf_page_cache_hit": {"scale": 1.0}}, "CurveFit_Weights": [350511.3972731783, 0.0003207120422491928, -350496.51842025487]}}}