{"platform": {"All_Weights": {"Categorical_Variables": {}, "Numerical_Variables": {"bpf_cpu_time_ms": {"scale": 70059.57343396125}, "bpf_page_cache_hit": {"scale": 1.0}}, "CurveFit_Weights": [210.53532821079202, 0.8319616918444361, -187.69145939292304]}}}