{"platform": {"All_Weights": {"Categorical_Variables": {}, "Numerical_Variables": {"bpf_cpu_time_ms": {"scale": 28000.0}, "bpf_page_cache_hit": {"scale": 1.0}}, "CurveFit_Weights": [166.78537917183107, 0.5577044050343737, -157.5426723394614]}}}