{"platform": {"All_Weights": {"Categorical_Variables": {}, "Numerical_Variables": {"bpf_cpu_time_ms": {"scale": 60000.0}, "bpf_page_cache_hit": {"scale": 1.0}}, "CurveFit_Weights": [187.59860150692185, 1.055920738169345, -161.80779509240043]}}}