{"platform": {"All_Weights": {"Categorical_Variables": {}, "Numerical_Variables": {"bpf_cpu_time_ms": {"scale": 248616.7104288696}, "bpf_page_cache_hit": {"scale": 1.0}}, "CurveFit_Weights": [73.75182287927957, 1.6575330733994573, -50.884876422849786]}}}