{"platform": {"All_Weights": {"Categorical_Variables": {}, "Numerical_Variables": {"bpf_cpu_time_ms": {"scale": 6034.980353707725}, "bpf_page_cache_hit": {"scale": 1.0}}, "CurveFit_Weights": [187.1742706524232, 0.6124177721627925, -185.47974405449125]}}}