{"platform": {"All_Weights": {"Categorical_Variables": {}, "Numerical_Variables": {"bpf_cpu_time_ms": {"scale": 2311.0444362442263}, "bpf_page_cache_hit": {"scale": 1.0}}, "CurveFit_Weights": [147.2919336564256, 0.7250192259412044, -143.51263593967033]}}}