{"platform": {"All_Weights": {"Categorical_Variables": {}, "Numerical_Variables": {"bpf_cpu_time_ms": {"scale": 16692.95998397874}, "bpf_page_cache_hit": {"scale": 1.0}}, "CurveFit_Weights": [44.45773102042014, 1.7063138708959462, -32.43624490912273]}}}