{"platform": {"All_Weights": {"Categorical_Variables": {}, "Numerical_Variables": {"bpf_cpu_time_ms": {"scale": 63999.99999999999}, "bpf_page_cache_hit": {"scale": 1.0}}, "CurveFit_Weights": [508133.0540944112, 0.00028320237871196736, -508094.82066920627]}}}