{"platform": {"All_Weights": {"Categorical_Variables": {}, "Numerical_Variables": {"bpf_cpu_time_us": {"scale": 16000000.0}, "bpf_page_cache_hit": {"scale": 1.0}}, "CurveFit_Weights": [48.0685595426579, 1.4088828022520041, -36.859377594671855]}}}