{"platform": {"All_Weights": {"Categorical_Variables": {}, "Numerical_Variables": {"bpf_cpu_time_ms": {"scale": 86152.81176482502}, "bpf_page_cache_hit": {"scale": 1.0}}, "CurveFit_Weights": [724722.7028277307, 0.00020732362977744407, -724702.5863744695]}}}