{"platform": {"All_Weights": {"Categorical_Variables": {}, "Numerical_Variables": {"bpf_cpu_time_ms": {"scale": 146499.34351088357}, "bpf_page_cache_hit": {"scale": 1.0}}, "CurveFit_Weights": [786689.439510281, 0.0003722285386238802, -786662.9852973288]}}}