{"platform": {"All_Weights": {"Categorical_Variables": {}, "Numerical_Variables": {"bpf_cpu_time_ms": {"scale": 9643.989541498406}, "bpf_page_cache_hit": {"scale": 1.0}}, "CurveFit_Weights": [146338.58575018242, 0.0011114365303344928, -146327.01008920194]}}}