{"platform": {"All_Weights": {"Categorical_Variables": {}, "Numerical_Variables": {"bpf_cpu_time_ms": {"scale": 6879.14917040082}, "bpf_page_cache_hit": {"scale": 1.0}}, "CurveFit_Weights": [9.086024695360196, 2.194104494629999, -7.878016299039084]}}}