{"platform": {"All_Weights": {"Categorical_Variables": {}, "Numerical_Variables": {"bpf_cpu_time_ms": {"scale": 41143.90788093361}, "bpf_page_cache_hit": {"scale": 1.0}}, "CurveFit_Weights": [290313.7221061008, 0.00031855669292986714, -290303.23144011287]}}}