{"platform": {"All_Weights": {"Categorical_Variables": {}, "Numerical_Variables": {"bpf_cpu_time_ms": {"scale": 961.21670348286}, "bpf_page_cache_hit": {"scale": 1.0}}, "CurveFit_Weights": [1484997.6052068057, 0.00023791238946974563, -1484987.6148948986]}}}