{"platform": {"All_Weights": {"Categorical_Variables": {}, "Numerical_Variables": {"bpf_cpu_time_ms": {"scale": 3991.690709751875}, "bpf_page_cache_hit": {"scale": 1.0}}, "CurveFit_Weights": [295652.0956545346, 0.00020710591024072585, -295650.73377998703]}}}