{"platform": {"All_Weights": {"Categorical_Variables": {}, "Numerical_Variables": {"bpf_cpu_time_ms": {"scale": 62037.146242051866}, "bpf_page_cache_hit": {"scale": 1.0}}, "CurveFit_Weights": [201.68004272458487, 0.9303527533883585, -177.13026427965565]}}}