{"platform": {"All_Weights": {"Categorical_Variables": {}, "Numerical_Variables": {"bpf_cpu_time_ms": {"scale": 880.1749090909091}, "bpf_page_cache_hit": {"scale": 1.0}}, "CurveFit_Weights": [98.63579572449427, 1.0282785469497873, -98.81479781343408]}}}