{"platform": {"All_Weights": {"Categorical_Variables": {}, "Numerical_Variables": {"bpf_cpu_time_ms": {"scale": 76000.0}, "bpf_page_cache_hit": {"scale": 1.0}}, "CurveFit_Weights": [1206959.544003946, 0.00033524675456663404, -1206927.3654906987]}}}