{"platform": {"All_Weights": {"Categorical_Variables": {}, "Numerical_Variables": {"bpf_cpu_time_ms": {"scale": 5597.174077811869}, "bpf_page_cache_hit": {"scale": 1.0}}, "CurveFit_Weights": [20.12949485157386, 1.2125000441991285, -19.184805865099882]}}}