{"platform": {"All_Weights": {"Categorical_Variables": {}, "Numerical_Variables": {"bpf_cpu_time_ms": {"scale": 40000.0}, "bpf_page_cache_hit": {"scale": 1.0}}, "CurveFit_Weights": [474.24193454854094, 0.6277202664726472, -470.77075990836795]}}}