{"platform": {"All_Weights": {"Categorical_Variables": {}, "Numerical_Variables": {"bpf_cpu_time_ms": {"scale": 7439.84047830315}, "bpf_page_cache_hit": {"scale": 1.0}}, "CurveFit_Weights": [467197.4038234867, 0.00021917834998798816, -467189.8053851764]}}}