{"platform": {"All_Weights": {"Categorical_Variables": {}, "Numerical_Variables": {"bpf_cpu_time_ms": {"scale": 60918.94975242429}, "bpf_page_cache_hit": {"scale": 1.0}}, "CurveFit_Weights": [318331.75289663253, 0.0005921994103103693, -318314.43272903055]}}}