{"platform": {"All_Weights": {"Categorical_Variables": {}, "Numerical_Variables": {"bpf_cpu_time_ms": {"scale": 128000.0}, "bpf_page_cache_hit": {"scale": 1.0}}, "CurveFit_Weights": [1052259.5178218728, 0.00025440858069274613, -1052198.1258713186]}}}