{"platform": {"All_Weights": {"Categorical_Variables": {}, "Numerical_Variables": {"bpf_cpu_time_ms": {"scale": 64000.0}, "bpf_page_cache_hit": {"scale": 1.0}}, "CurveFit_Weights": [3106.3981240589374, 0.054900229614604806, -3090.3559625935327]}}}