{"platform": {"All_Weights": {"Categorical_Variables": {}, "Numerical_Variables": {"bpf_cpu_time_ms": {"scale": 3993.6151229890447}, "bpf_page_cache_hit": {"scale": 1.0}}, "CurveFit_Weights": [367.75594380660203, 0.09750229732574055, -367.06316735368887]}}}