{"platform": {"All_Weights": {"Categorical_Variables": {}, "Numerical_Variables": {"bpf_cpu_time_ms": {"scale": 5844.0770505581}, "bpf_page_cache_hit": {"scale": 1.0}}, "CurveFit_Weights": [12.01538961920133, 1.6292680254328769, -10.48406880237534]}}}