{"platform": {"All_Weights": {"Categorical_Variables": {}, "Numerical_Variables": {"bpf_cpu_time_ms": {"scale": 88027.16113554429}, "bpf_page_cache_hit": {"scale": 1.0}}, "CurveFit_Weights": [648370.6601556977, 0.0002393651404297221, -648353.6750292268]}}}