{"platform": {"All_Weights": {"Categorical_Variables": {}, "Numerical_Variables": {"bpf_cpu_time_ms": {"scale": 96000.0}, "bpf_page_cache_hit": {"scale": 1.0}}, "CurveFit_Weights": [626229.3655311816, 0.0004280251035193633, -626201.0058218957]}}}