{"platform": {"All_Weights": {"Categorical_Variables": {}, "Numerical_Variables": {"bpf_cpu_time_ms": {"scale": 36000.0}, "bpf_page_cache_hit": {"scale": 1.0}}, "CurveFit_Weights": [182.42805173263764, 0.9008226747465283, -157.5863353648411]}}}