{"platform": {"All_Weights": {"Categorical_Variables": {}, "Numerical_Variables": {"bpf_cpu_time_ms": {"scale": 5411.437750155175}, "bpf_page_cache_hit": {"scale": 1.0}}, "CurveFit_Weights": [6614.275163126066, 0.005256648346583499, -6614.495006353226]}}}