{"platform": {"All_Weights": {"Categorical_Variables": {}, "Numerical_Variables": {"bpf_cpu_time_ms": {"scale": 5021.748377823349}, "bpf_page_cache_hit": {"scale": 1.0}}, "CurveFit_Weights": [16.95408123982826, 1.227866956383182, -15.276885637933962]}}}