{"platform": {"All_Weights": {"Categorical_Variables": {}, "Numerical_Variables": {"bpf_cpu_time_ms": {"scale": 7936.033940217869}, "bpf_page_cache_hit": {"scale": 1.0}}, "CurveFit_Weights": [469836.81383987237, 0.0002800751192427666, -469830.8190724744]}}}