{"platform": {"All_Weights": {"Categorical_Variables": {}, "Numerical_Variables": {"bpf_cpu_time_ms": {"scale": 64000.0}, "bpf_page_cache_hit": {"scale": 1.0}}, "CurveFit_Weights": [59.35580783509105, 1.7201453069747694, -32.521558180301426]}}}