{"platform": {"All_Weights": {"Categorical_Variables": {}, "Numerical_Variables": {"bpf_cpu_time_ms": {"scale": 2000.0}, "bpf_page_cache_hit": {"scale": 1.0}}, "CurveFit_Weights": [381.6349369105527, 0.06368380076777706, -380.71413385863275]}}}