{"platform": {"All_Weights": {"Categorical_Variables": {}, "Numerical_Variables": {"bpf_cpu_time_ms": {"scale": 14919.755315761702}, "bpf_page_cache_hit": {"scale": 1.0}}, "CurveFit_Weights": [880053.8878705986, 0.0002660224206573136, -880044.4625913977]}}}