{"platform": {"All_Weights": {"Categorical_Variables": {}, "Numerical_Variables": {"bpf_cpu_time_ms": {"scale": 91697.64372723806}, "bpf_page_cache_hit": {"scale": 1.0}}, "CurveFit_Weights": [310099.26659566426, 0.00043050504879540156, -310091.0499756322]}}}