{"platform": {"All_Weights": {"Categorical_Variables": {}, "Numerical_Variables": {"bpf_cpu_time_ms": {"scale": 31925.897866027408}, "bpf_page_cache_hit": {"scale": 1.0}}, "CurveFit_Weights": [216.66102943500726, 0.9657402371650676, -206.50293285278636]}}}