{"platform": {"All_Weights": {"Categorical_Variables": {}, "Numerical_Variables": {"bpf_cpu_time_ms": {"scale": 42069.225518943385}, "bpf_page_cache_hit": {"scale": 1.0}}, "CurveFit_Weights": [237.2401209220935, 0.6485427317218434, -221.41726095111542]}}}