{"platform": {"All_Weights": {"Categorical_Variables": {}, "Numerical_Variables": {"bpf_cpu_time_ms": {"scale": 7999.999999999999}, "bpf_page_cache_hit": {"scale": 1.0}}, "CurveFit_Weights": [287414.4234626772, 0.0002494017499421636, -287410.3386570517]}}}