{"platform": {"All_Weights": {"Categorical_Variables": {}, "Numerical_Variables": {"bpf_cpu_time_ms": {"scale": 1191.7196470588235}, "bpf_page_cache_hit": {"scale": 1.0}}, "CurveFit_Weights": [74.52260335160075, 1.0403419337444995, -74.08486064516367]}}}