{"platform": {"All_Weights": {"Categorical_Variables": {}, "Numerical_Variables": {"bpf_cpu_time_ms": {"scale": 15999.999999999998}, "bpf_page_cache_hit": {"scale": 1.0}}, "CurveFit_Weights": [53.74736212063307, 0.9581991468374084, -50.2824743782445]}}}