{"platform": {"All_Weights": {"Categorical_Variables": {}, "Numerical_Variables": {"bpf_cpu_time_ms": {"scale": 7776.295273240703}, "bpf_page_cache_hit": {"scale": 1.0}}, "CurveFit_Weights": [424354.6936454398, 0.0002418479753693545, -424349.0292689943]}}}