{"platform": {"All_Weights": {"Categorical_Variables": {}, "Numerical_Variables": {"bpf_cpu_time_ms": {"scale": 28000.0}, "bpf_page_cache_hit": {"scale": 1.0}}, "CurveFit_Weights": [135.2523010167741, 0.8153887079717431, -123.88595090585274]}}}