{"platform": {"All_Weights": {"Categorical_Variables": {}, "Numerical_Variables": {"bpf_cpu_time_ms": {"scale": 60485.09023690227}, "bpf_page_cache_hit": {"scale": 1.0}}, "CurveFit_Weights": [2128142.2401901106, 0.00021333301040112908, -2128102.495072124]}}}