{"platform": {"All_Weights": {"Categorical_Variables": {}, "Numerical_Variables": {"bpf_cpu_time_ms": {"scale": 64489.710503488335}, "bpf_page_cache_hit": {"scale": 1.0}}, "CurveFit_Weights": [142.95954154347123, 1.1545655691755803, -119.36297157873362]}}}