{"platform": {"All_Weights": {"Categorical_Variables": {}, "Numerical_Variables": {"bpf_cpu_time_ms": {"scale": 17846.648192714154}, "bpf_page_cache_hit": {"scale": 1.0}}, "CurveFit_Weights": [700434.8440757775, 0.00020718473524677263, -700406.8333684084]}}}