{"platform": {"All_Weights": {"Categorical_Variables": {}, "Numerical_Variables": {"bpf_cpu_time_ms": {"scale": 7830.336671472549}, "bpf_page_cache_hit": {"scale": 1.0}}, "CurveFit_Weights": [536903.8709880202, 0.0002125163987818485, -536898.9827836293]}}}