{"platform": {"All_Weights": {"Categorical_Variables": {}, "Numerical_Variables": {"bpf_cpu_time_ms": {"scale": 6294.764546115604}, "bpf_page_cache_hit": {"scale": 1.0}}, "CurveFit_Weights": [302743.2886909679, 0.00022519341654367599, -302730.9034956882]}}}