{"platform": {"All_Weights": {"Categorical_Variables": {}, "Numerical_Variables": {"bpf_cpu_time_ms": {"scale": 60255.11204245108}, "bpf_page_cache_hit": {"scale": 1.0}}, "CurveFit_Weights": [2513685.1235287045, 0.00021104808398991935, -2513619.7103486843]}}}