{"platform": {"All_Weights": {"Categorical_Variables": {}, "Numerical_Variables": {"bpf_cpu_time_ms": {"scale": 44870.63732885999}, "bpf_page_cache_hit": {"scale": 1.0}}, "CurveFit_Weights": [585586.2706051313, 0.0004616437354214003, -585566.4275354444]}}}