{"platform": {"All_Weights": {"Categorical_Variables": {}, "Numerical_Variables": {"bpf_cpu_time_ms": {"scale": 26581.429964931}, "bpf_page_cache_hit": {"scale": 1.0}}, "CurveFit_Weights": [151.76288134967865, 0.7412859601406262, -145.11011828716374]}}}