{"platform": {"All_Weights": {"Categorical_Variables": {}, "Numerical_Variables": {"bpf_cpu_time_ms": {"scale": 3199.300811410386}, "bpf_page_cache_hit": {"scale": 1.0}}, "CurveFit_Weights": [69.83635546485026, 0.8115632775266912, -66.55411177641945]}}}