{"platform": {"All_Weights": {"Categorical_Variables": {}, "Numerical_Variables": {"bpf_cpu_time_ms": {"scale": 2819.757230176628}, "bpf_page_cache_hit": {"scale": 1.0}}, "CurveFit_Weights": [34.33134037132145, 1.2509999711668958, -29.10623865477485]}}}