{"platform": {"All_Weights": {"Categorical_Variables": {}, "Numerical_Variables": {"bpf_cpu_time_ms": {"scale": 24127.315010142676}, "bpf_page_cache_hit": {"scale": 1.0}}, "CurveFit_Weights": [220.22850968787517, 0.4708484768239056, -208.8354411844367]}}}