{"platform": {"All_Weights": {"Categorical_Variables": {}, "Numerical_Variables": {"bpf_cpu_time_ms": {"scale": 178369.2742841906}, "bpf_page_cache_hit": {"scale": 1.0}}, "CurveFit_Weights": [456718.7747937345, 0.0008022567735437096, -456680.99936098466]}}}