{"platform": {"All_Weights": {"Categorical_Variables": {}, "Numerical_Variables": {"bpf_cpu_time_ms": {"scale": 5205.89267331144}, "bpf_page_cache_hit": {"scale": 1.0}}, "CurveFit_Weights": [41.03846206327065, 0.6964125825582326, -40.242359097818166]}}}