{"platform": {"All_Weights": {"Categorical_Variables": {}, "Numerical_Variables": {"bpf_cpu_time_ms": {"scale": 44000.0}, "bpf_page_cache_hit": {"scale": 1.0}}, "CurveFit_Weights": [750.6296812555638, 0.23444193655011003, -736.9885004283874]}}}