{"platform": {"All_Weights": {"Categorical_Variables": {}, "Numerical_Variables": {"bpf_cpu_time_ms": {"scale": 131946.5742994043}, "bpf_page_cache_hit": {"scale": 1.0}}, "CurveFit_Weights": [447.46126723790445, 0.9988329824645964, -383.82901935155894]}}}