{"platform": {"All_Weights": {"Categorical_Variables": {}, "Numerical_Variables": {"bpf_cpu_time_ms": {"scale": 46581.14988928136}, "bpf_page_cache_hit": {"scale": 1.0}}, "CurveFit_Weights": [1049542.3071213446, 0.0003432304273845929, -1049512.6883859697]}}}