{"platform": {"All_Weights": {"Categorical_Variables": {}, "Numerical_Variables": {"bpf_cpu_time_ms": {"scale": 8675.858443717963}, "bpf_page_cache_hit": {"scale": 1.0}}, "CurveFit_Weights": [37.96678593807748, 1.3418149670510158, -36.52987748616498]}}}