{"platform": {"All_Weights": {"Categorical_Variables": {}, "Numerical_Variables": {"bpf_cpu_time_us": {"scale": 120000000.0}, "bpf_page_cache_hit": {"scale": 1.0}}, "CurveFit_Weights": [220.27795507227427, 1.3637452652953719, -174.19854195231656]}}}