{"platform": {"All_Weights": {"Categorical_Variables": {}, "Numerical_Variables": {"bpf_cpu_time_ms": {"scale": 181557.8349847757}, "bpf_page_cache_hit": {"scale": 1.0}}, "CurveFit_Weights": [124.91877429447159, 1.0911322954303497, -65.15756223803317]}}}