{"platform": {"All_Weights": {"Categorical_Variables": {}, "Numerical_Variables": {"bpf_cpu_time_ms": {"scale": 43603.38188732946}, "bpf_page_cache_hit": {"scale": 1.0}}, "CurveFit_Weights": [125.27664464094758, 1.2633777685232546, -100.84690032390029]}}}