{"platform": {"All_Weights": {"Categorical_Variables": {}, "Numerical_Variables": {"bpf_cpu_time_ms": {"scale": 9376.317369789203}, "bpf_page_cache_hit": {"scale": 1.0}}, "CurveFit_Weights": [537893.3125928709, 0.0003090746482101738, -537876.1470805166]}}}