{"platform": {"All_Weights": {"Categorical_Variables": {}, "Numerical_Variables": {"bpf_cpu_time_ms": {"scale": 22966.21696880917}, "bpf_page_cache_hit": {"scale": 1.0}}, "CurveFit_Weights": [73.7228151139028, 1.1510960441913047, -59.79155694280895]}}}