{"platform": {"All_Weights": {"Categorical_Variables": {}, "Numerical_Variables": {"bpf_cpu_time_ms": {"scale": 28000.0}, "bpf_page_cache_hit": {"scale": 1.0}}, "CurveFit_Weights": [119.47932176766716, 0.8922570562386457, -109.94450123737333]}}}