{"platform": {"All_Weights": {"Categorical_Variables": {}, "Numerical_Variables": {"bpf_cpu_time_ms": {"scale": 106886.0491330044}, "bpf_page_cache_hit": {"scale": 1.0}}, "CurveFit_Weights": [94.62286618182978, 1.7453133006020407, -54.25137158170052]}}}