{"platform": {"All_Weights": {"Categorical_Variables": {}, "Numerical_Variables": {"bpf_cpu_time_ms": {"scale": 5021.748377823349}, "bpf_page_cache_hit": {"scale": 1.0}}, "CurveFit_Weights": [229740.20986592316, 0.00017349818116349389, -1.5870554287900014]}}}