{"platform": {"All_Weights": {"Categorical_Variables": {}, "Numerical_Variables": {"bpf_cpu_time_ms": {"scale": 7817.318424135709}, "bpf_page_cache_hit": {"scale": 1.0}}, "CurveFit_Weights": [84.567752609155, 2.0163109471238045, -0.1803294089119117]}}}