{"platform": {"All_Weights": {"Categorical_Variables": {}, "Numerical_Variables": {"bpf_cpu_time_ms": {"scale": 62554.10831676641}, "bpf_page_cache_hit": {"scale": 1.0}}, "CurveFit_Weights": [825.1495195058042, 0.1913668755201008, 9.11693303013433]}}}