{"platform": {"All_Weights": {"Categorical_Variables": {}, "Numerical_Variables": {"bpf_cpu_time_ms": {"scale": 517.8404152026453}, "bpf_page_cache_hit": {"scale": 1.0}}, "CurveFit_Weights": [348.68348547428195, 0.20516354072957332, -0.5418228719714347]}}}