{"platform": {"All_Weights": {"Categorical_Variables": {}, "Numerical_Variables": {"bpf_cpu_time_ms": {"scale": 58806.30364562414}, "bpf_page_cache_hit": {"scale": 1.0}}, "CurveFit_Weights": [800798.334353435, 0.000277929916484725, 17.152358153726492]}}}