{"platform": {"All_Weights": {"Categorical_Variables": {}, "Numerical_Variables": {"bpf_cpu_time_ms": {"scale": 19577.971491921595}, "bpf_page_cache_hit": {"scale": 1.0}}, "CurveFit_Weights": [991582.3499723931, 0.00020313252133727212, -7.658193690672308]}}}