{"platform": {"All_Weights": {"Categorical_Variables": {}, "Numerical_Variables": {"bpf_cpu_time_ms": {"scale": 27540.500371841736}, "bpf_page_cache_hit": {"scale": 1.0}}, "CurveFit_Weights": [1932269.764769277, 0.00021285121828410752, -12.020110225567699]}}}