{"platform": {"All_Weights": {"Categorical_Variables": {}, "Numerical_Variables": {"bpf_cpu_time_ms": {"scale": 3904.324074254532}, "bpf_page_cache_hit": {"scale": 1.0}}, "CurveFit_Weights": [148314.65876495442, 0.00023986307891136935, -2.699320588804312]}}}