{"platform": {"All_Weights": {"Categorical_Variables": {}, "Numerical_Variables": {"bpf_cpu_time_ms": {"scale": 139311.08133376986}, "bpf_page_cache_hit": {"scale": 1.0}}, "CurveFit_Weights": [2909370.0184452576, 0.0002776167739938773, 6.475443351862411]}}}