{"platform": {"All_Weights": {"Categorical_Variables": {}, "Numerical_Variables": {"bpf_cpu_time_ms": {"scale": 9376.317369789203}, "bpf_page_cache_hit": {"scale": 1.0}}, "CurveFit_Weights": [721.6268998338431, 0.2583257155923966, 13.619962649368734]}}}