{"platform": {"All_Weights": {"Categorical_Variables": {}, "Numerical_Variables": {"bpf_cpu_time_ms": {"scale": 60142.45087411303}, "bpf_page_cache_hit": {"scale": 1.0}}, "CurveFit_Weights": [782358.9194913675, 0.0003252212174030661, 9.720710347269963]}}}