{"platform": {"All_Weights": {"Categorical_Variables": {}, "Numerical_Variables": {"bpf_cpu_time_ms": {"scale": 48000.0}, "bpf_page_cache_hit": {"scale": 1.0}}, "CurveFit_Weights": [1238.134380550222, 0.26907420944684757, 37.942135584325186]}}}