{"platform": {"All_Weights": {"Categorical_Variables": {}, "Numerical_Variables": {"bpf_cpu_time_ms": {"scale": 35517.81498820345}, "bpf_page_cache_hit": {"scale": 1.0}}, "CurveFit_Weights": [772106.9161824338, 0.00024037175660767513, -0.5067814550032272]}}}