{"platform": {"All_Weights": {"Categorical_Variables": {}, "Numerical_Variables": {"bpf_cpu_time_ms": {"scale": 366165.1097317527}, "bpf_page_cache_hit": {"scale": 1.0}}, "CurveFit_Weights": [481519.58636192203, 0.0011712746305940916, 42.317011933648274]}}}