{"platform": {"All_Weights": {"Categorical_Variables": {}, "Numerical_Variables": {"bpf_cpu_time_ms": {"scale": 62562.32596287884}, "bpf_page_cache_hit": {"scale": 1.0}}, "CurveFit_Weights": [126.44464439824668, 3.4392079457526052, 10.065408059161955]}}}