{"platform": {"All_Weights": {"Categorical_Variables": {}, "Numerical_Variables": {"bpf_cpu_time_ms": {"scale": 12626.381749265036}, "bpf_page_cache_hit": {"scale": 1.0}}, "CurveFit_Weights": [243.94273967789675, 1.0933564100474977, 8.614457734161455]}}}