{"platform": {"All_Weights": {"Categorical_Variables": {}, "Numerical_Variables": {"bpf_cpu_time_ms": {"scale": 83841.27702040575}, "bpf_page_cache_hit": {"scale": 1.0}}, "CurveFit_Weights": [1756149.0693225008, 0.00023713715531422595, -20.517639724621827]}}}