{"platform": {"All_Weights": {"Categorical_Variables": {}, "Numerical_Variables": {"bpf_cpu_time_ms": {"scale": 62220.12205709674}, "bpf_page_cache_hit": {"scale": 1.0}}, "CurveFit_Weights": [1208806.318434037, 0.0002632977562473207, 9.086480981471503]}}}