{"platform": {"All_Weights": {"Categorical_Variables": {}, "Numerical_Variables": {"bpf_cpu_time_ms": {"scale": 64000.0}, "bpf_page_cache_hit": {"scale": 1.0}}, "CurveFit_Weights": [147196.89492693968, 0.000592741012798832, 15.292467293972171]}}}