{"platform": {"All_Weights": {"Categorical_Variables": {}, "Numerical_Variables": {"bpf_cpu_time_ms": {"scale": 16245.749437434137}, "bpf_page_cache_hit": {"scale": 1.0}}, "CurveFit_Weights": [852746.9500254336, 0.0002336747384836597, -4.740105264777176]}}}