{"platform": {"All_Weights": {"Categorical_Variables": {}, "Numerical_Variables": {"bpf_cpu_time_ms": {"scale": 5584.737451333462}, "bpf_page_cache_hit": {"scale": 1.0}}, "CurveFit_Weights": [243147.6524492812, 0.0002318356321134626, -4.355257044696416]}}}