{"platform": {"All_Weights": {"Categorical_Variables": {}, "Numerical_Variables": {"bpf_cpu_time_ms": {"scale": 5411.437750155175}, "bpf_page_cache_hit": {"scale": 1.0}}, "CurveFit_Weights": [6674.547589119371, 0.005275541585663712, -0.3034359809962101]}}}