{"platform": {"All_Weights": {"Categorical_Variables": {}, "Numerical_Variables": {"bpf_cpu_time_ms": {"scale": 7786.193874103079}, "bpf_page_cache_hit": {"scale": 1.0}}, "CurveFit_Weights": [39.61317722756703, 2.896178431314194, -1.2425019190579385]}}}