{"platform": {"All_Weights": {"Categorical_Variables": {}, "Numerical_Variables": {"bpf_cpu_time_ms": {"scale": 12287.380895322896}, "bpf_page_cache_hit": {"scale": 1.0}}, "CurveFit_Weights": [671605.6172291741, 0.0002536175205667444, -2.619710915555387]}}}