{"platform": {"All_Weights": {"Categorical_Variables": {}, "Numerical_Variables": {"bpf_cpu_time_ms": {"scale": 84981.7566906198}, "bpf_page_cache_hit": {"scale": 1.0}}, "CurveFit_Weights": [1026313.4898457141, 0.0003454936369120911, -3.6010208673509028]}}}