{"platform": {"All_Weights": {"Categorical_Variables": {}, "Numerical_Variables": {"bpf_cpu_time_ms": {"scale": 248616.7104288696}, "bpf_page_cache_hit": {"scale": 1.0}}, "CurveFit_Weights": [1075001.0540855816, 0.00024838385477528096, -1.111862579884638]}}}