{"platform": {"All_Weights": {"Categorical_Variables": {}, "Numerical_Variables": {"bpf_cpu_time_ms": {"scale": 63754.78986321015}, "bpf_page_cache_hit": {"scale": 1.0}}, "CurveFit_Weights": [764839.3596822877, 0.0003333189204666244, 10.874888563601987]}}}