{"platform": {"All_Weights": {"Categorical_Variables": {}, "Numerical_Variables": {"bpf_cpu_time_ms": {"scale": 103617.1089641578}, "bpf_page_cache_hit": {"scale": 1.0}}, "CurveFit_Weights": [2504423.6942077707, 0.00030334475559707334, 33.3631292105939]}}}