{"platform": {"All_Weights": {"Categorical_Variables": {}, "Numerical_Variables": {"bpf_cpu_time_ms": {"scale": 25731.422248118502}, "bpf_page_cache_hit": {"scale": 1.0}}, "CurveFit_Weights": [1073254.5347000267, 0.00043294616923206995, -7.776749392130886]}}}