{"platform": {"All_Weights": {"Categorical_Variables": {}, "Numerical_Variables": {"bpf_cpu_time_ms": {"scale": 46581.14988928136}, "bpf_page_cache_hit": {"scale": 1.0}}, "CurveFit_Weights": [1168.4868294309651, 0.36496552949179223, 19.6287871355932]}}}