{"platform": {"All_Weights": {"Categorical_Variables": {}, "Numerical_Variables": {"bpf_cpu_time_ms": {"scale": 22966.21696880917}, "bpf_page_cache_hit": {"scale": 1.0}}, "CurveFit_Weights": [597882.1282455196, 0.00027606060132337034, 0.9019718684102047]}}}