{"platform": {"All_Weights": {"Categorical_Variables": {}, "Numerical_Variables": {"bpf_cpu_time_ms": {"scale": 256000.0}, "bpf_page_cache_hit": {"scale": 1.0}}, "CurveFit_Weights": [2117834.266231298, 0.00033595080124025666, 27.132849084412804]}}}