{"platform": {"All_Weights": {"Categorical_Variables": {}, "Numerical_Variables": {"bpf_cpu_time_ms": {"scale": 256000.0}, "bpf_page_cache_hit": {"scale": 1.0}}, "CurveFit_Weights": [2696268.6691312296, 0.0002773391866746057, -5.614316659289473]}}}