{"platform": {"All_Weights": {"Categorical_Variables": {}, "Numerical_Variables": {"bpf_cpu_time_ms": {"scale": 4083.905126452332}, "bpf_page_cache_hit": {"scale": 1.0}}, "CurveFit_Weights": [235912.94088477208, 0.0002354803640248337, -2.7071384438730353]}}}