{"platform": {"All_Weights": {"Categorical_Variables": {}, "Numerical_Variables": {"bpf_cpu_time_ms": {"scale": 47804.24404558129}, "bpf_page_cache_hit": {"scale": 1.0}}, "CurveFit_Weights": [1229842.7601099864, 0.0006318883030200375, -11.177554701119584]}}}