{"platform": {"All_Weights": {"Categorical_Variables": {}, "Numerical_Variables": {"bpf_cpu_time_ms": {"scale": 9683.905086357803}, "bpf_page_cache_hit": {"scale": 1.0}}, "CurveFit_Weights": [120.48680745059647, 1.584807690078646, 5.93741795836353]}}}