{"platform": {"All_Weights": {"Categorical_Variables": {}, "Numerical_Variables": {"bpf_cpu_time_ms": {"scale": 131946.5742994043}, "bpf_page_cache_hit": {"scale": 1.0}}, "CurveFit_Weights": [3299532.7399919033, 0.0002286358521995564, 3.6592543728481832]}}}