{"platform": {"All_Weights": {"Categorical_Variables": {}, "Numerical_Variables": {"bpf_cpu_time_ms": {"scale": 178369.2742841906}, "bpf_page_cache_hit": {"scale": 1.0}}, "CurveFit_Weights": [2016.2866029633412, 0.2024973957011752, 32.42596392128501]}}}