{"platform": {"All_Weights": {"Categorical_Variables": {}, "Numerical_Variables": {"bpf_cpu_time_ms": {"scale": 20788.169469824566}, "bpf_page_cache_hit": {"scale": 1.0}}, "CurveFit_Weights": [284577.9811998796, 0.00027510090802822034, 0.43589864395036254]}}}