{"platform": {"All_Weights": {"Categorical_Variables": {}, "Numerical_Variables": {"bpf_cpu_time_ms": {"scale": 377176.0954705064}, "bpf_page_cache_hit": {"scale": 1.0}}, "CurveFit_Weights": [1086681.1602755347, 0.0004872339704820482, 39.42686154122173]}}}