{"platform": {"All_Weights": {"Categorical_Variables": {}, "Numerical_Variables": {"bpf_cpu_time_ms": {"scale": 9643.989541498406}, "bpf_page_cache_hit": {"scale": 1.0}}, "CurveFit_Weights": [87515.45088773874, 0.001846300945035835, 13.548697963693611]}}}