{"platform": {"All_Weights": {"Categorical_Variables": {}, "Numerical_Variables": {"bpf_cpu_time_ms": {"scale": 2819.757230176628}, "bpf_page_cache_hit": {"scale": 1.0}}, "CurveFit_Weights": [486537.58983797475, 0.00017216899980117877, -1.977806032310782]}}}