{"platform": {"All_Weights": {"Categorical_Variables": {}, "Numerical_Variables": {"bpf_cpu_time_ms": {"scale": 22187.48720962846}, "bpf_page_cache_hit": {"scale": 1.0}}, "CurveFit_Weights": [947.959922570268, 0.5918701847704301, -28.582916122053806]}}}