{"platform": {"All_Weights": {"Categorical_Variables": {}, "Numerical_Variables": {"bpf_cpu_time_ms": {"scale": 86152.81176482502}, "bpf_page_cache_hit": {"scale": 1.0}}, "CurveFit_Weights": [98.97993709242577, 3.7007814402425625, 0.6577404031207327]}}}