{"platform": {"All_Weights": {"Categorical_Variables": {}, "Numerical_Variables": {"bpf_cpu_time_ms": {"scale": 9359.23061950746}, "bpf_page_cache_hit": {"scale": 1.0}}, "CurveFit_Weights": [424395.9566027969, 0.00028766893116764254, 13.33403753753245]}}}