{"platform": {"All_Weights": {"Categorical_Variables": {}, "Numerical_Variables": {"bpf_cpu_time_ms": {"scale": 26998.00843269873}, "bpf_page_cache_hit": {"scale": 1.0}}, "CurveFit_Weights": [434286.179932893, 0.0003280654169697719, 0.4475553909278666]}}}