{"platform": {"All_Weights": {"Categorical_Variables": {}, "Numerical_Variables": {"bpf_cpu_time_ms": {"scale": 7936.033940217869}, "bpf_page_cache_hit": {"scale": 1.0}}, "CurveFit_Weights": [445.50939811550086, 0.3499883134067494, 2.893942193323936]}}}