{"platform": {"All_Weights": {"Categorical_Variables": {}, "Numerical_Variables": {"bpf_cpu_time_ms": {"scale": 91705.25318267434}, "bpf_page_cache_hit": {"scale": 1.0}}, "CurveFit_Weights": [1433518.958270893, 0.0003585459694150042, 17.407492963785064]}}}