{"platform": {"All_Weights": {"Categorical_Variables": {}, "Numerical_Variables": {"bpf_cpu_time_ms": {"scale": 64489.710503488335}, "bpf_page_cache_hit": {"scale": 1.0}}, "CurveFit_Weights": [1684374.7458088787, 0.0001847033935850102, -3.1582673503766046]}}}