{"platform": {"All_Weights": {"Categorical_Variables": {}, "Numerical_Variables": {"bpf_cpu_time_ms": {"scale": 121806.69444265492}, "bpf_page_cache_hit": {"scale": 1.0}}, "CurveFit_Weights": [1131904.9374656773, 0.00047380527873108915, 25.560869836819133]}}}