{"platform": {"All_Weights": {"Categorical_Variables": {}, "Numerical_Variables": {"bpf_cpu_time_ms": {"scale": 70059.57343396125}, "bpf_page_cache_hit": {"scale": 1.0}}, "CurveFit_Weights": [1319445.5125080678, 0.00020930550264608382, 7.157356730901854]}}}