{"platform": {"All_Weights": {"Categorical_Variables": {}, "Numerical_Variables": {"bpf_cpu_time_ms": {"scale": 30944.280385349644}, "bpf_page_cache_hit": {"scale": 1.0}}, "CurveFit_Weights": [1098.7036898623678, 0.3587979582149416, 12.257655264910737]}}}