{"platform": {"All_Weights": {"Categorical_Variables": {}, "Numerical_Variables": {"bpf_cpu_time_ms": {"scale": 69329.2902154432}, "bpf_page_cache_hit": {"scale": 1.0}}, "CurveFit_Weights": [2697853.882076453, 0.00013984075089968674, 2.8692502692262174]}}}