{"platform": {"All_Weights": {"Categorical_Variables": {}, "Numerical_Variables": {"bpf_cpu_time_ms": {"scale": 168340.9558076504}, "bpf_page_cache_hit": {"scale": 1.0}}, "CurveFit_Weights": [143.95913590910322, 6.220584174886666, 11.470438616664268]}}}