{"platform": {"All_Weights": {"Categorical_Variables": {}, "Numerical_Variables": {"bpf_cpu_time_ms": {"scale": 17321.456899548728}, "bpf_page_cache_hit": {"scale": 1.0}}, "CurveFit_Weights": [969502.5738261978, 0.00018632834108729362, -7.062161890547121]}}}