{"platform": {"All_Weights": {"Categorical_Variables": {}, "Numerical_Variables": {"bpf_cpu_time_ms": {"scale": 45672.76449936964}, "bpf_page_cache_hit": {"scale": 1.0}}, "CurveFit_Weights": [790393.0881724374, 0.00033398427419232857, 11.197585911303838]}}}