{"platform": {"All_Weights": {"Categorical_Variables": {}, "Numerical_Variables": {"bpf_cpu_time_ms": {"scale": 9139.21516131371}, "bpf_page_cache_hit": {"scale": 1.0}}, "CurveFit_Weights": [10978.490591155778, 0.015167950056470298, 14.265458763087393]}}}