{"platform": {"All_Weights": {"Categorical_Variables": {}, "Numerical_Variables": {"bpf_cpu_time_ms": {"scale": 879015.6020753974}, "bpf_page_cache_hit": {"scale": 1.0}}, "CurveFit_Weights": [11975559.175735593, 0.00024073418794605758, -398.60405951952794]}}}