{"platform": {"All_Weights": {"Categorical_Variables": {}, "Numerical_Variables": {"bpf_cpu_time_ms": {"scale": 71847.68616718204}, "bpf_page_cache_hit": {"scale": 1.0}}, "CurveFit_Weights": [530042.3041512234, 0.0005246706277505788, 12.844695075691261]}}}