{"platform": {"All_Weights": {"Categorical_Variables": {}, "Numerical_Variables": {"bpf_cpu_time_ms": {"scale": 26581.429964931}, "bpf_page_cache_hit": {"scale": 1.0}}, "CurveFit_Weights": [632670.3315377195, 0.0002564208833683005, 0.6938576783948477]}}}