{"platform": {"All_Weights": {"Categorical_Variables": {}, "Numerical_Variables": {"bpf_cpu_time_ms": {"scale": 104000.0}, "bpf_page_cache_hit": {"scale": 1.0}}, "CurveFit_Weights": [1148262.4091177068, 0.0002933210859638696, -4.145637540095072]}}}