{"platform": {"All_Weights": {"Categorical_Variables": {}, "Numerical_Variables": {"bpf_cpu_time_ms": {"scale": 62818.50860523909}, "bpf_page_cache_hit": {"scale": 1.0}}, "CurveFit_Weights": [249175.80517125843, 0.0006384619775648247, 11.95726921551149]}}}