{"platform": {"All_Weights": {"Categorical_Variables": {}, "Numerical_Variables": {"bpf_cpu_time_ms": {"scale": 24848.028676254668}, "bpf_page_cache_hit": {"scale": 1.0}}, "CurveFit_Weights": [553.0744645831536, 0.8892243896257127, 16.827060051972648]}}}