{"platform": {"All_Weights": {"Categorical_Variables": {}, "Numerical_Variables": {"bpf_cpu_time_ms": {"scale": 2311.0444362442263}, "bpf_page_cache_hit": {"scale": 1.0}}, "CurveFit_Weights": [584259.3671760192, 0.0002690140719455529, -4.732647563109963]}}}