{"platform": {"All_Weights": {"Categorical_Variables": {}, "Numerical_Variables": {"bpf_cpu_time_ms": {"scale": 142659.4963171837}, "bpf_page_cache_hit": {"scale": 1.0}}, "CurveFit_Weights": [1713658.6653390995, 0.0003140573374538197, 19.40485214696356]}}}