{"platform": {"All_Weights": {"Categorical_Variables": {}, "Numerical_Variables": {"bpf_cpu_time_ms": {"scale": 101742.52438402848}, "bpf_page_cache_hit": {"scale": 1.0}}, "CurveFit_Weights": [76775.53629687314, 0.0019058777677372488, 6.762536747987906]}}}