{"platform": {"All_Weights": {"Categorical_Variables": {}, "Numerical_Variables": {"bpf_cpu_time_ms": {"scale": 17846.648192714154}, "bpf_page_cache_hit": {"scale": 1.0}}, "CurveFit_Weights": [84.65771082766072, 5.255476453651043, 2.5976049762861497]}}}