{"platform": {"All_Weights": {"Categorical_Variables": {}, "Numerical_Variables": {"bpf_cpu_time_ms": {"scale": 3698.3724897663774}, "bpf_page_cache_hit": {"scale": 1.0}}, "CurveFit_Weights": [84.95957021226967, 0.7662883231017936, -0.4463649792938644]}}}