{"platform": {"All_Weights": {"Categorical_Variables": {}, "Numerical_Variables": {"bpf_cpu_time_ms": {"scale": 95382.02941206252}, "bpf_page_cache_hit": {"scale": 1.0}}, "CurveFit_Weights": [1484631.4027364142, 0.0002669717871159748, 40.859695517589195]}}}