{"platform": {"All_Weights": {"Categorical_Variables": {}, "Numerical_Variables": {"bpf_cpu_time_ms": {"scale": 23672.35623900929}, "bpf_page_cache_hit": {"scale": 1.0}}, "CurveFit_Weights": [626203.09287811, 0.0002076649556851202, 3.4528326825243023]}}}