{"platform": {"All_Weights": {"Categorical_Variables": {}, "Numerical_Variables": {"bpf_cpu_time_ms": {"scale": 40825.47251147187}, "bpf_page_cache_hit": {"scale": 1.0}}, "CurveFit_Weights": [616350.7329774142, 0.00032231003381839385, 6.508460366413411]}}}