{"platform": {"All_Weights": {"Categorical_Variables": {}, "Numerical_Variables": {"bpf_cpu_time_ms": {"scale": 4901.008238324463}, "bpf_page_cache_hit": {"scale": 1.0}}, "CurveFit_Weights": [135861.38001469502, 0.00022522422793084124, -0.6777505604897218]}}}