{"platform": {"All_Weights": {"Categorical_Variables": {}, "Numerical_Variables": {"bpf_cpu_time_ms": {"scale": 17168.853814174618}, "bpf_page_cache_hit": {"scale": 1.0}}, "CurveFit_Weights": [1266427.9814892833, 0.00015691336817770117, -16.66449616766493]}}}