{"platform": {"All_Weights": {"Categorical_Variables": {}, "Numerical_Variables": {"bpf_cpu_time_ms": {"scale": 6823.236964041063}, "bpf_page_cache_hit": {"scale": 1.0}}, "CurveFit_Weights": [98.84661074046764, 1.3104493022870634, -0.6232985646862828]}}}