{"platform": {"All_Weights": {"Categorical_Variables": {}, "Numerical_Variables": {"bpf_cpu_time_ms": {"scale": 5205.89267331144}, "bpf_page_cache_hit": {"scale": 1.0}}, "CurveFit_Weights": [177104.16303654018, 0.00022704387904276123, -0.9772117532309327]}}}