{"platform": {"All_Weights": {"Categorical_Variables": {}, "Numerical_Variables": {"bpf_cpu_time_ms": {"scale": 4000.0}, "bpf_page_cache_hit": {"scale": 1.0}}, "CurveFit_Weights": [1860.2032188873116, 0.05264118510657514, 0.5145095077814944]}}}