{"platform": {"All_Weights": {"Categorical_Variables": {}, "Numerical_Variables": {"bpf_cpu_time_ms": {"scale": 41143.90788093361}, "bpf_page_cache_hit": {"scale": 1.0}}, "CurveFit_Weights": [139.9736635279416, 0.9315443299650422, 6.025012801735646]}}}