{"platform": {"All_Weights": {"Categorical_Variables": {}, "Numerical_Variables": {"bpf_cpu_time_ms": {"scale": 6634.090855393506}, "bpf_page_cache_hit": {"scale": 1.0}}, "CurveFit_Weights": [158.74084957375226, 1.001516555070195, 5.988830531912077]}}}