{"platform": {"All_Weights": {"Categorical_Variables": {}, "Numerical_Variables": {"bpf_cpu_time_ms": {"scale": 181557.8349847757}, "bpf_page_cache_hit": {"scale": 1.0}}, "CurveFit_Weights": [308.8884172962893, 1.234969836650612, 13.66255543319126]}}}