{"platform": {"All_Weights": {"Categorical_Variables": {}, "Numerical_Variables": {"bpf_cpu_time_ms": {"scale": 48117.86426707801}, "bpf_page_cache_hit": {"scale": 1.0}}, "CurveFit_Weights": [321162.63913154666, 0.0006171913317479011, 11.996615275141124]}}}