{"platform": {"All_Weights": {"Categorical_Variables": {}, "Numerical_Variables": {"bpf_cpu_time_ms": {"scale": 6399.849809812918}, "bpf_page_cache_hit": {"scale": 1.0}}, "CurveFit_Weights": [221973.6416118856, 0.00016979095603884272, -2.6016050618188857]}}}