{"platform": {"All_Weights": {"Categorical_Variables": {}, "Numerical_Variables": {"bpf_cpu_time_ms": {"scale": 91697.64372723806}, "bpf_page_cache_hit": {"scale": 1.0}}, "CurveFit_Weights": [236793.56341865935, 0.0005283790514544793, 14.87074102585986]}}}