{"platform": {"All_Weights": {"Categorical_Variables": {}, "Numerical_Variables": {"bpf_cpu_time_ms": {"scale": 165116.76730582942}, "bpf_page_cache_hit": {"scale": 1.0}}, "CurveFit_Weights": [189.13626408932245, 3.781772275172318, 12.144647164773192]}}}