{"platform": {"All_Weights": {"Categorical_Variables": {}, "Numerical_Variables": {"bpf_cpu_time_ms": {"scale": 24089.26901877661}, "bpf_page_cache_hit": {"scale": 1.0}}, "CurveFit_Weights": [459659.3559692516, 0.0002911228938338339, 1.7145723074282344]}}}