{"platform": {"All_Weights": {"Categorical_Variables": {}, "Numerical_Variables": {"bpf_cpu_time_ms": {"scale": 7519.881128657864}, "bpf_page_cache_hit": {"scale": 1.0}}, "CurveFit_Weights": [373074.8069552599, 0.00022358113259740486, -1.4145073088425217]}}}