{"platform": {"All_Weights": {"Categorical_Variables": {}, "Numerical_Variables": {"bpf_cpu_time_ms": {"scale": 9637.798574736054}, "bpf_page_cache_hit": {"scale": 1.0}}, "CurveFit_Weights": [128.17882454562005, 1.4869182509645529, 3.216187627519104]}}}