{"platform": {"All_Weights": {"Categorical_Variables": {}, "Numerical_Variables": {"bpf_cpu_time_ms": {"scale": 8887.818374191296}, "bpf_page_cache_hit": {"scale": 1.0}}, "CurveFit_Weights": [537853.1130942587, 0.0002914384543567468, 9.17721430473124]}}}