{"platform": {"All_Weights": {"Categorical_Variables": {}, "Numerical_Variables": {"bpf_cpu_time_ms": {"scale": 206202.82993888325}, "bpf_page_cache_hit": {"scale": 1.0}}, "CurveFit_Weights": [4146747.5664889365, 0.0003693094626050419, 76.55124496627252]}}}