{"platform": {"All_Weights": {"Categorical_Variables": {}, "Numerical_Variables": {"bpf_cpu_time_ms": {"scale": 64390.04266710471}, "bpf_page_cache_hit": {"scale": 1.0}}, "CurveFit_Weights": [1168568.4842485578, 0.0002809540444983739, 16.928404776625527]}}}