{"platform": {"All_Weights": {"Categorical_Variables": {}, "Numerical_Variables": {"bpf_cpu_time_ms": {"scale": 56248.72684186223}, "bpf_page_cache_hit": {"scale": 1.0}}, "CurveFit_Weights": [1196206.820712407, 0.0002415312243556276, 2.876918501890131]}}}