{"platform": {"All_Weights": {"Categorical_Variables": {}, "Numerical_Variables": {"bpf_cpu_time_ms": {"scale": 3452.372325127004}, "bpf_page_cache_hit": {"scale": 1.0}}, "CurveFit_Weights": [349466.9998378786, 0.0002331920022378337, -1.5617683480127607]}}}