{"platform": {"All_Weights": {"Categorical_Variables": {}, "Numerical_Variables": {"bpf_cpu_time_ms": {"scale": 90953.00618011093}, "bpf_page_cache_hit": {"scale": 1.0}}, "CurveFit_Weights": [66.79668104826844, 10.115830210108683, 5.079559088308629]}}}