{"platform": {"All_Weights": {"Categorical_Variables": {}, "Numerical_Variables": {"bpf_cpu_time_ms": {"scale": 12418.275212975575}, "bpf_page_cache_hit": {"scale": 1.0}}, "CurveFit_Weights": [585089.6138646061, 0.0003743640341582797, 2.679819928592487]}}}