{"platform": {"All_Weights": {"Categorical_Variables": {}, "Numerical_Variables": {"bpf_cpu_time_ms": {"scale": 12509.70674960623}, "bpf_page_cache_hit": {"scale": 1.0}}, "CurveFit_Weights": [555792.6858948105, 0.00024509173156545797, -2.2585688423664547]}}}