{"platform": {"All_Weights": {"Categorical_Variables": {}, "Numerical_Variables": {"bpf_cpu_time_ms": {"scale": 16618.126600203945}, "bpf_page_cache_hit": {"scale": 1.0}}, "CurveFit_Weights": [159648.1110674817, 0.0005773257650321811, 5.325592057979413]}}}