{"platform": {"All_Weights": {"Categorical_Variables": {}, "Numerical_Variables": {"bpf_cpu_time_ms": {"scale": 67010.20117706756}, "bpf_page_cache_hit": {"scale": 1.0}}, "CurveFit_Weights": [651.0313085654383, 0.8204167193637576, 5.499971798656308, 3.484109287067068]}}}