{"platform": {"All_Weights": {"Categorical_Variables": {}, "Numerical_Variables": {"bpf_cpu_time_ms": {"scale": 3499.877092122082}, "bpf_page_cache_hit": {"scale": 1.0}}, "CurveFit_Weights": [158.57084841429165, 0.8667798936829467, 2.4218645449260765, -15.75995526165689]}}}