{"platform": {"All_Weights": {"Categorical_Variables": {}, "Numerical_Variables": {"bpf_cpu_time_ms": {"scale": 961.21670348286}, "bpf_page_cache_hit": {"scale": 1.0}}, "CurveFit_Weights": [364.8769916632022, 0.3068076019524334, 5.80665791282608, -54.05872538248215]}}}