{"platform": {"All_Weights": {"Categorical_Variables": {}, "Numerical_Variables": {"bpf_cpu_time_ms": {"scale": 2694.36071911154}, "bpf_page_cache_hit": {"scale": 1.0}}, "CurveFit_Weights": [108.6294210104838, 0.7033629623187212, 3.1502843265742326, -10.044388215541165]}}}