{"platform": {"All_Weights": {"Categorical_Variables": {}, "Numerical_Variables": {"bpf_cpu_time_ms": {"scale": 7672.730086207248}, "bpf_page_cache_hit": {"scale": 1.0}}, "CurveFit_Weights": [349.21826359758506, -0.037910172017136666, 1.5896574429308674, -179.34697677534734]}}}