{"platform": {"All_Weights": {"Categorical_Variables": {}, "Numerical_Variables": {"bpf_cpu_time_ms": {"scale": 256000.0}, "bpf_page_cache_hit": {"scale": 1.0}}, "CurveFit_Weights": [28023026.57720305, 11.601812077236287, 0.9515277669208613, -388.16760147062723]}}}