{"platform": {"All_Weights": {"Categorical_Variables": {}, "Numerical_Variables": {"bpf_cpu_time_ms": {"scale": 6294.764546115604}, "bpf_page_cache_hit": {"scale": 1.0}}, "CurveFit_Weights": [55477.30428955712, -9.218683042412948, 0.6596105089270202, -55336.57802666363]}}}