{"platform": {"All_Weights": {"Categorical_Variables": {}, "Numerical_Variables": {"bpf_cpu_time_ms": {"scale": 178369.2742841906}, "bpf_page_cache_hit": {"scale": 1.0}}, "CurveFit_Weights": [54269.078193195666, -19.270583523512617, 0.1525015380951501, -51509.21272288418]}}}