{"platform": {"All_Weights": {"Categorical_Variables": {}, "Numerical_Variables": {"bpf_cpu_time_ms": {"scale": 6088.087675893517}, "bpf_page_cache_hit": {"scale": 1.0}}, "CurveFit_Weights": [2193672.7003937666, 9.393947553068559, 1.2411574182867062, -15.991732136268142]}}}