{"platform": {"All_Weights": {"Categorical_Variables": {}, "Numerical_Variables": {"bpf_cpu_time_ms": {"scale": 62113.59439564508}, "bpf_page_cache_hit": {"scale": 1.0}}, "CurveFit_Weights": [6742698.902315979, 13.54816135744653, 0.7660876651413294, -190.00031310518793]}}}