{"platform": {"All_Weights": {"Categorical_Variables": {}, "Numerical_Variables": {"bpf_cpu_time_ms": {"scale": 165116.76730582942}, "bpf_page_cache_hit": {"scale": 1.0}}, "CurveFit_Weights": [574916.8526465322, -5.987579870223872, 1.214707621598586, -574488.8073681524]}}}