{"platform": {"All_Weights": {"Categorical_Variables": {}, "Numerical_Variables": {"bpf_cpu_time_ms": {"scale": 12418.275212975575}, "bpf_page_cache_hit": {"scale": 1.0}}, "CurveFit_Weights": [1575818.241360991, 20.287570124749834, 0.4026430684552598, -437.89666804237197]}}}