{"platform": {"All_Weights": {"Categorical_Variables": {}, "Numerical_Variables": {"bpf_cpu_time_ms": {"scale": 19464.08886398693}, "bpf_page_cache_hit": {"scale": 1.0}}, "CurveFit_Weights": [6950269.466191161, 9.5036369948724, 1.223276511695441, -53.847540778764035]}}}