{"platform": {"All_Weights": {"Categorical_Variables": {}, "Numerical_Variables": {"bpf_cpu_time_ms": {"scale": 6847.406663063169}, "bpf_page_cache_hit": {"scale": 1.0}}, "CurveFit_Weights": [1046982.2204779839, 7.07211261266503, 1.666919071452619, -7.036477502634069]}}}