{"platform": {"All_Weights": {"Categorical_Variables": {}, "Numerical_Variables": {"bpf_cpu_time_ms": {"scale": 14876.51366588698}, "bpf_page_cache_hit": {"scale": 1.0}}, "CurveFit_Weights": [2311787.1655622935, 11.761116709934816, 0.9427313636944452, -32.473756880757456]}}}