{"platform": {"All_Weights": {"Categorical_Variables": {}, "Numerical_Variables": {"bpf_cpu_time_ms": {"scale": 48117.86426707801}, "bpf_page_cache_hit": {"scale": 1.0}}, "CurveFit_Weights": [1219626.6090250784, 19.8986002190383, 0.4017885526096636, -394.03946052389307]}}}