{"platform": {"All_Weights": {"Categorical_Variables": {}, "Numerical_Variables": {"bpf_cpu_time_ms": {"scale": 181557.8349847757}, "bpf_page_cache_hit": {"scale": 1.0}}, "CurveFit_Weights": [889975.3176524668, 36.05899628876895, 0.17909245885131922, -1370.3993280245734]}}}