{"platform": {"All_Weights": {"Categorical_Variables": {}, "Numerical_Variables": {"bpf_cpu_time_ms": {"scale": 40825.47251147187}, "bpf_page_cache_hit": {"scale": 1.0}}, "CurveFit_Weights": [745041.7098226392, 36.64148308049801, 0.1806838989365786, -980.1432250451699]}}}