{"platform": {"All_Weights": {"Categorical_Variables": {}, "Numerical_Variables": {"bpf_cpu_time_ms": {"scale": 1699.2134852756644}, "bpf_page_cache_hit": {"scale": 1.0}}, "CurveFit_Weights": [366.26880270836466, 0.4328108194354555, 1.8397345744220175, -113.75439900539408]}}}