{"platform": {"All_Weights": {"Categorical_Variables": {}, "Numerical_Variables": {"bpf_cpu_time_ms": {"scale": 26998.00843269873}, "bpf_page_cache_hit": {"scale": 1.0}}, "CurveFit_Weights": [6995230.165260155, 10.247012354748197, 1.115821475423493, -65.74577633132947]}}}