{"platform": {"All_Weights": {"Categorical_Variables": {}, "Numerical_Variables": {"bpf_cpu_time_ms": {"scale": 23672.35623900929}, "bpf_page_cache_hit": {"scale": 1.0}}, "CurveFit_Weights": [3742105.1891357084, 14.300218920350225, 0.7231745742049724, -110.10622767133037]}}}