{"platform": {"All_Weights": {"Categorical_Variables": {}, "Numerical_Variables": {"bpf_cpu_time_ms": {"scale": 96912.0943288012}, "bpf_page_cache_hit": {"scale": 1.0}}, "CurveFit_Weights": [527648.4743056459, -9.769894045142687, 0.6566008995792523, -526779.6973283748]}}}