{"platform": {"All_Weights": {"Categorical_Variables": {}, "Numerical_Variables": {"bpf_cpu_time_ms": {"scale": 221609.1240173759}, "bpf_page_cache_hit": {"scale": 1.0}}, "CurveFit_Weights": [3812724.3811119446, 8.843662870065085, 1.0268469699433238, -384.5262548081522]}}}