{"platform": {"All_Weights": {"Categorical_Variables": {}, "Numerical_Variables": {"bpf_cpu_time_ms": {"scale": 2928.472051115019}, "bpf_page_cache_hit": {"scale": 1.0}}, "CurveFit_Weights": [5.335734204740455, 0.47983744710214205, 3.874652893537693, -0.6491980117832168]}}}