{"platform": {"All_Weights": {"Categorical_Variables": {}, "Numerical_Variables": {"bpf_cpu_time_ms": {"scale": 480000.0}, "bpf_page_cache_hit": {"scale": 1.0}}, "CurveFit_Weights": [57671560.768025056, 6.8020842373099235, 1.7799112933078753, -203.4990615470096]}}}