{"platform": {"All_Weights": {"Categorical_Variables": {}, "Numerical_Variables": {"bpf_cpu_time_ms": {"scale": 64390.04266710471}, "bpf_page_cache_hit": {"scale": 1.0}}, "CurveFit_Weights": [8781373.288830545, 13.267401387943309, 0.7775967632248074, -265.2345247691887]}}}