{"platform": {"All_Weights": {"Categorical_Variables": {}, "Numerical_Variables": {"bpf_cpu_time_ms": {"scale": 6823.236964041063}, "bpf_page_cache_hit": {"scale": 1.0}}, "CurveFit_Weights": [239.39674511685527, -0.1342650964092344, 1.9293874934586654, -135.1904531622788]}}}