{"platform": {"All_Weights": {"Categorical_Variables": {}, "Numerical_Variables": {"bpf_cpu_time_ms": {"scale": 22966.21696880917}, "bpf_page_cache_hit": {"scale": 1.0}}, "CurveFit_Weights": [4285548.268086642, 8.104219568446315, 1.3934909814025658, -38.03631200358758]}}}