{"platform": {"All_Weights": {"Categorical_Variables": {}, "Numerical_Variables": {"bpf_cpu_time_ms": {"scale": 5205.89267331144}, "bpf_page_cache_hit": {"scale": 1.0}}, "CurveFit_Weights": [112.5296923361598, 1.0284569519218756, 1.8865813624307506, -12.776044828601668]}}}