{"platform": {"All_Weights": {"Categorical_Variables": {}, "Numerical_Variables": {"bpf_cpu_time_ms": {"scale": 6634.090855393506}, "bpf_page_cache_hit": {"scale": 1.0}}, "CurveFit_Weights": [164305.2612933379, -9.891730650373384, 0.6670169119487855, -164074.5235033556]}}}