{"platform": {"All_Weights": {"Categorical_Variables": {}, "Numerical_Variables": {"bpf_cpu_time_ms": {"scale": 517.8404152026453}, "bpf_page_cache_hit": {"scale": 1.0}}, "CurveFit_Weights": [134.08208549162637, 0.44813860034301284, 2.0789096230526964, -37.487028665644004]}}}