{"platform": {"All_Weights": {"Categorical_Variables": {}, "Numerical_Variables": {"bpf_cpu_time_ms": {"scale": 24127.315010142676}, "bpf_page_cache_hit": {"scale": 1.0}}, "CurveFit_Weights": [696080.720332916, 17.44961487538273, 0.4598792997602005, -217.1716690111888]}}}