{"platform": {"All_Weights": {"Categorical_Variables": {}, "Numerical_Variables": {"bpf_cpu_time_ms": {"scale": 75911.60855022226}, "bpf_page_cache_hit": {"scale": 1.0}}, "CurveFit_Weights": [47127826.83302825, 6.115664745538015, 2.3248277607871057, 39.085022993135595]}}}