{"platform": {"All_Weights": {"Categorical_Variables": {}, "Numerical_Variables": {"bpf_cpu_time_ms": {"scale": 13998.46312916353}, "bpf_page_cache_hit": {"scale": 1.0}}, "CurveFit_Weights": [95345.90362117102, -4.819105573366529, 1.5834921707434868, -95295.87305854463]}}}