{"platform": {"All_Weights": {"Categorical_Variables": {}, "Numerical_Variables": {"bpf_cpu_time_ms": {"scale": 73878.47726670367}, "bpf_page_cache_hit": {"scale": 1.0}}, "CurveFit_Weights": [397598.8398359862, 41.03484245142334, 0.11512485099240051, -3467.104028552232]}}}