{"platform": {"All_Weights": {"Categorical_Variables": {}, "Numerical_Variables": {"bpf_cpu_time_ms": {"scale": 36330.55999027924}, "bpf_page_cache_hit": {"scale": 1.0}}, "CurveFit_Weights": [549840.2049402826, 27.08174293599725, 0.25527062695053787, -524.091124421704]}}}