{"platform": {"All_Weights": {"Categorical_Variables": {}, "Numerical_Variables": {"bpf_cpu_time_ms": {"scale": 164735.09229663186}, "bpf_page_cache_hit": {"scale": 1.0}}, "CurveFit_Weights": [273160.2038438603, -9.442328424253772, 0.6622790571312219, -272625.2678935649]}}}