{"platform": {"All_Weights": {"Categorical_Variables": {}, "Numerical_Variables": {"bpf_cpu_time_ms": {"scale": 239233.5518432769}, "bpf_page_cache_hit": {"scale": 1.0}}, "CurveFit_Weights": [9371817.146479236, 7.253383526044152, 1.496872914042332, -121.83366459621324]}}}