{"platform": {"All_Weights": {"Categorical_Variables": {}, "Numerical_Variables": {"bpf_cpu_time_ms": {"scale": 103617.1089641578}, "bpf_page_cache_hit": {"scale": 1.0}}, "CurveFit_Weights": [17343441.239980746, 15.025212330746408, 0.6608319485876056, -779.2675052279616]}}}