{"platform": {"All_Weights": {"Categorical_Variables": {}, "Numerical_Variables": {"bpf_cpu_time_ms": {"scale": 17321.456899548728}, "bpf_page_cache_hit": {"scale": 1.0}}, "CurveFit_Weights": [3812690.906594215, 7.927358500433827, 1.395351153482745, -50.593661462605546]}}}