{"platform": {"All_Weights": {"Categorical_Variables": {}, "Numerical_Variables": {"bpf_cpu_time_ms": {"scale": 920.788158877064}, "bpf_page_cache_hit": {"scale": 1.0}}, "CurveFit_Weights": [321.58804648827936, 0.8364655924468668, 2.964261279209333, -23.979090066863964]}}}