{"platform": {"All_Weights": {"Categorical_Variables": {}, "Numerical_Variables": {"bpf_cpu_time_ms": {"scale": 6576.034258559246}, "bpf_page_cache_hit": {"scale": 1.0}}, "CurveFit_Weights": [17355.442421636806, 17.15925803914258, 0.04703875265254391, -5343.078927042351]}}}