{"platform": {"All_Weights": {"Categorical_Variables": {}, "Numerical_Variables": {"bpf_cpu_time_ms": {"scale": 65448.79891181445}, "bpf_page_cache_hit": {"scale": 1.0}}, "CurveFit_Weights": [437474.5810060371, -6.963335148414704, 1.0512465886453821, -437177.89319168165]}}}