{"platform": {"All_Weights": {"Categorical_Variables": {}, "Numerical_Variables": {"bpf_cpu_time_ms": {"scale": 2819.757230176628}, "bpf_page_cache_hit": {"scale": 1.0}}, "CurveFit_Weights": [3955534.9202175806, 9.195328821717512, 1.2696891921554554, -28.343800321754603]}}}