{"platform": {"All_Weights": {"Categorical_Variables": {}, "Numerical_Variables": {"bpf_cpu_time_ms": {"scale": 8000.0}, "bpf_page_cache_hit": {"scale": 1.0}}, "CurveFit_Weights": [10868.228338602787, -6.901925730149306, 0.5184219236272376, -10575.557928208193]}}}