{"platform": {"All_Weights": {"Categorical_Variables": {}, "Numerical_Variables": {"bpf_cpu_time_ms": {"scale": 51027.93707155226}, "bpf_page_cache_hit": {"scale": 1.0}}, "CurveFit_Weights": [3620158.8281296156, 14.079080606834653, 0.6912099968913609, -195.07199414159626]}}}