{"platform": {"All_Weights": {"Categorical_Variables": {}, "Numerical_Variables": {"bpf_cpu_time_ms": {"scale": 19063.888637374548}, "bpf_page_cache_hit": {"scale": 1.0}}, "CurveFit_Weights": [13718542.287484167, 10.16053588032452, 1.176565896633444, -82.14161219656609]}}}