{"platform": {"All_Weights": {"Categorical_Variables": {}, "Numerical_Variables": {"bpf_cpu_time_ms": {"scale": 3251.661389800401}, "bpf_page_cache_hit": {"scale": 1.0}}, "CurveFit_Weights": [194.57865267246635, 0.7822714038281502, 1.8917838380336496, -34.93232110775781]}}}