{"platform": {"All_Weights": {"Categorical_Variables": {}, "Numerical_Variables": {"bpf_cpu_time_ms": {"scale": 45672.76449936964}, "bpf_page_cache_hit": {"scale": 1.0}}, "CurveFit_Weights": [6362748.562578094, 10.685836221193645, 0.9935377836301161, -129.54153651799092]}}}