{"platform": {"All_Weights": {"Categorical_Variables": {}, "Numerical_Variables": {"bpf_cpu_time_ms": {"scale": 106886.0491330044}, "bpf_page_cache_hit": {"scale": 1.0}}, "CurveFit_Weights": [34379797.81389607, 7.847173619808686, 1.6110816334061944, -68.68750624106974]}}}