{"platform": {"All_Weights": {"Categorical_Variables": {}, "Numerical_Variables": {"bpf_cpu_time_ms": {"scale": 52279.620485160645}, "bpf_page_cache_hit": {"scale": 1.0}}, "CurveFit_Weights": [32322849.323337518, 8.258255589346028, 1.6100371709027015, -16.44899106442788]}}}