{"platform": {"All_Weights": {"Categorical_Variables": {}, "Numerical_Variables": {"bpf_cpu_time_ms": {"scale": 6485.77278057086}, "bpf_page_cache_hit": {"scale": 1.0}}, "CurveFit_Weights": [76527.44440467756, -17.427845235497994, 0.27036664376679687, -75839.24299411217]}}}