{"platform": {"All_Weights": {"Categorical_Variables": {}, "Numerical_Variables": {"bpf_cpu_time_ms": {"scale": 17450.662058304337}, "bpf_page_cache_hit": {"scale": 1.0}}, "CurveFit_Weights": [5161747.927388341, 9.912372631376149, 1.1344934589423419, -57.45358374882743]}}}