{"platform": {"All_Weights": {"Categorical_Variables": {}, "Numerical_Variables": {"bpf_cpu_time_ms": {"scale": 3452.372325127004}, "bpf_page_cache_hit": {"scale": 1.0}}, "CurveFit_Weights": [147.726940692222, 0.746678164417146, 2.59038058735489, -14.962099695231117]}}}