{"platform": {"All_Weights": {"Categorical_Variables": {}, "Numerical_Variables": {"bpf_cpu_time_ms": {"scale": 146499.34351088357}, "bpf_page_cache_hit": {"scale": 1.0}}, "CurveFit_Weights": [279643.32422185317, -12.274068167929041, 0.48012470819582137, -278857.2744961792]}}}