{"platform": {"All_Weights": {"Categorical_Variables": {}, "Numerical_Variables": {"bpf_cpu_time_ms": {"scale": 56248.72684186223}, "bpf_page_cache_hit": {"scale": 1.0}}, "CurveFit_Weights": [4509795.626764807, 10.426560008092235, 0.9733401192924064, -153.7342597065067]}}}