{"platform": {"All_Weights": {"Categorical_Variables": {}, "Numerical_Variables": {"bpf_cpu_time_ms": {"scale": 88027.16113554429}, "bpf_page_cache_hit": {"scale": 1.0}}, "CurveFit_Weights": [272011.9946429821, -8.686623295555878, 0.7929025816387311, -271724.842576363]}}}