{"platform": {"All_Weights": {"Categorical_Variables": {}, "Numerical_Variables": {"bpf_cpu_time_ms": {"scale": 43603.38188732946}, "bpf_page_cache_hit": {"scale": 1.0}}, "CurveFit_Weights": [9219426.46332164, 8.476848195723482, 1.340770606252969, -74.02538876337765]}}}