{"platform": {"All_Weights": {"Categorical_Variables": {}, "Numerical_Variables": {"bpf_cpu_time_ms": {"scale": 31510.316498634707}, "bpf_page_cache_hit": {"scale": 1.0}}, "CurveFit_Weights": [259105.59733236066, -5.991286593995926, 1.24038633996697, -258946.14799676405]}}}