{"platform": {"All_Weights": {"Categorical_Variables": {}, "Numerical_Variables": {"bpf_cpu_time_ms": {"scale": 69879.34069173332}, "bpf_page_cache_hit": {"scale": 1.0}}, "CurveFit_Weights": [11013633.762767987, 9.280742189014708, 1.222833097687647, -103.88647987386223]}}}