{"platform": {"All_Weights": {"Categorical_Variables": {}, "Numerical_Variables": {"bpf_cpu_time_ms": {"scale": 12225.005991096052}, "bpf_page_cache_hit": {"scale": 1.0}}, "CurveFit_Weights": [1212783.4088851158, 24.72035930102427, 0.3091734093352553, -572.7605151420127]}}}