{"platform": {"All_Weights": {"Categorical_Variables": {}, "Numerical_Variables": {"bpf_cpu_time_ms": {"scale": 15810.88313068615}, "bpf_page_cache_hit": {"scale": 1.0}}, "CurveFit_Weights": [243.6826088512902, 0.5436066008619337, 3.6881750555303574, -24.826997701632195]}}}