{"platform": {"All_Weights": {"Categorical_Variables": {}, "Numerical_Variables": {"bpf_cpu_time_ms": {"scale": 130867.3894484954}, "bpf_page_cache_hit": {"scale": 1.0}}, "CurveFit_Weights": [12537379.679743363, 9.925168004333534, 1.0349265340928253, -381.7023347468932]}}}