{"platform": {"All_Weights": {"Categorical_Variables": {}, "Numerical_Variables": {"bpf_cpu_time_ms": {"scale": 71007.70978118155}, "bpf_page_cache_hit": {"scale": 1.0}}, "CurveFit_Weights": [225.79294270359824, 0.6963852151694592, 2.3501322519624543, -11.503751496109338]}}}