{"platform": {"All_Weights": {"Categorical_Variables": {}, "Numerical_Variables": {"bpf_cpu_time_ms": {"scale": 3991.690709751875}, "bpf_page_cache_hit": {"scale": 1.0}}, "CurveFit_Weights": [78.2786816895666, 0.36663278726439574, 3.869922536371799, -14.665945864100483]}}}