{"platform": {"All_Weights": {"Categorical_Variables": {}, "Numerical_Variables": {"bpf_cpu_time_ms": {"scale": 8000.0}, "bpf_page_cache_hit": {"scale": 1.0}}, "CurveFit_Weights": [181.3327388290757, 0.48772561202013326, 2.0294308445682594, -48.61778626123229]}}}