{"platform": {"All_Weights": {"Categorical_Variables": {}, "Numerical_Variables": {"bpf_cpu_time_ms": {"scale": 366165.1097317527}, "bpf_page_cache_hit": {"scale": 1.0}}, "CurveFit_Weights": [78448.13304310016, -22.06346121014764, 0.033204129243055304, -52936.46102020848]}}}