{"platform": {"All_Weights": {"Categorical_Variables": {}, "Numerical_Variables": {"bpf_cpu_time_ms": {"scale": 133174.27082704377}, "bpf_page_cache_hit": {"scale": 1.0}}, "CurveFit_Weights": [38387120.89402932, 8.898349086512892, 1.335562038953434, -197.81149370431973]}}}