{"platform": {"All_Weights": {"Categorical_Variables": {}, "Numerical_Variables": {"bpf_cpu_time_ms": {"scale": 269655.3516520236}, "bpf_page_cache_hit": {"scale": 1.0}}, "CurveFit_Weights": [7751563.931501772, 22.21908855547035, 0.36989750189058995, -2038.7537625102334]}}}