{"platform": {"All_Weights": {"Categorical_Variables": {}, "Numerical_Variables": {"bpf_cpu_time_ms": {"scale": 62037.146242051866}, "bpf_page_cache_hit": {"scale": 1.0}}, "CurveFit_Weights": [609.2623069643424, 1.019127462922822, 3.183988101978835, 42.14182908830567]}}}