{"platform": {"All_Weights": {"Categorical_Variables": {}, "Numerical_Variables": {"bpf_cpu_time_ms": {"scale": 165957.34339612455}, "bpf_page_cache_hit": {"scale": 1.0}}, "CurveFit_Weights": [173058.343246672, -14.520365709856303, 0.3425816275625929, -171853.72859058305]}}}