{"platform": {"All_Weights": {"Categorical_Variables": {}, "Numerical_Variables": {"bpf_cpu_time_ms": {"scale": 46581.14988928136}, "bpf_page_cache_hit": {"scale": 1.0}}, "CurveFit_Weights": [124523.6903332645, -17.67062227786264, 0.2424281800142951, -122807.10959651392]}}}