{"platform": {"All_Weights": {"Categorical_Variables": {}, "Numerical_Variables": {"bpf_cpu_time_ms": {"scale": 33342.033691312026}, "bpf_page_cache_hit": {"scale": 1.0}}, "CurveFit_Weights": [11396555.089476272, 9.990559228735155, 1.158567198562884, -91.31894375537932]}}}