{"platform": {"All_Weights": {"Categorical_Variables": {}, "Numerical_Variables": {"bpf_cpu_time_ms": {"scale": 7997.919992709427}, "bpf_page_cache_hit": {"scale": 1.0}}, "CurveFit_Weights": [788173.6495376747, 7.935502618458702, 1.3330946001845607, -18.039189416909714]}}}