{"platform": {"All_Weights": {"Categorical_Variables": {}, "Numerical_Variables": {"bpf_cpu_time_ms": {"scale": 80000.0}, "bpf_page_cache_hit": {"scale": 1.0}}, "CurveFit_Weights": [7074552.752021463, 6.96203387472391, 1.575765844614306, -95.00091057580703]}}}