{"platform": {"All_Weights": {"Categorical_Variables": {}, "Numerical_Variables": {"bpf_cpu_time_ms": {"scale": 71847.68616718204}, "bpf_page_cache_hit": {"scale": 1.0}}, "CurveFit_Weights": [1674223.4426382268, 15.427013626328714, 0.5438523991161839, -355.73609344007684]}}}