{"platform": {"All_Weights": {"Categorical_Variables": {}, "Numerical_Variables": {"bpf_cpu_time_ms": {"scale": 91697.64372723806}, "bpf_page_cache_hit": {"scale": 1.0}}, "CurveFit_Weights": [67180.74070475234, -11.185227386129915, 0.4680749500033066, -66819.31372222384]}}}