{"platform": {"All_Weights": {"Categorical_Variables": {}, "Numerical_Variables": {"bpf_cpu_time_ms": {"scale": 84034.6957993858}, "bpf_page_cache_hit": {"scale": 1.0}}, "CurveFit_Weights": [9168299.326526439, 9.967065115568714, 1.0838179482464585, -159.4640039216694]}}}