{"platform": {"All_Weights": {"Categorical_Variables": {}, "Numerical_Variables": {"bpf_cpu_time_ms": {"scale": 4901.008238324463}, "bpf_page_cache_hit": {"scale": 1.0}}, "CurveFit_Weights": [618766.2022024777, 10.288269936320974, 1.0195705008775582, -15.290622607584105]}}}