{"platform": {"All_Weights": {"Categorical_Variables": {}, "Numerical_Variables": {"bpf_cpu_time_ms": {"scale": 19253.4588031984}, "bpf_page_cache_hit": {"scale": 1.0}}, "CurveFit_Weights": [671.465372832427, 1.2269039431506983, 2.313605927911923, -26.794930027274415]}}}