{"platform": {"All_Weights": {"Categorical_Variables": {}, "Numerical_Variables": {"bpf_cpu_time_ms": {"scale": 60255.11204245108}, "bpf_page_cache_hit": {"scale": 1.0}}, "CurveFit_Weights": [717370.8763698635, -6.254834373462462, 1.0820491709216693, -716533.3810955706]}}}