{"platform": {"All_Weights": {"Categorical_Variables": {}, "Numerical_Variables": {"bpf_cpu_time_ms": {"scale": 5584.737451333462}, "bpf_page_cache_hit": {"scale": 1.0}}, "CurveFit_Weights": [113.52363073171452, 0.9365030562924471, 3.035509821916016, -4.520090952361336]}}}