{"platform": {"All_Weights": {"Categorical_Variables": {}, "Numerical_Variables": {"bpf_cpu_time_ms": {"scale": 120000.0}, "bpf_page_cache_hit": {"scale": 1.0}}, "CurveFit_Weights": [44595330.006901585, 7.047218461450136, 1.9344256482632693, 9.07445860442679]}}}