{"platform": {"All_Weights": {"Categorical_Variables": {}, "Numerical_Variables": {"bpf_cpu_time_ms": {"scale": 1477.1509578837436}, "bpf_page_cache_hit": {"scale": 1.0}}, "CurveFit_Weights": [1357.1374349150344, 2.0801663483009234, 1.3814470932149183, -72.28606954605081]}}}