{"platform": {"All_Weights": {"Categorical_Variables": {}, "Numerical_Variables": {"bpf_cpu_time_ms": {"scale": 60485.09023690227}, "bpf_page_cache_hit": {"scale": 1.0}}, "CurveFit_Weights": [642680.4097209371, -8.348408746093472, 0.7973015256736138, -641843.1597050296]}}}