{"platform": {"All_Weights": {"Categorical_Variables": {}, "Numerical_Variables": {"bpf_cpu_time_ms": {"scale": 12509.70674960623}, "bpf_page_cache_hit": {"scale": 1.0}}, "CurveFit_Weights": [7762690.4238077225, 9.866206307452066, 1.1885111680592666, -58.37258395611778]}}}