{"platform": {"All_Weights": {"Categorical_Variables": {}, "Numerical_Variables": {"bpf_cpu_time_ms": {"scale": 42069.225518943385}, "bpf_page_cache_hit": {"scale": 1.0}}, "CurveFit_Weights": [2672331.397033534, 14.738976418958659, 0.6302102489343591, -231.91531589925944]}}}