{"platform": {"All_Weights": {"Categorical_Variables": {}, "Numerical_Variables": {"bpf_cpu_time_ms": {"scale": 32783.01756475603}, "bpf_page_cache_hit": {"scale": 1.0}}, "CurveFit_Weights": [12357426.237216681, 10.754162600204495, 0.9848135428917745, -306.85798702951917]}}}