{"platform": {"All_Weights": {"Categorical_Variables": {}, "Numerical_Variables": {"bpf_cpu_time_ms": {"scale": 62562.32596287884}, "bpf_page_cache_hit": {"scale": 1.0}}, "CurveFit_Weights": [476873.78681509267, -5.025756411128057, 1.5179121808712466, -476626.3240774113]}}}