{"platform": {"All_Weights": {"Categorical_Variables": {}, "Numerical_Variables": {"bpf_cpu_time_ms": {"scale": 185626.3948752971}, "bpf_page_cache_hit": {"scale": 1.0}}, "CurveFit_Weights": [1213041.2673351371, 20.7787460282394, 0.3620932476278498, -629.8534171776645]}}}