{"platform": {"All_Weights": {"Categorical_Variables": {}, "Numerical_Variables": {"bpf_cpu_time_ms": {"scale": 31205.86756133701}, "bpf_page_cache_hit": {"scale": 1.0}}, "CurveFit_Weights": [24377068.466968328, 9.449912509588941, 1.2627286420926411, -147.6205655332973]}}}