{"platform": {"All_Weights": {"Categorical_Variables": {}, "Numerical_Variables": {"bpf_cpu_time_ms": {"scale": 248616.7104288696}, "bpf_page_cache_hit": {"scale": 1.0}}, "CurveFit_Weights": [4667805.815822383, 7.478259958899143, 1.4501265244027457, -68.27655095870344]}}}