{"platform": {"All_Weights": {"Categorical_Variables": {}, "Numerical_Variables": {"bpf_cpu_time_ms": {"scale": 9204.624920024948}, "bpf_page_cache_hit": {"scale": 1.0}}, "CurveFit_Weights": [18540.367692146654, -5.901988237897305, 0.03600358794930163, -10237.519007341434]}}}