{"platform": {"All_Weights": {"Categorical_Variables": {}, "Numerical_Variables": {"bpf_cpu_time_ms": {"scale": 17846.648192714154}, "bpf_page_cache_hit": {"scale": 1.0}}, "CurveFit_Weights": [363216.2025284359, -3.948974108788645, 1.93750118005122, -363035.7194943601]}}}