{"platform": {"All_Weights": {"Categorical_Variables": {}, "Numerical_Variables": {"bpf_cpu_time_ms": {"scale": 24089.26901877661}, "bpf_page_cache_hit": {"scale": 1.0}}, "CurveFit_Weights": [1526446.4327161293, 13.890738769078208, 0.6626706834852596, -149.97159683451375]}}}