{"platform": {"All_Weights": {"Categorical_Variables": {}, "Numerical_Variables": {"bpf_cpu_time_ms": {"scale": 60918.94975242429}, "bpf_page_cache_hit": {"scale": 1.0}}, "CurveFit_Weights": [295464.5674093486, 32.29890303890748, 0.1772139169589876, -940.4504409840193]}}}