{"platform": {"All_Weights": {"Categorical_Variables": {}, "Numerical_Variables": {"bpf_cpu_time_ms": {"scale": 35814.22732219464}, "bpf_page_cache_hit": {"scale": 1.0}}, "CurveFit_Weights": [2894249.7193030985, 17.301599229489753, 0.5645215997720138, -158.64480912986002]}}}