{"platform": {"All_Weights": {"Categorical_Variables": {}, "Numerical_Variables": {"bpf_cpu_time_ms": {"scale": 27442.775647418955}, "bpf_page_cache_hit": {"scale": 1.0}}, "CurveFit_Weights": [110380.08479037162, -6.504584783588858, 1.0945612451809232, -110284.59755478836]}}}