{"platform": {"All_Weights": {"Categorical_Variables": {}, "Numerical_Variables": {"bpf_cpu_time_ms": {"scale": 139311.08133376986}, "bpf_page_cache_hit": {"scale": 1.0}}, "CurveFit_Weights": [16549567.53081394, 11.850534806728964, 0.8624267906406033, -552.7034923553266]}}}