{"platform": {"All_Weights": {"Categorical_Variables": {}, "Numerical_Variables": {"bpf_cpu_time_ms": {"scale": 7817.318424135709}, "bpf_page_cache_hit": {"scale": 1.0}}, "CurveFit_Weights": [192.50902832440923, 0.12107025416453512, 2.3802264076372435, -79.02252978750893]}}}