{"platform": {"All_Weights": {"Categorical_Variables": {}, "Numerical_Variables": {"bpf_cpu_time_ms": {"scale": 59061.47370837033}, "bpf_page_cache_hit": {"scale": 1.0}}, "CurveFit_Weights": [216496.64308912487, -8.200592857894975, 0.7997719195320606, -216177.2644736639]}}}