{"platform": {"All_Weights": {"Categorical_Variables": {}, "Numerical_Variables": {"bpf_cpu_time_ms": {"scale": 6494.023383745279}, "bpf_page_cache_hit": {"scale": 1.0}}, "CurveFit_Weights": [160671.68836793257, -10.726573043415163, 0.5794153894475492, -160343.20509534012]}}}