{"platform": {"All_Weights": {"Categorical_Variables": {}, "Numerical_Variables": {"bpf_cpu_time_ms": {"scale": 8978.83100134392}, "bpf_page_cache_hit": {"scale": 1.0}}, "CurveFit_Weights": [402751.79248964, 32.36079944447421, 0.19673711782742012, -674.318414047285]}}}