{"platform": {"All_Weights": {"Categorical_Variables": {}, "Numerical_Variables": {"bpf_cpu_time_ms": {"scale": 35517.81498820345}, "bpf_page_cache_hit": {"scale": 1.0}}, "CurveFit_Weights": [3327176.8208341324, 13.340226186657794, 0.7405715851277314, -160.65375939774898]}}}