{"platform": {"All_Weights": {"Categorical_Variables": {}, "Numerical_Variables": {"bpf_cpu_time_ms": {"scale": 90953.00618011093}, "bpf_page_cache_hit": {"scale": 1.0}}, "CurveFit_Weights": [531469.1959016174, -3.834582886582267, 2.09944086705775, -531283.6466412516]}}}