{"platform": {"All_Weights": {"Categorical_Variables": {}, "Numerical_Variables": {"bpf_cpu_time_ms": {"scale": 3199.300811410386}, "bpf_page_cache_hit": {"scale": 1.0}}, "CurveFit_Weights": [1497867.408985504, 12.103829289987027, 0.8248795121336262, -65.65312451476264]}}}