{"platform": {"All_Weights": {"Categorical_Variables": {}, "Numerical_Variables": {"bpf_cpu_time_ms": {"scale": 240000.0}, "bpf_page_cache_hit": {"scale": 1.0}}, "CurveFit_Weights": [13010109.811718842, 7.469377870839867, 1.4802038851970862, -151.72348647792367]}}}