{"platform": {"All_Weights": {"Categorical_Variables": {}, "Numerical_Variables": {"bpf_cpu_time_ms": {"scale": 22745.45436134916}, "bpf_page_cache_hit": {"scale": 1.0}}, "CurveFit_Weights": [101637.02004095109, 12.461902638302426, 0.4135600165365068, -574.4604971833475]}}}