{"platform": {"All_Weights": {"Categorical_Variables": {}, "Numerical_Variables": {"bpf_cpu_time_ms": {"scale": 9376.317369789203}, "bpf_page_cache_hit": {"scale": 1.0}}, "CurveFit_Weights": [74111.49942332374, -18.97939224590215, 0.23945742607778103, -73318.31867631555]}}}