{"platform": {"All_Weights": {"Categorical_Variables": {}, "Numerical_Variables": {"bpf_cpu_time_ms": {"scale": 7720.197319109624}, "bpf_page_cache_hit": {"scale": 1.0}}, "CurveFit_Weights": [239.24378341956492, 0.43742620100259383, 1.3461939689117688, -85.10725966696765]}}}