{"platform": {"All_Weights": {"Categorical_Variables": {}, "Numerical_Variables": {"bpf_cpu_time_ms": {"scale": 109108.55866042468}, "bpf_page_cache_hit": {"scale": 1.0}}, "CurveFit_Weights": [361.35843848665917, 0.45257128908999605, 13.972617682884131, 46.095202554181256]}}}