{"platform": {"All_Weights": {"Categorical_Variables": {}, "Numerical_Variables": {"bpf_cpu_time_ms": {"scale": 28891.571599817034}, "bpf_page_cache_hit": {"scale": 1.0}}, "CurveFit_Weights": [478732.6729106019, 38.67380690863201, 0.17092878776785048, -638.1897830507407]}}}