{"platform": {"All_Weights": {"Categorical_Variables": {}, "Numerical_Variables": {"bpf_cpu_time_ms": {"scale": 31199.333047560867}, "bpf_page_cache_hit": {"scale": 1.0}}, "CurveFit_Weights": [536586.6088542086, -7.792642851442233, 0.9159113638342241, -536148.5930994333]}}}