{"platform": {"All_Weights": {"Categorical_Variables": {}, "Numerical_Variables": {"bpf_cpu_time_ms": {"scale": 44870.63732885999}, "bpf_page_cache_hit": {"scale": 1.0}}, "CurveFit_Weights": [2555666.384930222, 20.75994755154725, 0.40397584596301644, -561.057222935265]}}}