{"platform": {"All_Weights": {"Categorical_Variables": {}, "Numerical_Variables": {"bpf_cpu_time_ms": {"scale": 48909.658729464776}, "bpf_page_cache_hit": {"scale": 1.0}}, "CurveFit_Weights": [132102.1753318626, -9.307264628691705, 0.6992714618296652, -131898.3263656025]}}}