{"platform": {"All_Weights": {"Categorical_Variables": {}, "Numerical_Variables": {"bpf_cpu_time_ms": {"scale": 5597.174077811869}, "bpf_page_cache_hit": {"scale": 1.0}}, "CurveFit_Weights": [147.66274816103353, 1.2080900405007606, 2.1930619288215687, -8.309074782135836]}}}