{"platform": {"All_Weights": {"Categorical_Variables": {}, "Numerical_Variables": {"bpf_cpu_time_ms": {"scale": 56000.0}, "bpf_page_cache_hit": {"scale": 1.0}}, "CurveFit_Weights": [15806940.642609498, 9.146701747068297, 1.2927445427712427, -89.73120879723274]}}}