{"platform": {"All_Weights": {"Categorical_Variables": {}, "Numerical_Variables": {"bpf_cpu_time_ms": {"scale": 31925.897866027408}, "bpf_page_cache_hit": {"scale": 1.0}}, "CurveFit_Weights": [1768.037747488596, 1.6091610757213215, 1.564099436915608, -122.40079005617196]}}}