{"platform": {"All_Weights": {"Categorical_Variables": {}, "Numerical_Variables": {"bpf_cpu_time_ms": {"scale": 91705.25318267434}, "bpf_page_cache_hit": {"scale": 1.0}}, "CurveFit_Weights": [5878218.223013366, 15.9733217240274, 0.56751026268704, -646.1507700453856]}}}