{"platform": {"All_Weights": {"Categorical_Variables": {}, "Numerical_Variables": {"bpf_cpu_time_ms": {"scale": 69329.2902154432}, "bpf_page_cache_hit": {"scale": 1.0}}, "CurveFit_Weights": [7682632.624138659, 10.012494549635285, 1.049955991948504, -180.27371361499476]}}}