{"platform": {"All_Weights": {"Categorical_Variables": {}, "Numerical_Variables": {"bpf_cpu_time_ms": {"scale": 107192.98651010284}, "bpf_page_cache_hit": {"scale": 1.0}}, "CurveFit_Weights": [1195945.8267331515, 39.25776134123618, 0.15063360939353995, -3208.094249536611]}}}