{"platform": {"All_Weights": {"Categorical_Variables": {}, "Numerical_Variables": {"bpf_cpu_time_ms": {"scale": 138157.4426289267}, "bpf_page_cache_hit": {"scale": 1.0}}, "CurveFit_Weights": [24548818.0898019, 10.340930614708418, 1.0602034298910588, -369.9917757793543]}}}