{"platform": {"All_Weights": {"Categorical_Variables": {}, "Numerical_Variables": {"bpf_cpu_time_ms": {"scale": 879015.6020753974}, "bpf_page_cache_hit": {"scale": 1.0}}, "CurveFit_Weights": [7826.00281575508, 1.1721629166895486, 2.6842679521947783, -289.54576837678457]}}}