{"platform": {"All_Weights": {"Categorical_Variables": {}, "Numerical_Variables": {"bpf_cpu_time_ms": {"scale": 192000.0}, "bpf_page_cache_hit": {"scale": 1.0}}, "CurveFit_Weights": [75703.80602731749, -25.318706116976934, 0.09464106222712802, -69343.29180514344]}}}