{"platform": {"All_Weights": {"Bias_Weight": 24.14019372440484, "Categorical_Variables": {}, "Numerical_Variables": {"bpf_cpu_time_us": {"scale": 3.5519772673454885e-05, "mean": 0, "variance": 0, "weight": 131.79367258735454}}}}}