{"package": {"All_Weights": {"Bias_Weight": 80.6116771312743, "Categorical_Variables": {}, "Numerical_Variables": {"bpf_cpu_time_us": {"scale": 29170.333333333332, "mean": 0, "variance": 0, "weight": -7.407789078772114}, "cache_miss": {"scale": 144445326.66666666, "mean": 0, "variance": 0, "weight": 122.54893508838352}, "cgroupfs_cpu_usage_us": {"scale": 131272780.66666667, "mean": 0, "variance": 0, "weight": -20.9165470925771}, "cgroupfs_memory_usage_bytes": {"scale": 4647594.666666666, "mean": 0, "variance": 0, "weight": 120.54764241879064}, "cgroupfs_system_cpu_usage_us": {"scale": 52209753.66666667, "mean": 0, "variance": 0, "weight": -22.23514411106477}, "cgroupfs_user_cpu_usage_us": {"scale": 79063019.99999999, "mean": 0, "variance": 0, "weight": -20.04580972573868}, "cpu_cycles": {"scale": 56749212346.333336, "mean": 0, "variance": 0, "weight": 392.92283136474595}, "cpu_instructions": {"scale": 70755378378.33333, "mean": 0, "variance": 0, "weight": 34.58277788200781}, "kubelet_cpu_usage": {"scale": 190.0, "mean": 0, "variance": 0, "weight": 0.9076813881209124}, "kubelet_memory_bytes": {"scale": 23948571989.333332, "mean": 0, "variance": 0, "weight": 7.8852959900282045}}}}, "core": {"All_Weights": {"Bias_Weight": 0.0, "Categorical_Variables": {}, "Numerical_Variables": {"bpf_cpu_time_us": {"scale": 29170.333333333332, "mean": 0, "variance": 0, "weight": 0.0}, "cache_miss": {"scale": 144445326.66666666, "mean": 0, "variance": 0, "weight": 0.0}, "cgroupfs_cpu_usage_us": {"scale": 131272780.66666667, "mean": 0, "variance": 0, "weight": 0.0}, "cgroupfs_memory_usage_bytes": {"scale": 4647594.666666666, "mean": 0, "variance": 0, "weight": 0.0}, "cgroupfs_system_cpu_usage_us": {"scale": 52209753.66666667, "mean": 0, "variance": 0, "weight": 0.0}, "cgroupfs_user_cpu_usage_us": {"scale": 79063019.99999999, "mean": 0, "variance": 0, "weight": 0.0}, "cpu_cycles": {"scale": 56749212346.333336, "mean": 0, "variance": 0, "weight": 0.0}, "cpu_instructions": {"scale": 70755378378.33333, "mean": 0, "variance": 0, "weight": 0.0}, "kubelet_cpu_usage": {"scale": 190.0, "mean": 0, "variance": 0, "weight": 0.0}, "kubelet_memory_bytes": {"scale": 23948571989.333332, "mean": 0, "variance": 0, "weight": 0.0}}}}, "uncore": {"All_Weights": {"Bias_Weight": 0.0, "Categorical_Variables": {}, "Numerical_Variables": {"bpf_cpu_time_us": {"scale": 29170.333333333332, "mean": 0, "variance": 0, "weight": 0.0}, "cache_miss": {"scale": 144445326.66666666, "mean": 0, "variance": 0, "weight": 0.0}, "cgroupfs_cpu_usage_us": {"scale": 131272780.66666667, "mean": 0, "variance": 0, "weight": 0.0}, "cgroupfs_memory_usage_bytes": {"scale": 4647594.666666666, "mean": 0, "variance": 0, "weight": 0.0}, "cgroupfs_system_cpu_usage_us": {"scale": 52209753.66666667, "mean": 0, "variance": 0, "weight": 0.0}, "cgroupfs_user_cpu_usage_us": {"scale": 79063019.99999999, "mean": 0, "variance": 0, "weight": 0.0}, "cpu_cycles": {"scale": 56749212346.333336, "mean": 0, "variance": 0, "weight": 0.0}, "cpu_instructions": {"scale": 70755378378.33333, "mean": 0, "variance": 0, "weight": 0.0}, "kubelet_cpu_usage": {"scale": 190.0, "mean": 0, "variance": 0, "weight": 0.0}, "kubelet_memory_bytes": {"scale": 23948571989.333332, "mean": 0, "variance": 0, "weight": 0.0}}}}, "dram": {"All_Weights": {"Bias_Weight": 123.1765095680251, "Categorical_Variables": {}, "Numerical_Variables": {"bpf_cpu_time_us": {"scale": 29170.333333333332, "mean": 0, "variance": 0, "weight": 4.940406034382671}, "cache_miss": {"scale": 144445326.66666666, "mean": 0, "variance": 0, "weight": 97.08529424977073}, "cgroupfs_cpu_usage_us": {"scale": 131272780.66666667, "mean": 0, "variance": 0, "weight": -1.254394591840758}, "cgroupfs_memory_usage_bytes": {"scale": 4647594.666666666, "mean": 0, "variance": 0, "weight": 9.547834236078725}, "cgroupfs_system_cpu_usage_us": {"scale": 52209753.66666667, "mean": 0, "variance": 0, "weight": -1.3178198081623684}, "cgroupfs_user_cpu_usage_us": {"scale": 79063019.99999999, "mean": 0, "variance": 0, "weight": -1.21251332878316}, "cpu_cycles": {"scale": 56749212346.333336, "mean": 0, "variance": 0, "weight": 52.52936801081924}, "cpu_instructions": {"scale": 70755378378.33333, "mean": 0, "variance": 0, "weight": -30.41579973815982}, "kubelet_cpu_usage": {"scale": 190.0, "mean": 0, "variance": 0, "weight": 0.3183103199907747}, "kubelet_memory_bytes": {"scale": 23948571989.333332, "mean": 0, "variance": 0, "weight": 10.54799897613676}}}}}