{"platform": {"All_Weights": {"Bias_Weight": -22.304659348677518, "Categorical_Variables": {}, "Numerical_Variables": {"bpf_cpu_time_us": {"scale": 29170.333333333332, "mean": 0, "variance": 0, "weight": 0.0}, "cache_miss": {"scale": 144445326.66666666, "mean": 0, "variance": 0, "weight": 271.4785298756805}, "cgroupfs_cpu_usage_us": {"scale": 131272780.66666667, "mean": 0, "variance": 0, "weight": 0.0}, "cgroupfs_memory_usage_bytes": {"scale": 4647594.666666666, "mean": 0, "variance": 0, "weight": 330.420136668522}, "cgroupfs_system_cpu_usage_us": {"scale": 52209753.66666667, "mean": 0, "variance": 0, "weight": 0.0}, "cgroupfs_user_cpu_usage_us": {"scale": 79063019.99999999, "mean": 0, "variance": 0, "weight": 0.0}, "cpu_cycles": {"scale": 56749212346.333336, "mean": 0, "variance": 0, "weight": 498.89310658587704}, "cpu_instructions": {"scale": 70755378378.33333, "mean": 0, "variance": 0, "weight": 0.0}, "kubelet_cpu_usage": {"scale": 190.0, "mean": 0, "variance": 0, "weight": 10.07726223543318}, "kubelet_memory_bytes": {"scale": 23948571989.333332, "mean": 0, "variance": 0, "weight": 26.785133131974362}}}}}