{"platform": {"All_Weights": {"Bias_Weight": -7.566396288581302, "Categorical_Variables": {}, "Numerical_Variables": {"bpf_cpu_time_us": {"scale": 3.5519772673454885e-05, "mean": 0, "variance": 0, "weight": 0.22761419464272584}, "cache_miss": {"scale": 1.0158675600729726e-08, "mean": 0, "variance": 0, "weight": 62.11545367819122}, "cgroupfs_cpu_usage_us": {"scale": 8.125391980758681e-09, "mean": 0, "variance": 0, "weight": 0.0}, "cgroupfs_memory_usage_bytes": {"scale": 1.1936471235332465e-07, "mean": 0, "variance": 0, "weight": 234.3504399232971}, "cgroupfs_system_cpu_usage_us": {"scale": 3.491779623312634e-08, "mean": 0, "variance": 0, "weight": 0.0}, "cgroupfs_user_cpu_usage_us": {"scale": 1.0589597664544716e-08, "mean": 0, "variance": 0, "weight": 0.0}, "cpu_cycles": {"scale": 1.8357850000664683e-11, "mean": 0, "variance": 0, "weight": 160.84803686028562}, "cpu_instructions": {"scale": 1.0, "mean": 0, "variance": 0, "weight": 0.0}, "kubelet_cpu_usage": {"scale": 0.005802707930367505, "mean": 0, "variance": 0, "weight": 0.0}, "kubelet_memory_bytes": {"scale": 8.805236663121755e-11, "mean": 0, "variance": 0, "weight": 3.438043287293176}}}}}