{"platform": {"All_Weights": {"Bias_Weight": -17.37058454598439, "Categorical_Variables": {}, "Numerical_Variables": {"bpf_cpu_time_us": {"scale": 29170.333333333332, "mean": 0, "variance": 0, "weight": -2.731328782362759}, "cache_miss": {"scale": 144445326.66666666, "mean": 0, "variance": 0, "weight": 272.22242259071567}, "cgroupfs_cpu_usage_us": {"scale": 131272780.66666667, "mean": 0, "variance": 0, "weight": -19.825274089707936}, "cgroupfs_memory_usage_bytes": {"scale": 4647594.666666666, "mean": 0, "variance": 0, "weight": 221.98766210436273}, "cgroupfs_system_cpu_usage_us": {"scale": 52209753.66666667, "mean": 0, "variance": 0, "weight": -21.35562688319422}, "cgroupfs_user_cpu_usage_us": {"scale": 79063019.99999999, "mean": 0, "variance": 0, "weight": -18.814700911328742}, "cpu_cycles": {"scale": 56749212346.333336, "mean": 0, "variance": 0, "weight": 493.6160589929239}, "cpu_instructions": {"scale": 70755378378.33333, "mean": 0, "variance": 0, "weight": 5.6026180102874}, "kubelet_cpu_usage": {"scale": 190.0, "mean": 0, "variance": 0, "weight": 4.454185983319567}, "kubelet_memory_bytes": {"scale": 23948571989.333332, "mean": 0, "variance": 0, "weight": 25.666193644041893}}}}}