{"platform": {"All_Weights": {"Bias_Weight": 203.22204695242436, "Categorical_Variables": {}, "Numerical_Variables": {"bpf_cpu_time_us": {"mean": 5608.400902868793, "variance": 29661131.240907874, "weight": 6.665511862185983}, "cache_miss": {"mean": 11772187.522252472, "variance": 409151166293758.44, "weight": 48.938081281294274}, "cgroupfs_cpu_usage_us": {"mean": 1080538.090723751, "variance": 129154197094126.67, "weight": -0.6599035262137684}, "cgroupfs_memory_usage_bytes": {"mean": 98691.1128585991, "variance": 557223414532.787, "weight": 4.978469776923442}, "cgroupfs_system_cpu_usage_us": {"mean": 251370.65487112277, "variance": 6987370354187.755, "weight": -0.56185400472778}, "cgroupfs_user_cpu_usage_us": {"mean": 829167.4355613805, "variance": 76060314812705.55, "weight": -0.6896080672637909}, "cpu_cycles": {"mean": 10958623148.504377, "variance": 1.3653973085887105e+20, "weight": 105.85982403386022}, "cpu_instructions": {"mean": 0.0, "variance": 0.0, "weight": 0.0}, "kubelet_cpu_usage": {"mean": 7.212174166302607, "variance": 420.0275514159066, "weight": 1.6137020969953342}, "kubelet_memory_bytes": {"mean": 22912587.379641764, "variance": 1.1963713956742662e+17, "weight": 1.2988432218903811}}}}}