{"package": {"All_Weights": {"Categorical_Variables": {}, "Numerical_Variables": {"bpf_cpu_time_ms": {"scale": 15876.666666666668}, "bpf_page_cache_hit": {"scale": 1.0}}, "CurveFit_Weights": [74201.65149249026, 0.0002792056041927523, -74190.14228317096]}}, "core": {"All_Weights": {"Categorical_Variables": {}, "Numerical_Variables": {"bpf_cpu_time_ms": {"scale": 15876.666666666668}, "bpf_page_cache_hit": {"scale": 1.0}}, "CurveFit_Weights": [68008.24579272605, 0.00028472184795287555, -67999.79194821433]}}, "uncore": {"All_Weights": {"Categorical_Variables": {}, "Numerical_Variables": {"bpf_cpu_time_ms": {"scale": 15876.666666666668}, "bpf_page_cache_hit": {"scale": 1.0}}, "CurveFit_Weights": [0.07065648273599563, 0.5516908742171731, 0.12160682970298262]}}, "dram": {"All_Weights": {"Categorical_Variables": {}, "Numerical_Variables": {"bpf_cpu_time_ms": {"scale": 15876.666666666668}, "bpf_page_cache_hit": {"scale": 1.0}}, "CurveFit_Weights": [0.0, 1.0, 0.0]}}}