{"package": {"All_Weights": {"Categorical_Variables": {}, "Numerical_Variables": {"bpf_cpu_time_ms": {"scale": 2185.9999999999995}, "bpf_page_cache_hit": {"scale": 1.0}}, "CurveFit_Weights": [-542.2491946544262, -0.000885336122324812, 563.8052070908833]}}, "core": {"All_Weights": {"Categorical_Variables": {}, "Numerical_Variables": {"bpf_cpu_time_ms": {"scale": 2185.9999999999995}, "bpf_page_cache_hit": {"scale": 1.0}}, "CurveFit_Weights": [1.0499953184444755, 0.39075002689764626, 12.925330399895397]}}, "uncore": {"All_Weights": {"Categorical_Variables": {}, "Numerical_Variables": {"bpf_cpu_time_ms": {"scale": 2185.9999999999995}, "bpf_page_cache_hit": {"scale": 1.0}}, "CurveFit_Weights": [1.1799511794509997e-07, 3.6817577666886883, 2.4439357855830455]}}, "dram": {"All_Weights": {"Categorical_Variables": {}, "Numerical_Variables": {"bpf_cpu_time_ms": {"scale": 2185.9999999999995}, "bpf_page_cache_hit": {"scale": 1.0}}, "CurveFit_Weights": [0.0, 1.0, 0.0]}}}