{"package": {"All_Weights": {"Bias_Weight": -18591961503.602825, "Categorical_Variables": {}, "Numerical_Variables": {"bpf_block_irq": {"scale": 1.0, "weight": 26675897918.638954}, "bpf_net_rx_irq": {"scale": 26.666666666666668, "weight": 34459902711.34116}, "bpf_net_tx_irq": {"scale": 1.0, "weight": -988443349.4040147}, "cache_miss": {"scale": 63603973.0, "weight": 34504653217.55742}, "cpu_cycles": {"scale": 139277196.0, "weight": 17201739590.932705}, "cpu_instructions": {"scale": 254515913.66666666, "weight": -26594087743.200817}}}}, "core": {"All_Weights": {"Bias_Weight": -20683548979.815365, "Categorical_Variables": {}, "Numerical_Variables": {"bpf_block_irq": {"scale": 1.0, "weight": 17741218152.798252}, "bpf_net_rx_irq": {"scale": 26.666666666666668, "weight": 12965253506.710323}, "bpf_net_tx_irq": {"scale": 1.0, "weight": -692551999.9837788}, "cache_miss": {"scale": 63603973.0, "weight": -63237754779.14684}, "cpu_cycles": {"scale": 139277196.0, "weight": 48154870131.41704}, "cpu_instructions": {"scale": 254515913.66666666, "weight": 163386373856.21347}}}}, "uncore": {"All_Weights": {"Bias_Weight": -57553215241.4518, "Categorical_Variables": {}, "Numerical_Variables": {"bpf_block_irq": {"scale": 1.0, "weight": -18791111391.85078}, "bpf_net_rx_irq": {"scale": 26.666666666666668, "weight": -2759220719.1106787}, "bpf_net_tx_irq": {"scale": 1.0, "weight": 1590822004.9988613}, "cache_miss": {"scale": 63603973.0, "weight": 81343695538.54683}, "cpu_cycles": {"scale": 139277196.0, "weight": 47076144555.58458}, "cpu_instructions": {"scale": 254515913.66666666, "weight": -113867238532.27754}}}}, "dram": {"All_Weights": {"Bias_Weight": 0.0, "Categorical_Variables": {}, "Numerical_Variables": {"bpf_block_irq": {"scale": 1.0, "weight": 0.0}, "bpf_net_rx_irq": {"scale": 26.666666666666668, "weight": 0.0}, "bpf_net_tx_irq": {"scale": 1.0, "weight": 0.0}, "cache_miss": {"scale": 63603973.0, "weight": 0.0}, "cpu_cycles": {"scale": 139277196.0, "weight": 0.0}, "cpu_instructions": {"scale": 254515913.66666666, "weight": 0.0}}}}}