{"package": {"All_Weights": {"Categorical_Variables": {}, "Numerical_Variables": {"bpf_block_irq": {"scale": 1.0}, "bpf_net_rx_irq": {"scale": 26.666666666666668}, "bpf_net_tx_irq": {"scale": 1.0}, "cache_miss": {"scale": 63603973.0}, "cpu_cycles": {"scale": 139277196.0}, "cpu_instructions": {"scale": 254515913.66666666}}, "CurveFit_Weights": [-4.583676022290942e-12, 0.9999999982225382, 64.7259349566398]}}, "core": {"All_Weights": {"Categorical_Variables": {}, "Numerical_Variables": {"bpf_block_irq": {"scale": 1.0}, "bpf_net_rx_irq": {"scale": 26.666666666666668}, "bpf_net_tx_irq": {"scale": 1.0}, "cache_miss": {"scale": 63603973.0}, "cpu_cycles": {"scale": 139277196.0}, "cpu_instructions": {"scale": 254515913.66666666}}, "CurveFit_Weights": [5.240189654861881e-13, 1.000000002629204, -10.48266666666647]}}, "uncore": {"All_Weights": {"Categorical_Variables": {}, "Numerical_Variables": {"bpf_block_irq": {"scale": 1.0}, "bpf_net_rx_irq": {"scale": 26.666666666666668}, "bpf_net_tx_irq": {"scale": 1.0}, "cache_miss": {"scale": 63603973.0}, "cpu_cycles": {"scale": 139277196.0}, "cpu_instructions": {"scale": 254515913.66666666}}, "CurveFit_Weights": [-6.384683314895591e-13, 0.9999999987489038, -9.533224627892085e+61]}}, "dram": {"All_Weights": {"Categorical_Variables": {}, "Numerical_Variables": {"bpf_block_irq": {"scale": 1.0}, "bpf_net_rx_irq": {"scale": 26.666666666666668}, "bpf_net_tx_irq": {"scale": 1.0}, "cache_miss": {"scale": 63603973.0}, "cpu_cycles": {"scale": 139277196.0}, "cpu_instructions": {"scale": 254515913.66666666}}, "CurveFit_Weights": [0.0, 1.0, 0.0]}}}