{"platform": {"All_Weights": {"Bias_Weight": -10.869518456656976, "Categorical_Variables": {}, "Numerical_Variables": {"cache_miss": {"scale": 144445326.66666666, "mean": 0, "variance": 0, "weight": 272.4417791405696}, "cpu_cycles": {"scale": 56749212346.333336, "mean": 0, "variance": 0, "weight": 481.07668239136956}, "cpu_instructions": {"scale": 70755378378.33333, "mean": 0, "variance": 0, "weight": 16.086078676019174}}}}}