{"platform": {"All_Weights": {"Bias_Weight": -3.151076768353832, "Categorical_Variables": {}, "Numerical_Variables": {"cache_miss": {"scale": 1.0158675600729726e-08, "mean": 0, "variance": 0, "weight": 62.594962712030416}, "cpu_cycles": {"scale": 1.8357850000664683e-11, "mean": 0, "variance": 0, "weight": 155.3312363161919}, "cpu_instructions": {"scale": 1.0, "mean": 0, "variance": 0, "weight": 1.6282262842183838e-11}}}}}