{"platform": {"All_Weights": {"Bias_Weight": -10.475368935484541, "Categorical_Variables": {}, "Numerical_Variables": {"cache_miss": {"scale": 144445326.66666666, "mean": 0, "variance": 0, "weight": 278.997884523769}, "cpu_cycles": {"scale": 56749212346.333336, "mean": 0, "variance": 0, "weight": 476.3383147134212}, "cpu_instructions": {"scale": 70755378378.33333, "mean": 0, "variance": 0, "weight": 19.586686684555385}}}}}