{"platform": {"All_Weights": {"Bias_Weight": 203.73982196355342, "Categorical_Variables": {}, "Numerical_Variables": {"cache_miss": {"mean": 11772187.522252472, "variance": 409151166293758.44, "weight": 48.779969326582574}, "cpu_cycles": {"mean": 10958623148.504377, "variance": 1.3653973085887105e+20, "weight": 110.92138118365241}, "cpu_instructions": {"mean": 0.0, "variance": 0.0, "weight": 0.0}}}}}