{"package": {"All_Weights": {"Categorical_Variables": {}, "Numerical_Variables": {"cache_miss": {"scale": 33472823426.333336}, "cpu_cycles": {"scale": 208086514702.00003}, "cpu_instructions": {"scale": 256211268366.99997}}, "CurveFit_Weights": [2028362.0836234482, 0.0001730445014345893, -2028169.3752299233]}}, "core": {"All_Weights": {"Categorical_Variables": {}, "Numerical_Variables": {"cache_miss": {"scale": 33472823426.333336}, "cpu_cycles": {"scale": 208086514702.00003}, "cpu_instructions": {"scale": 256211268366.99997}}, "CurveFit_Weights": [0.0, 1.0, 0.0]}}, "uncore": {"All_Weights": {"Categorical_Variables": {}, "Numerical_Variables": {"cache_miss": {"scale": 33472823426.333336}, "cpu_cycles": {"scale": 208086514702.00003}, "cpu_instructions": {"scale": 256211268366.99997}}, "CurveFit_Weights": [0.0, 1.0, 0.0]}}, "dram": {"All_Weights": {"Categorical_Variables": {}, "Numerical_Variables": {"cache_miss": {"scale": 33472823426.333336}, "cpu_cycles": {"scale": 208086514702.00003}, "cpu_instructions": {"scale": 256211268366.99997}}, "CurveFit_Weights": [27318.02229147267, 0.00019378769013663852, -27302.97563048372]}}}