{"package": {"All_Weights": {"Categorical_Variables": {}, "Numerical_Variables": {"cache_miss": {"scale": 33472823426.333336}, "cpu_cycles": {"scale": 208086514702.0}, "cpu_instructions": {"scale": 256211268366.99997}}, "CurveFit_Weights": [2249042.2099546837, 0.00015566337597729439, -2248848.681247742]}}, "core": {"All_Weights": {"Categorical_Variables": {}, "Numerical_Variables": {"cache_miss": {"scale": 33472823426.333336}, "cpu_cycles": {"scale": 208086514702.0}, "cpu_instructions": {"scale": 256211268366.99997}}, "CurveFit_Weights": [0.0, 1.0, 0.0]}}, "uncore": {"All_Weights": {"Categorical_Variables": {}, "Numerical_Variables": {"cache_miss": {"scale": 33472823426.333336}, "cpu_cycles": {"scale": 208086514702.0}, "cpu_instructions": {"scale": 256211268366.99997}}, "CurveFit_Weights": [0.0, 1.0, 0.0]}}, "dram": {"All_Weights": {"Categorical_Variables": {}, "Numerical_Variables": {"cache_miss": {"scale": 33472823426.333336}, "cpu_cycles": {"scale": 208086514702.0}, "cpu_instructions": {"scale": 256211268366.99997}}, "CurveFit_Weights": [28068.015775441032, 0.00020133158230496172, -28053.255293019447]}}}