{"package": {"All_Weights": {"Categorical_Variables": {}, "Numerical_Variables": {"cache_miss": {"scale": 33356886487.666668}, "cpu_cycles": {"scale": 193692353461.00003}, "cpu_instructions": {"scale": 224635433702.66666}}, "CurveFit_Weights": [1623836.2250211316, 0.00011283482353558594, -1623764.0925171573]}}, "core": {"All_Weights": {"Categorical_Variables": {}, "Numerical_Variables": {"cache_miss": {"scale": 33356886487.666668}, "cpu_cycles": {"scale": 193692353461.00003}, "cpu_instructions": {"scale": 224635433702.66666}}, "CurveFit_Weights": [0.0, 1.0, 0.0]}}, "uncore": {"All_Weights": {"Categorical_Variables": {}, "Numerical_Variables": {"cache_miss": {"scale": 33356886487.666668}, "cpu_cycles": {"scale": 193692353461.00003}, "cpu_instructions": {"scale": 224635433702.66666}}, "CurveFit_Weights": [0.0, 1.0, 0.0]}}, "dram": {"All_Weights": {"Categorical_Variables": {}, "Numerical_Variables": {"cache_miss": {"scale": 33356886487.666668}, "cpu_cycles": {"scale": 193692353461.00003}, "cpu_instructions": {"scale": 224635433702.66666}}, "CurveFit_Weights": [35284.64401374851, 0.00023052338733955453, -35263.39862758677]}}}