{"package": {"All_Weights": {"Categorical_Variables": {}, "Numerical_Variables": {"cache_miss": {"scale": 47758890482.0}, "cpu_cycles": {"scale": 296920248053.6667}, "cpu_instructions": {"scale": 365426866197.0}}, "CurveFit_Weights": [1855612.674498938, 0.00017107598156041517, -1855479.52467674]}}, "core": {"All_Weights": {"Categorical_Variables": {}, "Numerical_Variables": {"cache_miss": {"scale": 47758890482.0}, "cpu_cycles": {"scale": 296920248053.6667}, "cpu_instructions": {"scale": 365426866197.0}}, "CurveFit_Weights": [0.0, 1.0, 0.0]}}, "uncore": {"All_Weights": {"Categorical_Variables": {}, "Numerical_Variables": {"cache_miss": {"scale": 47758890482.0}, "cpu_cycles": {"scale": 296920248053.6667}, "cpu_instructions": {"scale": 365426866197.0}}, "CurveFit_Weights": [0.0, 1.0, 0.0]}}, "dram": {"All_Weights": {"Categorical_Variables": {}, "Numerical_Variables": {"cache_miss": {"scale": 47758890482.0}, "cpu_cycles": {"scale": 296920248053.6667}, "cpu_instructions": {"scale": 365426866197.0}}, "CurveFit_Weights": [59115.47679958435, 0.00016849821489628615, -59097.848991343104]}}}