{"package": {"All_Weights": {"Categorical_Variables": {}, "Numerical_Variables": {"cache_miss": {"scale": 67982229205.0}, "cpu_cycles": {"scale": 307142550081.3334}, "cpu_instructions": {"scale": 516986978756.3333}}, "CurveFit_Weights": [1726191.581607825, 0.00017256752895404654, -1726046.2922627828]}}, "core": {"All_Weights": {"Categorical_Variables": {}, "Numerical_Variables": {"cache_miss": {"scale": 67982229205.0}, "cpu_cycles": {"scale": 307142550081.3334}, "cpu_instructions": {"scale": 516986978756.3333}}, "CurveFit_Weights": [0.0, 1.0, 0.0]}}, "uncore": {"All_Weights": {"Categorical_Variables": {}, "Numerical_Variables": {"cache_miss": {"scale": 67982229205.0}, "cpu_cycles": {"scale": 307142550081.3334}, "cpu_instructions": {"scale": 516986978756.3333}}, "CurveFit_Weights": [0.0, 1.0, 0.0]}}, "dram": {"All_Weights": {"Categorical_Variables": {}, "Numerical_Variables": {"cache_miss": {"scale": 67982229205.0}, "cpu_cycles": {"scale": 307142550081.3334}, "cpu_instructions": {"scale": 516986978756.3333}}, "CurveFit_Weights": [-1410.5226078718201, 0.00020209680273698279, 1441.9935627736947]}}}