{"package": {"All_Weights": {"Categorical_Variables": {}, "Numerical_Variables": {"cache_miss": {"scale": 47758890482.00001}, "cpu_cycles": {"scale": 296920248053.6666}, "cpu_instructions": {"scale": 365426866197.0}}, "CurveFit_Weights": [2042840.6506251916, 0.00016026974208977463, -2042714.22271112]}}, "core": {"All_Weights": {"Categorical_Variables": {}, "Numerical_Variables": {"cache_miss": {"scale": 47758890482.00001}, "cpu_cycles": {"scale": 296920248053.6666}, "cpu_instructions": {"scale": 365426866197.0}}, "CurveFit_Weights": [0.0, 1.0, 0.0]}}, "uncore": {"All_Weights": {"Categorical_Variables": {}, "Numerical_Variables": {"cache_miss": {"scale": 47758890482.00001}, "cpu_cycles": {"scale": 296920248053.6666}, "cpu_instructions": {"scale": 365426866197.0}}, "CurveFit_Weights": [0.0, 1.0, 0.0]}}, "dram": {"All_Weights": {"Categorical_Variables": {}, "Numerical_Variables": {"cache_miss": {"scale": 47758890482.00001}, "cpu_cycles": {"scale": 296920248053.6666}, "cpu_instructions": {"scale": 365426866197.0}}, "CurveFit_Weights": [56721.139934304534, 0.0001779826664754718, -56703.56052985362]}}}