{"package": {"All_Weights": {"Categorical_Variables": {}, "Numerical_Variables": {"cache_miss": {"scale": 51054503315.00001}, "cpu_cycles": {"scale": 319756002621.6667}, "cpu_instructions": {"scale": 390690985458.6666}}, "CurveFit_Weights": [2234695.762482596, 0.000182204159107024, -2234530.131818562]}}, "core": {"All_Weights": {"Categorical_Variables": {}, "Numerical_Variables": {"cache_miss": {"scale": 51054503315.00001}, "cpu_cycles": {"scale": 319756002621.6667}, "cpu_instructions": {"scale": 390690985458.6666}}, "CurveFit_Weights": [0.0, 1.0, 0.0]}}, "uncore": {"All_Weights": {"Categorical_Variables": {}, "Numerical_Variables": {"cache_miss": {"scale": 51054503315.00001}, "cpu_cycles": {"scale": 319756002621.6667}, "cpu_instructions": {"scale": 390690985458.6666}}, "CurveFit_Weights": [0.0, 1.0, 0.0]}}, "dram": {"All_Weights": {"Categorical_Variables": {}, "Numerical_Variables": {"cache_miss": {"scale": 51054503315.00001}, "cpu_cycles": {"scale": 319756002621.6667}, "cpu_instructions": {"scale": 390690985458.6666}}, "CurveFit_Weights": [46442.606938084886, 0.0001402907482867468, -46428.759017253906]}}}