{"package": {"All_Weights": {"Categorical_Variables": {}, "Numerical_Variables": {"cache_miss": {"scale": 67982229205.0}, "cpu_cycles": {"scale": 307142550081.3333}, "cpu_instructions": {"scale": 516986978756.3333}}, "CurveFit_Weights": [1763983.2239275263, 0.00017407132612774095, -1763842.023980922]}}, "core": {"All_Weights": {"Categorical_Variables": {}, "Numerical_Variables": {"cache_miss": {"scale": 67982229205.0}, "cpu_cycles": {"scale": 307142550081.3333}, "cpu_instructions": {"scale": 516986978756.3333}}, "CurveFit_Weights": [0.0, 1.0, 0.0]}}, "uncore": {"All_Weights": {"Categorical_Variables": {}, "Numerical_Variables": {"cache_miss": {"scale": 67982229205.0}, "cpu_cycles": {"scale": 307142550081.3333}, "cpu_instructions": {"scale": 516986978756.3333}}, "CurveFit_Weights": [0.0, 1.0, 0.0]}}, "dram": {"All_Weights": {"Categorical_Variables": {}, "Numerical_Variables": {"cache_miss": {"scale": 67982229205.0}, "cpu_cycles": {"scale": 307142550081.3333}, "cpu_instructions": {"scale": 516986978756.3333}}, "CurveFit_Weights": [-1062.3790793886235, 0.0002776413740812508, 1093.8558048432487]}}}