{"package": {"All_Weights": {"Categorical_Variables": {}, "Numerical_Variables": {"cache_miss": {"scale": 51054503315.0}, "cpu_cycles": {"scale": 319756002621.6666}, "cpu_instructions": {"scale": 390690985458.6666}}, "CurveFit_Weights": [2634753.3747913735, 0.00015678416731261248, -2634597.4895430524]}}, "core": {"All_Weights": {"Categorical_Variables": {}, "Numerical_Variables": {"cache_miss": {"scale": 51054503315.0}, "cpu_cycles": {"scale": 319756002621.6666}, "cpu_instructions": {"scale": 390690985458.6666}}, "CurveFit_Weights": [0.0, 1.0, 0.0]}}, "uncore": {"All_Weights": {"Categorical_Variables": {}, "Numerical_Variables": {"cache_miss": {"scale": 51054503315.0}, "cpu_cycles": {"scale": 319756002621.6666}, "cpu_instructions": {"scale": 390690985458.6666}}, "CurveFit_Weights": [0.0, 1.0, 0.0]}}, "dram": {"All_Weights": {"Categorical_Variables": {}, "Numerical_Variables": {"cache_miss": {"scale": 51054503315.0}, "cpu_cycles": {"scale": 319756002621.6666}, "cpu_instructions": {"scale": 390690985458.6666}}, "CurveFit_Weights": [44380.41161195957, 0.00014271916690243423, -44366.34908872618]}}}