{"package": {"All_Weights": {"Categorical_Variables": {}, "Numerical_Variables": {"cache_miss": {"scale": 67982229205.0}, "cpu_cycles": {"scale": 307142550081.3333}, "cpu_instructions": {"scale": 516986978756.3333}}, "CurveFit_Weights": [67.19049665444318, 107.7823696407664, 70.9019702287361]}}, "core": {"All_Weights": {"Categorical_Variables": {}, "Numerical_Variables": {"cache_miss": {"scale": 67982229205.0}, "cpu_cycles": {"scale": 307142550081.3333}, "cpu_instructions": {"scale": 516986978756.3333}}, "CurveFit_Weights": [0.0, 1.0, 0.0]}}, "uncore": {"All_Weights": {"Categorical_Variables": {}, "Numerical_Variables": {"cache_miss": {"scale": 67982229205.0}, "cpu_cycles": {"scale": 307142550081.3333}, "cpu_instructions": {"scale": 516986978756.3333}}, "CurveFit_Weights": [0.0, 1.0, 0.0]}}, "dram": {"All_Weights": {"Categorical_Variables": {}, "Numerical_Variables": {"cache_miss": {"scale": 67982229205.0}, "cpu_cycles": {"scale": 307142550081.3333}, "cpu_instructions": {"scale": 516986978756.3333}}, "CurveFit_Weights": [2219.0467991554765, -0.0001378150623916757, 31.488156583594826]}}}