{"package": {"All_Weights": {"Categorical_Variables": {}, "Numerical_Variables": {"cache_miss": {"scale": 33472823426.333336}, "cpu_cycles": {"scale": 208086514702.00003}, "cpu_instructions": {"scale": 256211268366.99997}}, "CurveFit_Weights": [94.4637717318186, 132.91693767119517, 33.16720670302528]}}, "core": {"All_Weights": {"Categorical_Variables": {}, "Numerical_Variables": {"cache_miss": {"scale": 33472823426.333336}, "cpu_cycles": {"scale": 208086514702.00003}, "cpu_instructions": {"scale": 256211268366.99997}}, "CurveFit_Weights": [0.0, 1.0, 0.0]}}, "uncore": {"All_Weights": {"Categorical_Variables": {}, "Numerical_Variables": {"cache_miss": {"scale": 33472823426.333336}, "cpu_cycles": {"scale": 208086514702.00003}, "cpu_instructions": {"scale": 256211268366.99997}}, "CurveFit_Weights": [0.0, 1.0, 0.0]}}, "dram": {"All_Weights": {"Categorical_Variables": {}, "Numerical_Variables": {"cache_miss": {"scale": 33472823426.333336}, "cpu_cycles": {"scale": 208086514702.00003}, "cpu_instructions": {"scale": 256211268366.99997}}, "CurveFit_Weights": [1.4103094492571053, 1753245.7215722622, -0.6153486266824484]}}}