{"package": {"All_Weights": {"Categorical_Variables": {}, "Numerical_Variables": {"cache_miss": {"scale": 47758890482.00001}, "cpu_cycles": {"scale": 296920248053.6666}, "cpu_instructions": {"scale": 365426866197.0}}, "CurveFit_Weights": [76.7599359692475, 88.87036942350386, 48.74856130893794]}}, "core": {"All_Weights": {"Categorical_Variables": {}, "Numerical_Variables": {"cache_miss": {"scale": 47758890482.00001}, "cpu_cycles": {"scale": 296920248053.6666}, "cpu_instructions": {"scale": 365426866197.0}}, "CurveFit_Weights": [0.0, 1.0, 0.0]}}, "uncore": {"All_Weights": {"Categorical_Variables": {}, "Numerical_Variables": {"cache_miss": {"scale": 47758890482.00001}, "cpu_cycles": {"scale": 296920248053.6666}, "cpu_instructions": {"scale": 365426866197.0}}, "CurveFit_Weights": [0.0, 1.0, 0.0]}}, "dram": {"All_Weights": {"Categorical_Variables": {}, "Numerical_Variables": {"cache_miss": {"scale": 47758890482.00001}, "cpu_cycles": {"scale": 296920248053.6666}, "cpu_instructions": {"scale": 365426866197.0}}, "CurveFit_Weights": [2.060324351421652, 703.4737340082302, 12.281251691828402]}}}