{"package": {"All_Weights": {"Categorical_Variables": {}, "Numerical_Variables": {"cache_miss": {"scale": 47960525671.0}, "cpu_cycles": {"scale": 297051278756.0}, "cpu_instructions": {"scale": 366964943029.6667}}, "CurveFit_Weights": [66.53086902186426, 155.2951433858766, 46.60363352591453]}}, "core": {"All_Weights": {"Categorical_Variables": {}, "Numerical_Variables": {"cache_miss": {"scale": 47960525671.0}, "cpu_cycles": {"scale": 297051278756.0}, "cpu_instructions": {"scale": 366964943029.6667}}, "CurveFit_Weights": [0.0, 1.0, 0.0]}}, "uncore": {"All_Weights": {"Categorical_Variables": {}, "Numerical_Variables": {"cache_miss": {"scale": 47960525671.0}, "cpu_cycles": {"scale": 297051278756.0}, "cpu_instructions": {"scale": 366964943029.6667}}, "CurveFit_Weights": [0.0, 1.0, 0.0]}}, "dram": {"All_Weights": {"Categorical_Variables": {}, "Numerical_Variables": {"cache_miss": {"scale": 47960525671.0}, "cpu_cycles": {"scale": 297051278756.0}, "cpu_instructions": {"scale": 366964943029.6667}}, "CurveFit_Weights": [3.7404259150478385, 721.45391710562, 22.00584726690883]}}}