{"package": {"All_Weights": {"Categorical_Variables": {}, "Numerical_Variables": {"cache_miss": {"scale": 33356886487.666668}, "cpu_cycles": {"scale": 193692353461.00003}, "cpu_instructions": {"scale": 224635433702.66666}}, "CurveFit_Weights": [59.928131653815065, 19.723328125098604, 46.1467365413585]}}, "core": {"All_Weights": {"Categorical_Variables": {}, "Numerical_Variables": {"cache_miss": {"scale": 33356886487.666668}, "cpu_cycles": {"scale": 193692353461.00003}, "cpu_instructions": {"scale": 224635433702.66666}}, "CurveFit_Weights": [0.0, 1.0, 0.0]}}, "uncore": {"All_Weights": {"Categorical_Variables": {}, "Numerical_Variables": {"cache_miss": {"scale": 33356886487.666668}, "cpu_cycles": {"scale": 193692353461.00003}, "cpu_instructions": {"scale": 224635433702.66666}}, "CurveFit_Weights": [0.0, 1.0, 0.0]}}, "dram": {"All_Weights": {"Categorical_Variables": {}, "Numerical_Variables": {"cache_miss": {"scale": 33356886487.666668}, "cpu_cycles": {"scale": 193692353461.00003}, "cpu_instructions": {"scale": 224635433702.66666}}, "CurveFit_Weights": [1.9294077843159472, 23337353.95613358, -4.439558598089384]}}}