{"package": {"All_Weights": {"Categorical_Variables": {}, "Numerical_Variables": {"cache_miss": {"scale": 51054503315.00001}, "cpu_cycles": {"scale": 319756002621.6667}, "cpu_instructions": {"scale": 390690985458.6666}}, "CurveFit_Weights": [89.74281544284004, 159.9373866133815, 42.838770426998074]}}, "core": {"All_Weights": {"Categorical_Variables": {}, "Numerical_Variables": {"cache_miss": {"scale": 51054503315.00001}, "cpu_cycles": {"scale": 319756002621.6667}, "cpu_instructions": {"scale": 390690985458.6666}}, "CurveFit_Weights": [0.0, 1.0, 0.0]}}, "uncore": {"All_Weights": {"Categorical_Variables": {}, "Numerical_Variables": {"cache_miss": {"scale": 51054503315.00001}, "cpu_cycles": {"scale": 319756002621.6667}, "cpu_instructions": {"scale": 390690985458.6666}}, "CurveFit_Weights": [0.0, 1.0, 0.0]}}, "dram": {"All_Weights": {"Categorical_Variables": {}, "Numerical_Variables": {"cache_miss": {"scale": 51054503315.00001}, "cpu_cycles": {"scale": 319756002621.6667}, "cpu_instructions": {"scale": 390690985458.6666}}, "CurveFit_Weights": [1.403077129688978, 344.77322493588804, 11.03195133897475]}}}