{"package": {"All_Weights": {"Categorical_Variables": {}, "Numerical_Variables": {"cache_miss": {"scale": 33472823426.333336}, "cpu_cycles": {"scale": 208086514702.0}, "cpu_instructions": {"scale": 256211268366.99997}}, "CurveFit_Weights": [95.32765626643258, 128.67760462919344, 31.36226600867495]}}, "core": {"All_Weights": {"Categorical_Variables": {}, "Numerical_Variables": {"cache_miss": {"scale": 33472823426.333336}, "cpu_cycles": {"scale": 208086514702.0}, "cpu_instructions": {"scale": 256211268366.99997}}, "CurveFit_Weights": [0.0, 1.0, 0.0]}}, "uncore": {"All_Weights": {"Categorical_Variables": {}, "Numerical_Variables": {"cache_miss": {"scale": 33472823426.333336}, "cpu_cycles": {"scale": 208086514702.0}, "cpu_instructions": {"scale": 256211268366.99997}}, "CurveFit_Weights": [0.0, 1.0, 0.0]}}, "dram": {"All_Weights": {"Categorical_Variables": {}, "Numerical_Variables": {"cache_miss": {"scale": 33472823426.333336}, "cpu_cycles": {"scale": 208086514702.0}, "cpu_instructions": {"scale": 256211268366.99997}}, "CurveFit_Weights": [1.5231081758530565, 732.7110343688961, 9.60444265956703]}}}