{"package": {"All_Weights": {"Categorical_Variables": {}, "Numerical_Variables": {"cache_miss": {"scale": 51054503315.0}, "cpu_cycles": {"scale": 319756002621.6666}, "cpu_instructions": {"scale": 390690985458.6666}}, "CurveFit_Weights": [91.48952917594991, 140.32697750178966, 43.5661400763543]}}, "core": {"All_Weights": {"Categorical_Variables": {}, "Numerical_Variables": {"cache_miss": {"scale": 51054503315.0}, "cpu_cycles": {"scale": 319756002621.6666}, "cpu_instructions": {"scale": 390690985458.6666}}, "CurveFit_Weights": [0.0, 1.0, 0.0]}}, "uncore": {"All_Weights": {"Categorical_Variables": {}, "Numerical_Variables": {"cache_miss": {"scale": 51054503315.0}, "cpu_cycles": {"scale": 319756002621.6666}, "cpu_instructions": {"scale": 390690985458.6666}}, "CurveFit_Weights": [0.0, 1.0, 0.0]}}, "dram": {"All_Weights": {"Categorical_Variables": {}, "Numerical_Variables": {"cache_miss": {"scale": 51054503315.0}, "cpu_cycles": {"scale": 319756002621.6666}, "cpu_instructions": {"scale": 390690985458.6666}}, "CurveFit_Weights": [1.3824988707541686, 409.831959071604, 10.94153201641632]}}}