{"package": {"All_Weights": {"Categorical_Variables": {}, "Numerical_Variables": {"cache_miss": {"scale": 67982229205.0}, "cpu_cycles": {"scale": 307142550081.3334}, "cpu_instructions": {"scale": 516986978756.3333}}, "CurveFit_Weights": [63.05944621927439, 148.25088075682413, 68.8008915772766]}}, "core": {"All_Weights": {"Categorical_Variables": {}, "Numerical_Variables": {"cache_miss": {"scale": 67982229205.0}, "cpu_cycles": {"scale": 307142550081.3334}, "cpu_instructions": {"scale": 516986978756.3333}}, "CurveFit_Weights": [0.0, 1.0, 0.0]}}, "uncore": {"All_Weights": {"Categorical_Variables": {}, "Numerical_Variables": {"cache_miss": {"scale": 67982229205.0}, "cpu_cycles": {"scale": 307142550081.3334}, "cpu_instructions": {"scale": 516986978756.3333}}, "CurveFit_Weights": [0.0, 1.0, 0.0]}}, "dram": {"All_Weights": {"Categorical_Variables": {}, "Numerical_Variables": {"cache_miss": {"scale": 67982229205.0}, "cpu_cycles": {"scale": 307142550081.3334}, "cpu_instructions": {"scale": 516986978756.3333}}, "CurveFit_Weights": [2321.3203799149915, -0.0001266582263376016, 31.475311349578217]}}}