{"package": {"All_Weights": {"Categorical_Variables": {}, "Numerical_Variables": {"cache_miss": {"scale": 47758890482.0}, "cpu_cycles": {"scale": 296920248053.6667}, "cpu_instructions": {"scale": 365426866197.0}}, "CurveFit_Weights": [78.1044141493075, 80.83550932928856, 49.38293796503264]}}, "core": {"All_Weights": {"Categorical_Variables": {}, "Numerical_Variables": {"cache_miss": {"scale": 47758890482.0}, "cpu_cycles": {"scale": 296920248053.6667}, "cpu_instructions": {"scale": 365426866197.0}}, "CurveFit_Weights": [0.0, 1.0, 0.0]}}, "uncore": {"All_Weights": {"Categorical_Variables": {}, "Numerical_Variables": {"cache_miss": {"scale": 47758890482.0}, "cpu_cycles": {"scale": 296920248053.6667}, "cpu_instructions": {"scale": 365426866197.0}}, "CurveFit_Weights": [0.0, 1.0, 0.0]}}, "dram": {"All_Weights": {"Categorical_Variables": {}, "Numerical_Variables": {"cache_miss": {"scale": 47758890482.0}, "cpu_cycles": {"scale": 296920248053.6667}, "cpu_instructions": {"scale": 365426866197.0}}, "CurveFit_Weights": [2.0177747393148318, 1066.206398605688, 11.724620697844793]}}}