{"package": {"All_Weights": {"Bias_Weight": 87.47154155632919, "Categorical_Variables": {}, "Numerical_Variables": {"cache_miss": {"scale": 33472823426.333336, "weight": 21.317311223877013}, "cpu_cycles": {"scale": 208086514702.0, "weight": 411.20217023752696}, "cpu_instructions": {"scale": 256211268366.99997, "weight": -2.5321535364630283}}}}, "core": {"All_Weights": {"Bias_Weight": 0.0, "Categorical_Variables": {}, "Numerical_Variables": {"cache_miss": {"scale": 33472823426.333336, "weight": 0.0}, "cpu_cycles": {"scale": 208086514702.0, "weight": 0.0}, "cpu_instructions": {"scale": 256211268366.99997, "weight": 0.0}}}}, "uncore": {"All_Weights": {"Bias_Weight": 0.0, "Categorical_Variables": {}, "Numerical_Variables": {"cache_miss": {"scale": 33472823426.333336, "weight": 0.0}, "cpu_cycles": {"scale": 208086514702.0, "weight": 0.0}, "cpu_instructions": {"scale": 256211268366.99997, "weight": 0.0}}}}, "dram": {"All_Weights": {"Bias_Weight": 12.923018016829815, "Categorical_Variables": {}, "Numerical_Variables": {"cache_miss": {"scale": 33472823426.333336, "weight": 0.07214180282205872}, "cpu_cycles": {"scale": 208086514702.0, "weight": 7.3946980613348465}, "cpu_instructions": {"scale": 256211268366.99997, "weight": -0.4070129527042502}}}}}