{"package": {"All_Weights": {"Bias_Weight": 71.3650149519042, "Categorical_Variables": {}, "Numerical_Variables": {"cache_miss": {"scale": 47960525671.0, "weight": 11.79470262657862}, "cpu_cycles": {"scale": 297051278756.0, "weight": 343.92261562002903}, "cpu_instructions": {"scale": 366964943029.6667, "weight": -10.061704692338672}}}}, "core": {"All_Weights": {"Bias_Weight": 0.0, "Categorical_Variables": {}, "Numerical_Variables": {"cache_miss": {"scale": 47960525671.0, "weight": 0.0}, "cpu_cycles": {"scale": 297051278756.0, "weight": 0.0}, "cpu_instructions": {"scale": 366964943029.6667, "weight": 0.0}}}}, "uncore": {"All_Weights": {"Bias_Weight": 0.0, "Categorical_Variables": {}, "Numerical_Variables": {"cache_miss": {"scale": 47960525671.0, "weight": 0.0}, "cpu_cycles": {"scale": 297051278756.0, "weight": 0.0}, "cpu_instructions": {"scale": 366964943029.6667, "weight": 0.0}}}}, "dram": {"All_Weights": {"Bias_Weight": 27.293772447345955, "Categorical_Variables": {}, "Numerical_Variables": {"cache_miss": {"scale": 47960525671.0, "weight": -3.274827148976528}, "cpu_cycles": {"scale": 297051278756.0, "weight": 28.756099959504727}, "cpu_instructions": {"scale": 366964943029.6667, "weight": -5.458162872343646}}}}}