{"package": {"All_Weights": {"Bias_Weight": 89.27916910802294, "Categorical_Variables": {}, "Numerical_Variables": {"cache_miss": {"scale": 33472823426.333336, "weight": 20.976560862468}, "cpu_cycles": {"scale": 208086514702.00003, "weight": 411.77181565656525}, "cpu_instructions": {"scale": 256211268366.99997, "weight": -3.111868977943525}}}}, "core": {"All_Weights": {"Bias_Weight": 0.0, "Categorical_Variables": {}, "Numerical_Variables": {"cache_miss": {"scale": 33472823426.333336, "weight": 0.0}, "cpu_cycles": {"scale": 208086514702.00003, "weight": 0.0}, "cpu_instructions": {"scale": 256211268366.99997, "weight": 0.0}}}}, "uncore": {"All_Weights": {"Bias_Weight": 0.0, "Categorical_Variables": {}, "Numerical_Variables": {"cache_miss": {"scale": 33472823426.333336, "weight": 0.0}, "cpu_cycles": {"scale": 208086514702.00003, "weight": 0.0}, "cpu_instructions": {"scale": 256211268366.99997, "weight": 0.0}}}}, "dram": {"All_Weights": {"Bias_Weight": 12.976944171126267, "Categorical_Variables": {}, "Numerical_Variables": {"cache_miss": {"scale": 33472823426.333336, "weight": 0.04592899025840702}, "cpu_cycles": {"scale": 208086514702.00003, "weight": 7.421114650673071}, "cpu_instructions": {"scale": 256211268366.99997, "weight": -0.43502202670406803}}}}}