{"package": {"All_Weights": {"Bias_Weight": 85.89219471883027, "Categorical_Variables": {}, "Numerical_Variables": {"cache_miss": {"scale": 67982229205.0, "weight": 15.723389776036294}, "cpu_cycles": {"scale": 307142550081.3334, "weight": 305.73104773083446}, "cpu_instructions": {"scale": 516986978756.3333, "weight": 6.980868590472902}}}}, "core": {"All_Weights": {"Bias_Weight": 0.0, "Categorical_Variables": {}, "Numerical_Variables": {"cache_miss": {"scale": 67982229205.0, "weight": 0.0}, "cpu_cycles": {"scale": 307142550081.3334, "weight": 0.0}, "cpu_instructions": {"scale": 516986978756.3333, "weight": 0.0}}}}, "uncore": {"All_Weights": {"Bias_Weight": 0.0, "Categorical_Variables": {}, "Numerical_Variables": {"cache_miss": {"scale": 67982229205.0, "weight": 0.0}, "cpu_cycles": {"scale": 307142550081.3334, "weight": 0.0}, "cpu_instructions": {"scale": 516986978756.3333, "weight": 0.0}}}}, "dram": {"All_Weights": {"Bias_Weight": 30.942278310692462, "Categorical_Variables": {}, "Numerical_Variables": {"cache_miss": {"scale": 67982229205.0, "weight": -1.0987113915518558}, "cpu_cycles": {"scale": 307142550081.3334, "weight": 2.3890464357776953}, "cpu_instructions": {"scale": 516986978756.3333, "weight": -1.2426886838124525}}}}}