{"package": {"All_Weights": {"Bias_Weight": 72.94208640951962, "Categorical_Variables": {}, "Numerical_Variables": {"cache_miss": {"scale": 51054503315.0, "weight": 1.3477393779285027}, "cpu_cycles": {"scale": 319756002621.6666, "weight": 476.051462185619}, "cpu_instructions": {"scale": 390690985458.6666, "weight": -30.141424088112334}}}}, "core": {"All_Weights": {"Bias_Weight": 0.0, "Categorical_Variables": {}, "Numerical_Variables": {"cache_miss": {"scale": 51054503315.0, "weight": 0.0}, "cpu_cycles": {"scale": 319756002621.6666, "weight": 0.0}, "cpu_instructions": {"scale": 390690985458.6666, "weight": 0.0}}}}, "uncore": {"All_Weights": {"Bias_Weight": 0.0, "Categorical_Variables": {}, "Numerical_Variables": {"cache_miss": {"scale": 51054503315.0, "weight": 0.0}, "cpu_cycles": {"scale": 319756002621.6666, "weight": 0.0}, "cpu_instructions": {"scale": 390690985458.6666, "weight": 0.0}}}}, "dram": {"All_Weights": {"Bias_Weight": 12.64298182345291, "Categorical_Variables": {}, "Numerical_Variables": {"cache_miss": {"scale": 51054503315.0, "weight": 0.2798681256495628}, "cpu_cycles": {"scale": 319756002621.6666, "weight": 7.015619831174062}, "cpu_instructions": {"scale": 390690985458.6666, "weight": -0.20025987879033516}}}}}