{"package": {"All_Weights": {"Bias_Weight": 69.46424014394835, "Categorical_Variables": {}, "Numerical_Variables": {"cache_miss": {"scale": 47758890482.00001, "weight": 20.43882828830239}, "cpu_cycles": {"scale": 296920248053.6666, "weight": 334.6004025185985}, "cpu_instructions": {"scale": 365426866197.0, "weight": -1.308311402013286}}}}, "core": {"All_Weights": {"Bias_Weight": 0.0, "Categorical_Variables": {}, "Numerical_Variables": {"cache_miss": {"scale": 47758890482.00001, "weight": 0.0}, "cpu_cycles": {"scale": 296920248053.6666, "weight": 0.0}, "cpu_instructions": {"scale": 365426866197.0, "weight": 0.0}}}}, "uncore": {"All_Weights": {"Bias_Weight": 0.0, "Categorical_Variables": {}, "Numerical_Variables": {"cache_miss": {"scale": 47758890482.00001, "weight": 0.0}, "cpu_cycles": {"scale": 296920248053.6666, "weight": 0.0}, "cpu_instructions": {"scale": 365426866197.0, "weight": 0.0}}}}, "dram": {"All_Weights": {"Bias_Weight": 15.352501095882584, "Categorical_Variables": {}, "Numerical_Variables": {"cache_miss": {"scale": 47758890482.00001, "weight": -0.9525060589865145}, "cpu_cycles": {"scale": 296920248053.6666, "weight": 14.094580454671643}, "cpu_instructions": {"scale": 365426866197.0, "weight": -2.0183756873345575}}}}}