{"package": {"All_Weights": {"Bias_Weight": 69.43312174838155, "Categorical_Variables": {}, "Numerical_Variables": {"cache_miss": {"scale": 47758890482.0, "weight": 20.102363661298472}, "cpu_cycles": {"scale": 296920248053.6667, "weight": 334.84667880729324}, "cpu_instructions": {"scale": 365426866197.0, "weight": -1.4860240124587023}}}}, "core": {"All_Weights": {"Bias_Weight": 0.0, "Categorical_Variables": {}, "Numerical_Variables": {"cache_miss": {"scale": 47758890482.0, "weight": 0.0}, "cpu_cycles": {"scale": 296920248053.6667, "weight": 0.0}, "cpu_instructions": {"scale": 365426866197.0, "weight": 0.0}}}}, "uncore": {"All_Weights": {"Bias_Weight": 0.0, "Categorical_Variables": {}, "Numerical_Variables": {"cache_miss": {"scale": 47758890482.0, "weight": 0.0}, "cpu_cycles": {"scale": 296920248053.6667, "weight": 0.0}, "cpu_instructions": {"scale": 365426866197.0, "weight": 0.0}}}}, "dram": {"All_Weights": {"Bias_Weight": 15.371988516754422, "Categorical_Variables": {}, "Numerical_Variables": {"cache_miss": {"scale": 47758890482.0, "weight": -0.8793365024691598}, "cpu_cycles": {"scale": 296920248053.6667, "weight": 13.82667990540526}, "cpu_instructions": {"scale": 365426866197.0, "weight": -1.9214052379039577}}}}}