{"package": {"All_Weights": {"Bias_Weight": 86.09179248607212, "Categorical_Variables": {}, "Numerical_Variables": {"cache_miss": {"scale": 67982229205.0, "weight": 19.493878569429327}, "cpu_cycles": {"scale": 307142550081.3333, "weight": 300.989787703586}, "cpu_instructions": {"scale": 516986978756.3333, "weight": 11.014839547653496}}}}, "core": {"All_Weights": {"Bias_Weight": 0.0, "Categorical_Variables": {}, "Numerical_Variables": {"cache_miss": {"scale": 67982229205.0, "weight": 0.0}, "cpu_cycles": {"scale": 307142550081.3333, "weight": 0.0}, "cpu_instructions": {"scale": 516986978756.3333, "weight": 0.0}}}}, "uncore": {"All_Weights": {"Bias_Weight": 0.0, "Categorical_Variables": {}, "Numerical_Variables": {"cache_miss": {"scale": 67982229205.0, "weight": 0.0}, "cpu_cycles": {"scale": 307142550081.3333, "weight": 0.0}, "cpu_instructions": {"scale": 516986978756.3333, "weight": 0.0}}}}, "dram": {"All_Weights": {"Bias_Weight": 30.934912404870847, "Categorical_Variables": {}, "Numerical_Variables": {"cache_miss": {"scale": 67982229205.0, "weight": -1.0986663884767789}, "cpu_cycles": {"scale": 307142550081.3333, "weight": 2.408627944186773}, "cpu_instructions": {"scale": 516986978756.3333, "weight": -1.2455608956008504}}}}}