{"package": {"All_Weights": {"Bias_Weight": 69.90106378942555, "Categorical_Variables": {}, "Numerical_Variables": {"cache_miss": {"scale": 33356886487.666668, "weight": 49.168354052352115}, "cpu_cycles": {"scale": 193692353461.00003, "weight": 88.15773910274049}, "cpu_instructions": {"scale": 224635433702.66666, "weight": 42.921824855026145}}}}, "core": {"All_Weights": {"Bias_Weight": 0.0, "Categorical_Variables": {}, "Numerical_Variables": {"cache_miss": {"scale": 33356886487.666668, "weight": 0.0}, "cpu_cycles": {"scale": 193692353461.00003, "weight": 0.0}, "cpu_instructions": {"scale": 224635433702.66666, "weight": 0.0}}}}, "uncore": {"All_Weights": {"Bias_Weight": 0.0, "Categorical_Variables": {}, "Numerical_Variables": {"cache_miss": {"scale": 33356886487.666668, "weight": 0.0}, "cpu_cycles": {"scale": 193692353461.00003, "weight": 0.0}, "cpu_instructions": {"scale": 224635433702.66666, "weight": 0.0}}}}, "dram": {"All_Weights": {"Bias_Weight": 20.99932948371601, "Categorical_Variables": {}, "Numerical_Variables": {"cache_miss": {"scale": 33356886487.666668, "weight": 2.3880914867131815}, "cpu_cycles": {"scale": 193692353461.00003, "weight": 3.653000752080877}, "cpu_instructions": {"scale": 224635433702.66666, "weight": 2.1263738566317025}}}}}