{"package": {"All_Weights": {"Bias_Weight": 73.13149540876441, "Categorical_Variables": {}, "Numerical_Variables": {"cache_miss": {"scale": 51054503315.00001, "weight": -1.3033545304891525}, "cpu_cycles": {"scale": 319756002621.6667, "weight": 478.37451594805685}, "cpu_instructions": {"scale": 390690985458.6666, "weight": -33.218938696143525}}}}, "core": {"All_Weights": {"Bias_Weight": 0.0, "Categorical_Variables": {}, "Numerical_Variables": {"cache_miss": {"scale": 51054503315.00001, "weight": 0.0}, "cpu_cycles": {"scale": 319756002621.6667, "weight": 0.0}, "cpu_instructions": {"scale": 390690985458.6666, "weight": 0.0}}}}, "uncore": {"All_Weights": {"Bias_Weight": 0.0, "Categorical_Variables": {}, "Numerical_Variables": {"cache_miss": {"scale": 51054503315.00001, "weight": 0.0}, "cpu_cycles": {"scale": 319756002621.6667, "weight": 0.0}, "cpu_instructions": {"scale": 390690985458.6666, "weight": 0.0}}}}, "dram": {"All_Weights": {"Bias_Weight": 12.578772621708044, "Categorical_Variables": {}, "Numerical_Variables": {"cache_miss": {"scale": 51054503315.00001, "weight": 0.2370124420617971}, "cpu_cycles": {"scale": 319756002621.6667, "weight": 7.167907156582804}, "cpu_instructions": {"scale": 390690985458.6666, "weight": -0.25079615589134885}}}}}