{"package": {"All_Weights": {"Bias_Weight": 70.36705306041509, "Categorical_Variables": {}, "Numerical_Variables": {"cache_miss": {"scale": 47960525671.0, "weight": 16.188578367898437}, "cpu_cycles": {"scale": 297051278756.0, "weight": 341.0317823167815}, "cpu_instructions": {"scale": 366964943029.6667, "weight": -4.532856904679333}}}}, "core": {"All_Weights": {"Bias_Weight": 0.0, "Categorical_Variables": {}, "Numerical_Variables": {"cache_miss": {"scale": 47960525671.0, "weight": 0.0}, "cpu_cycles": {"scale": 297051278756.0, "weight": 0.0}, "cpu_instructions": {"scale": 366964943029.6667, "weight": 0.0}}}}, "uncore": {"All_Weights": {"Bias_Weight": 0.0, "Categorical_Variables": {}, "Numerical_Variables": {"cache_miss": {"scale": 47960525671.0, "weight": 0.0}, "cpu_cycles": {"scale": 297051278756.0, "weight": 0.0}, "cpu_instructions": {"scale": 366964943029.6667, "weight": 0.0}}}}, "dram": {"All_Weights": {"Bias_Weight": 27.226549604742296, "Categorical_Variables": {}, "Numerical_Variables": {"cache_miss": {"scale": 47960525671.0, "weight": -3.1670296561272298}, "cpu_cycles": {"scale": 297051278756.0, "weight": 28.6331313555405}, "cpu_instructions": {"scale": 366964943029.6667, "weight": -5.325371853037489}}}}}