{"package": {"All_Weights": {"Bias_Weight": 69.46234190207554, "Categorical_Variables": {}, "Numerical_Variables": {"cache_miss": {"scale": 33356886487.666668, "weight": 49.216206610078885}, "cpu_cycles": {"scale": 193692353461.00003, "weight": 88.4043824545017}, "cpu_instructions": {"scale": 224635433702.66666, "weight": 43.110940682124244}}}}, "core": {"All_Weights": {"Bias_Weight": 0.0, "Categorical_Variables": {}, "Numerical_Variables": {"cache_miss": {"scale": 33356886487.666668, "weight": 0.0}, "cpu_cycles": {"scale": 193692353461.00003, "weight": 0.0}, "cpu_instructions": {"scale": 224635433702.66666, "weight": 0.0}}}}, "uncore": {"All_Weights": {"Bias_Weight": 0.0, "Categorical_Variables": {}, "Numerical_Variables": {"cache_miss": {"scale": 33356886487.666668, "weight": 0.0}, "cpu_cycles": {"scale": 193692353461.00003, "weight": 0.0}, "cpu_instructions": {"scale": 224635433702.66666, "weight": 0.0}}}}, "dram": {"All_Weights": {"Bias_Weight": 20.84788728565117, "Categorical_Variables": {}, "Numerical_Variables": {"cache_miss": {"scale": 33356886487.666668, "weight": 2.5986272672820654}, "cpu_cycles": {"scale": 193692353461.00003, "weight": 3.865644615614541}, "cpu_instructions": {"scale": 224635433702.66666, "weight": 2.3384811347485566}}}}}