{"package": {"All_Weights": {"Categorical_Variables": {}, "Numerical_Variables": {"bpf_block_irq": {"scale": 1.0}, "bpf_net_rx_irq": {"scale": 2617.333333333333}, "bpf_net_tx_irq": {"scale": 1.0}, "cache_miss": {"scale": 51054503315.0}, "cpu_cycles": {"scale": 319756002621.6666}, "cpu_instructions": {"scale": 390690985458.6666}}, "CurveFit_Weights": [90.59531756892784, 150.81552706108414, -15.384167647334909]}}, "core": {"All_Weights": {"Categorical_Variables": {}, "Numerical_Variables": {"bpf_block_irq": {"scale": 1.0}, "bpf_net_rx_irq": {"scale": 2617.333333333333}, "bpf_net_tx_irq": {"scale": 1.0}, "cache_miss": {"scale": 51054503315.0}, "cpu_cycles": {"scale": 319756002621.6666}, "cpu_instructions": {"scale": 390690985458.6666}}, "CurveFit_Weights": [0.0, 1.0, 0.0]}}, "uncore": {"All_Weights": {"Categorical_Variables": {}, "Numerical_Variables": {"bpf_block_irq": {"scale": 1.0}, "bpf_net_rx_irq": {"scale": 2617.333333333333}, "bpf_net_tx_irq": {"scale": 1.0}, "cache_miss": {"scale": 51054503315.0}, "cpu_cycles": {"scale": 319756002621.6666}, "cpu_instructions": {"scale": 390690985458.6666}}, "CurveFit_Weights": [0.0, 1.0, 0.0]}}, "dram": {"All_Weights": {"Categorical_Variables": {}, "Numerical_Variables": {"bpf_block_irq": {"scale": 1.0}, "bpf_net_rx_irq": {"scale": 2617.333333333333}, "bpf_net_tx_irq": {"scale": 1.0}, "cache_miss": {"scale": 51054503315.0}, "cpu_cycles": {"scale": 319756002621.6666}, "cpu_instructions": {"scale": 390690985458.6666}}, "CurveFit_Weights": [1.369308853716088, 442.3522432133801, -0.6071434743560207]}}}