{"package": {"All_Weights": {"Bias_Weight": 20.912679722272493, "Categorical_Variables": {}, "Numerical_Variables": {"bpf_block_irq": {"scale": 1.0, "weight": 0.0}, "bpf_net_rx_irq": {"scale": 26.666666666666668, "weight": 0.0}, "bpf_net_tx_irq": {"scale": 1.0, "weight": 25.86644732814009}, "cache_miss": {"scale": 63603973.0, "weight": 0.0}, "cpu_cycles": {"scale": 139277196.0, "weight": 0.023509098475796502}, "cpu_instructions": {"scale": 254515913.66666666, "weight": 0.0}}}}, "core": {"All_Weights": {"Bias_Weight": 13.01826878522399, "Categorical_Variables": {}, "Numerical_Variables": {"bpf_block_irq": {"scale": 1.0, "weight": 0.0}, "bpf_net_rx_irq": {"scale": 26.666666666666668, "weight": 0.45235724325783155}, "bpf_net_tx_irq": {"scale": 1.0, "weight": 16.988883802805848}, "cache_miss": {"scale": 63603973.0, "weight": 0.0}, "cpu_cycles": {"scale": 139277196.0, "weight": 0.027560845863110472}, "cpu_instructions": {"scale": 254515913.66666666, "weight": 0.0}}}}, "uncore": {"All_Weights": {"Bias_Weight": 2.4166503499911642, "Categorical_Variables": {}, "Numerical_Variables": {"bpf_block_irq": {"scale": 1.0, "weight": 0.0}, "bpf_net_rx_irq": {"scale": 26.666666666666668, "weight": 0.0}, "bpf_net_tx_irq": {"scale": 1.0, "weight": 3.4231294270192025}, "cache_miss": {"scale": 63603973.0, "weight": 0.0}, "cpu_cycles": {"scale": 139277196.0, "weight": 0.00035290699948832197}, "cpu_instructions": {"scale": 254515913.66666666, "weight": 0.0}}}}, "dram": {"All_Weights": {"Bias_Weight": 0.0, "Categorical_Variables": {}, "Numerical_Variables": {"bpf_block_irq": {"scale": 1.0, "weight": 0.0}, "bpf_net_rx_irq": {"scale": 26.666666666666668, "weight": 0.0}, "bpf_net_tx_irq": {"scale": 1.0, "weight": 0.0}, "cache_miss": {"scale": 63603973.0, "weight": 0.0}, "cpu_cycles": {"scale": 139277196.0, "weight": 0.0}, "cpu_instructions": {"scale": 254515913.66666666, "weight": 0.0}}}}}