{"platform": {"All_Weights": {"Bias_Weight": 195.2501695284501, "Categorical_Variables": {}, "Numerical_Variables": {"bpf_cpu_time_us": {"scale": 3.5519772673454885e-05, "mean": 0, "variance": 0, "weight": 132.61444932309115}}}}}