{"package": {"All_Weights": {"Categorical_Variables": {}, "Numerical_Variables": {"bpf_cpu_time_ms": {"scale": 48649.66666666667}, "bpf_page_cache_hit": {"scale": 1.0}, "cache_miss": {"scale": 33472823426.333336}, "cpu_cycles": {"scale": 208086514702.00003}, "cpu_instructions": {"scale": 256211268366.99997}}, "CurveFit_Weights": [1735840.681959156, 0.00020205151904386113, -1735645.3037939568]}}, "core": {"All_Weights": {"Categorical_Variables": {}, "Numerical_Variables": {"bpf_cpu_time_ms": {"scale": 48649.66666666667}, "bpf_page_cache_hit": {"scale": 1.0}, "cache_miss": {"scale": 33472823426.333336}, "cpu_cycles": {"scale": 208086514702.00003}, "cpu_instructions": {"scale": 256211268366.99997}}, "CurveFit_Weights": [0.0, 1.0, 0.0]}}, "uncore": {"All_Weights": {"Categorical_Variables": {}, "Numerical_Variables": {"bpf_cpu_time_ms": {"scale": 48649.66666666667}, "bpf_page_cache_hit": {"scale": 1.0}, "cache_miss": {"scale": 33472823426.333336}, "cpu_cycles": {"scale": 208086514702.00003}, "cpu_instructions": {"scale": 256211268366.99997}}, "CurveFit_Weights": [0.0, 1.0, 0.0]}}, "dram": {"All_Weights": {"Categorical_Variables": {}, "Numerical_Variables": {"bpf_cpu_time_ms": {"scale": 48649.66666666667}, "bpf_page_cache_hit": {"scale": 1.0}, "cache_miss": {"scale": 33472823426.333336}, "cpu_cycles": {"scale": 208086514702.00003}, "cpu_instructions": {"scale": 256211268366.99997}}, "CurveFit_Weights": [28547.496315575016, 0.00018200882325126287, -28532.347375450994]}}}