{"package": {"All_Weights": {"Categorical_Variables": {}, "Numerical_Variables": {"bpf_cpu_time_ms": {"scale": 95877.00000000001}, "bpf_page_cache_hit": {"scale": 1.0}, "cache_miss": {"scale": 47758890482.0}, "cpu_cycles": {"scale": 296920248053.6667}, "cpu_instructions": {"scale": 365426866197.0}}, "CurveFit_Weights": [77.51206438344235, 81.62878477681339, 49.93073423437802]}}, "core": {"All_Weights": {"Categorical_Variables": {}, "Numerical_Variables": {"bpf_cpu_time_ms": {"scale": 95877.00000000001}, "bpf_page_cache_hit": {"scale": 1.0}, "cache_miss": {"scale": 47758890482.0}, "cpu_cycles": {"scale": 296920248053.6667}, "cpu_instructions": {"scale": 365426866197.0}}, "CurveFit_Weights": [0.0, 1.0, 0.0]}}, "uncore": {"All_Weights": {"Categorical_Variables": {}, "Numerical_Variables": {"bpf_cpu_time_ms": {"scale": 95877.00000000001}, "bpf_page_cache_hit": {"scale": 1.0}, "cache_miss": {"scale": 47758890482.0}, "cpu_cycles": {"scale": 296920248053.6667}, "cpu_instructions": {"scale": 365426866197.0}}, "CurveFit_Weights": [0.0, 1.0, 0.0]}}, "dram": {"All_Weights": {"Categorical_Variables": {}, "Numerical_Variables": {"bpf_cpu_time_ms": {"scale": 95877.00000000001}, "bpf_page_cache_hit": {"scale": 1.0}, "cache_miss": {"scale": 47758890482.0}, "cpu_cycles": {"scale": 296920248053.6667}, "cpu_instructions": {"scale": 365426866197.0}}, "CurveFit_Weights": [2.09967196825834, 569.4879385981044, 12.469935649652202]}}}