{"package": {"All_Weights": {"Categorical_Variables": {}, "Numerical_Variables": {"bpf_cpu_time_ms": {"scale": 95886.33333333334}, "bpf_page_cache_hit": {"scale": 1.0}, "cache_miss": {"scale": 51054503315.00001}, "cpu_cycles": {"scale": 319756002621.6667}, "cpu_instructions": {"scale": 390690985458.6666}}, "CurveFit_Weights": [90.65473944137051, 149.14679672416824, 43.31319930477278]}}, "core": {"All_Weights": {"Categorical_Variables": {}, "Numerical_Variables": {"bpf_cpu_time_ms": {"scale": 95886.33333333334}, "bpf_page_cache_hit": {"scale": 1.0}, "cache_miss": {"scale": 51054503315.00001}, "cpu_cycles": {"scale": 319756002621.6667}, "cpu_instructions": {"scale": 390690985458.6666}}, "CurveFit_Weights": [0.0, 1.0, 0.0]}}, "uncore": {"All_Weights": {"Categorical_Variables": {}, "Numerical_Variables": {"bpf_cpu_time_ms": {"scale": 95886.33333333334}, "bpf_page_cache_hit": {"scale": 1.0}, "cache_miss": {"scale": 51054503315.00001}, "cpu_cycles": {"scale": 319756002621.6667}, "cpu_instructions": {"scale": 390690985458.6666}}, "CurveFit_Weights": [0.0, 1.0, 0.0]}}, "dram": {"All_Weights": {"Categorical_Variables": {}, "Numerical_Variables": {"bpf_cpu_time_ms": {"scale": 95886.33333333334}, "bpf_page_cache_hit": {"scale": 1.0}, "cache_miss": {"scale": 51054503315.00001}, "cpu_cycles": {"scale": 319756002621.6667}, "cpu_instructions": {"scale": 390690985458.6666}}, "CurveFit_Weights": [1.3773478316538743, 437.24074896463077, 10.889223551473414]}}}