{"package": {"All_Weights": {"Categorical_Variables": {}, "Numerical_Variables": {"bpf_cpu_time_ms": {"scale": 48649.66666666667}, "bpf_page_cache_hit": {"scale": 1.0}, "cache_miss": {"scale": 33472823426.333336}, "cpu_cycles": {"scale": 208086514702.00003}, "cpu_instructions": {"scale": 256211268366.99997}}, "CurveFit_Weights": [97.22457333845394, 115.36109991934629, 32.39612730323734]}}, "core": {"All_Weights": {"Categorical_Variables": {}, "Numerical_Variables": {"bpf_cpu_time_ms": {"scale": 48649.66666666667}, "bpf_page_cache_hit": {"scale": 1.0}, "cache_miss": {"scale": 33472823426.333336}, "cpu_cycles": {"scale": 208086514702.00003}, "cpu_instructions": {"scale": 256211268366.99997}}, "CurveFit_Weights": [0.0, 1.0, 0.0]}}, "uncore": {"All_Weights": {"Categorical_Variables": {}, "Numerical_Variables": {"bpf_cpu_time_ms": {"scale": 48649.66666666667}, "bpf_page_cache_hit": {"scale": 1.0}, "cache_miss": {"scale": 33472823426.333336}, "cpu_cycles": {"scale": 208086514702.00003}, "cpu_instructions": {"scale": 256211268366.99997}}, "CurveFit_Weights": [0.0, 1.0, 0.0]}}, "dram": {"All_Weights": {"Categorical_Variables": {}, "Numerical_Variables": {"bpf_cpu_time_ms": {"scale": 48649.66666666667}, "bpf_page_cache_hit": {"scale": 1.0}, "cache_miss": {"scale": 33472823426.333336}, "cpu_cycles": {"scale": 208086514702.00003}, "cpu_instructions": {"scale": 256211268366.99997}}, "CurveFit_Weights": [1.422217402307711, 48956.60524345688, 4.319739788191601]}}}