{"package": {"All_Weights": {"Bias_Weight": 89.45876650821012, "Categorical_Variables": {}, "Numerical_Variables": {"bpf_cpu_time_ms": {"scale": 48649.66666666667, "weight": -73.61576622315228}, "bpf_page_cache_hit": {"scale": 1.0, "weight": 0.0}, "cache_miss": {"scale": 33472823426.333336, "weight": 51.32416454697503}, "cpu_cycles": {"scale": 208086514702.00003, "weight": 413.0346511865891}, "cpu_instructions": {"scale": 256211268366.99997, "weight": 29.149298968328576}}}}, "core": {"All_Weights": {"Bias_Weight": 0.0, "Categorical_Variables": {}, "Numerical_Variables": {"bpf_cpu_time_ms": {"scale": 48649.66666666667, "weight": 0.0}, "bpf_page_cache_hit": {"scale": 1.0, "weight": 0.0}, "cache_miss": {"scale": 33472823426.333336, "weight": 0.0}, "cpu_cycles": {"scale": 208086514702.00003, "weight": 0.0}, "cpu_instructions": {"scale": 256211268366.99997, "weight": 0.0}}}}, "uncore": {"All_Weights": {"Bias_Weight": 0.0, "Categorical_Variables": {}, "Numerical_Variables": {"bpf_cpu_time_ms": {"scale": 48649.66666666667, "weight": 0.0}, "bpf_page_cache_hit": {"scale": 1.0, "weight": 0.0}, "cache_miss": {"scale": 33472823426.333336, "weight": 0.0}, "cpu_cycles": {"scale": 208086514702.00003, "weight": 0.0}, "cpu_instructions": {"scale": 256211268366.99997, "weight": 0.0}}}}, "dram": {"All_Weights": {"Bias_Weight": 12.960158183968502, "Categorical_Variables": {}, "Numerical_Variables": {"bpf_cpu_time_ms": {"scale": 48649.66666666667, "weight": -1.1918392676541767}, "bpf_page_cache_hit": {"scale": 1.0, "weight": 0.0}, "cache_miss": {"scale": 33472823426.333336, "weight": 0.46510504611479175}, "cpu_cycles": {"scale": 208086514702.00003, "weight": 7.604508957193341}, "cpu_instructions": {"scale": 256211268366.99997, "weight": -0.0029525293302060996}}}}}