{"package": {"All_Weights": {"Bias_Weight": 67.58705404019312, "Categorical_Variables": {}, "Numerical_Variables": {"bpf_cpu_time_ms": {"scale": 95877.00000000001, "weight": -58.89878315214118}, "bpf_page_cache_hit": {"scale": 1.0, "weight": 0.0}, "cache_miss": {"scale": 47758890482.0, "weight": 43.8391387947013}, "cpu_cycles": {"scale": 296920248053.6667, "weight": 341.5500381659856}, "cpu_instructions": {"scale": 365426866197.0, "weight": 23.423164537932898}}}}, "core": {"All_Weights": {"Bias_Weight": 0.0, "Categorical_Variables": {}, "Numerical_Variables": {"bpf_cpu_time_ms": {"scale": 95877.00000000001, "weight": 0.0}, "bpf_page_cache_hit": {"scale": 1.0, "weight": 0.0}, "cache_miss": {"scale": 47758890482.0, "weight": 0.0}, "cpu_cycles": {"scale": 296920248053.6667, "weight": 0.0}, "cpu_instructions": {"scale": 365426866197.0, "weight": 0.0}}}}, "uncore": {"All_Weights": {"Bias_Weight": 0.0, "Categorical_Variables": {}, "Numerical_Variables": {"bpf_cpu_time_ms": {"scale": 95877.00000000001, "weight": 0.0}, "bpf_page_cache_hit": {"scale": 1.0, "weight": 0.0}, "cache_miss": {"scale": 47758890482.0, "weight": 0.0}, "cpu_cycles": {"scale": 296920248053.6667, "weight": 0.0}, "cpu_instructions": {"scale": 365426866197.0, "weight": 0.0}}}}, "dram": {"All_Weights": {"Bias_Weight": 15.358198219490001, "Categorical_Variables": {}, "Numerical_Variables": {"bpf_cpu_time_ms": {"scale": 95877.00000000001, "weight": -3.0657999217011023}, "bpf_page_cache_hit": {"scale": 1.0, "weight": 0.0}, "cache_miss": {"scale": 47758890482.0, "weight": 0.44919669960594255}, "cpu_cycles": {"scale": 296920248053.6667, "weight": 13.92129967190029}, "cpu_instructions": {"scale": 365426866197.0, "weight": -0.5228420068626367}}}}}