{"package": {"All_Weights": {"Bias_Weight": 71.00783062957876, "Categorical_Variables": {}, "Numerical_Variables": {"bpf_cpu_time_ms": {"scale": 71901.33333333333, "weight": 12.286896266731103}, "bpf_page_cache_hit": {"scale": 1.0, "weight": 0.0}, "cache_miss": {"scale": 33356886487.666668, "weight": 44.309853436733064}, "cpu_cycles": {"scale": 193692353461.00003, "weight": 82.62966631672926}, "cpu_instructions": {"scale": 224635433702.66666, "weight": 38.266558473742975}}}}, "core": {"All_Weights": {"Bias_Weight": 0.0, "Categorical_Variables": {}, "Numerical_Variables": {"bpf_cpu_time_ms": {"scale": 71901.33333333333, "weight": 0.0}, "bpf_page_cache_hit": {"scale": 1.0, "weight": 0.0}, "cache_miss": {"scale": 33356886487.666668, "weight": 0.0}, "cpu_cycles": {"scale": 193692353461.00003, "weight": 0.0}, "cpu_instructions": {"scale": 224635433702.66666, "weight": 0.0}}}}, "uncore": {"All_Weights": {"Bias_Weight": 0.0, "Categorical_Variables": {}, "Numerical_Variables": {"bpf_cpu_time_ms": {"scale": 71901.33333333333, "weight": 0.0}, "bpf_page_cache_hit": {"scale": 1.0, "weight": 0.0}, "cache_miss": {"scale": 33356886487.666668, "weight": 0.0}, "cpu_cycles": {"scale": 193692353461.00003, "weight": 0.0}, "cpu_instructions": {"scale": 224635433702.66666, "weight": 0.0}}}}, "dram": {"All_Weights": {"Bias_Weight": 20.720906109615342, "Categorical_Variables": {}, "Numerical_Variables": {"bpf_cpu_time_ms": {"scale": 71901.33333333333, "weight": 1.3740123324759752}, "bpf_page_cache_hit": {"scale": 1.0, "weight": 0.0}, "cache_miss": {"scale": 33356886487.666668, "weight": 2.053645541570928}, "cpu_cycles": {"scale": 193692353461.00003, "weight": 3.360569881027764}, "cpu_instructions": {"scale": 224635433702.66666, "weight": 1.7846899876919267}}}}}