{"package": {"All_Weights": {"Bias_Weight": 70.24436522267308, "Categorical_Variables": {}, "Numerical_Variables": {"bpf_cpu_time_ms": {"scale": 95886.33333333334, "weight": -128.51262855677356}, "bpf_page_cache_hit": {"scale": 1.0, "weight": 0.0}, "cache_miss": {"scale": 51054503315.00001, "weight": 54.01911227457147}, "cpu_cycles": {"scale": 319756002621.6667, "weight": 482.71117432028507}, "cpu_instructions": {"scale": 390690985458.6666, "weight": 24.76733690683319}}}}, "core": {"All_Weights": {"Bias_Weight": 0.0, "Categorical_Variables": {}, "Numerical_Variables": {"bpf_cpu_time_ms": {"scale": 95886.33333333334, "weight": 0.0}, "bpf_page_cache_hit": {"scale": 1.0, "weight": 0.0}, "cache_miss": {"scale": 51054503315.00001, "weight": 0.0}, "cpu_cycles": {"scale": 319756002621.6667, "weight": 0.0}, "cpu_instructions": {"scale": 390690985458.6666, "weight": 0.0}}}}, "uncore": {"All_Weights": {"Bias_Weight": 0.0, "Categorical_Variables": {}, "Numerical_Variables": {"bpf_cpu_time_ms": {"scale": 95886.33333333334, "weight": 0.0}, "bpf_page_cache_hit": {"scale": 1.0, "weight": 0.0}, "cache_miss": {"scale": 51054503315.00001, "weight": 0.0}, "cpu_cycles": {"scale": 319756002621.6667, "weight": 0.0}, "cpu_instructions": {"scale": 390690985458.6666, "weight": 0.0}}}}, "dram": {"All_Weights": {"Bias_Weight": 12.651279777618623, "Categorical_Variables": {}, "Numerical_Variables": {"bpf_cpu_time_ms": {"scale": 95886.33333333334, "weight": -1.230167907341544}, "bpf_page_cache_hit": {"scale": 1.0, "weight": 0.0}, "cache_miss": {"scale": 51054503315.00001, "weight": 0.652054153186239}, "cpu_cycles": {"scale": 319756002621.6667, "weight": 7.26464160631194}, "cpu_instructions": {"scale": 390690985458.6666, "weight": 0.17913385519089423}}}}}