{"package": {"All_Weights": {"Bias_Weight": 84.94336990098695, "Categorical_Variables": {}, "Numerical_Variables": {"bpf_cpu_time_ms": {"scale": 95918.0, "weight": -38.039763980134275}, "bpf_page_cache_hit": {"scale": 1.0, "weight": 0.0}, "cache_miss": {"scale": 67982229205.0, "weight": 34.001777437463716}, "cpu_cycles": {"scale": 307142550081.3334, "weight": 307.22145551364065}, "cpu_instructions": {"scale": 516986978756.3333, "weight": 25.67326681283748}}}}, "core": {"All_Weights": {"Bias_Weight": 0.0, "Categorical_Variables": {}, "Numerical_Variables": {"bpf_cpu_time_ms": {"scale": 95918.0, "weight": 0.0}, "bpf_page_cache_hit": {"scale": 1.0, "weight": 0.0}, "cache_miss": {"scale": 67982229205.0, "weight": 0.0}, "cpu_cycles": {"scale": 307142550081.3334, "weight": 0.0}, "cpu_instructions": {"scale": 516986978756.3333, "weight": 0.0}}}}, "uncore": {"All_Weights": {"Bias_Weight": 0.0, "Categorical_Variables": {}, "Numerical_Variables": {"bpf_cpu_time_ms": {"scale": 95918.0, "weight": 0.0}, "bpf_page_cache_hit": {"scale": 1.0, "weight": 0.0}, "cache_miss": {"scale": 67982229205.0, "weight": 0.0}, "cpu_cycles": {"scale": 307142550081.3334, "weight": 0.0}, "cpu_instructions": {"scale": 516986978756.3333, "weight": 0.0}}}}, "dram": {"All_Weights": {"Bias_Weight": 30.93707501765831, "Categorical_Variables": {}, "Numerical_Variables": {"bpf_cpu_time_ms": {"scale": 95918.0, "weight": -0.7212494477340637}, "bpf_page_cache_hit": {"scale": 1.0, "weight": 0.0}, "cache_miss": {"scale": 67982229205.0, "weight": -0.8961240654842562}, "cpu_cycles": {"scale": 307142550081.3334, "weight": 2.6212840002888957}, "cpu_instructions": {"scale": 516986978756.3333, "weight": -1.0450618572937844}}}}}