{"package": {"All_Weights": {"Bias_Weight": 85.67520562947936, "Categorical_Variables": {}, "Numerical_Variables": {"cache_miss": {"scale": 144445326.66666666, "mean": 0, "variance": 0, "weight": 118.98171027051056}, "cpu_cycles": {"scale": 56749212346.333336, "mean": 0, "variance": 0, "weight": 383.30636012422815}, "cpu_instructions": {"scale": 70755378378.33334, "mean": 0, "variance": 0, "weight": 29.998733862845995}}}}, "core": {"All_Weights": {"Bias_Weight": 0.0, "Categorical_Variables": {}, "Numerical_Variables": {"cache_miss": {"scale": 144445326.66666666, "mean": 0, "variance": 0, "weight": 0.0}, "cpu_cycles": {"scale": 56749212346.333336, "mean": 0, "variance": 0, "weight": 0.0}, "cpu_instructions": {"scale": 70755378378.33334, "mean": 0, "variance": 0, "weight": 0.0}}}}, "uncore": {"All_Weights": {"Bias_Weight": 0.0, "Categorical_Variables": {}, "Numerical_Variables": {"cache_miss": {"scale": 144445326.66666666, "mean": 0, "variance": 0, "weight": 0.0}, "cpu_cycles": {"scale": 56749212346.333336, "mean": 0, "variance": 0, "weight": 0.0}, "cpu_instructions": {"scale": 70755378378.33334, "mean": 0, "variance": 0, "weight": 0.0}}}}, "dram": {"All_Weights": {"Bias_Weight": 123.66203230719861, "Categorical_Variables": {}, "Numerical_Variables": {"cache_miss": {"scale": 144445326.66666666, "mean": 0, "variance": 0, "weight": 111.85868591971843}, "cpu_cycles": {"scale": 56749212346.333336, "mean": 0, "variance": 0, "weight": 40.44559228529193}, "cpu_instructions": {"scale": 70755378378.33334, "mean": 0, "variance": 0, "weight": 0.0}}}}}