{"package": {"All_Weights": {"Bias_Weight": 86.37459838761119, "Categorical_Variables": {}, "Numerical_Variables": {"cache_miss": {"scale": 144445326.66666666, "mean": 0, "variance": 0, "weight": 126.78126955755151}, "cpu_cycles": {"scale": 56749212346.333336, "mean": 0, "variance": 0, "weight": 374.4937027005686}, "cpu_instructions": {"scale": 70755378378.33334, "mean": 0, "variance": 0, "weight": 43.4622568606371}}}}, "core": {"All_Weights": {"Bias_Weight": 0.0, "Categorical_Variables": {}, "Numerical_Variables": {"cache_miss": {"scale": 144445326.66666666, "mean": 0, "variance": 0, "weight": 0.0}, "cpu_cycles": {"scale": 56749212346.333336, "mean": 0, "variance": 0, "weight": 0.0}, "cpu_instructions": {"scale": 70755378378.33334, "mean": 0, "variance": 0, "weight": 0.0}}}}, "uncore": {"All_Weights": {"Bias_Weight": 0.0, "Categorical_Variables": {}, "Numerical_Variables": {"cache_miss": {"scale": 144445326.66666666, "mean": 0, "variance": 0, "weight": 0.0}, "cpu_cycles": {"scale": 56749212346.333336, "mean": 0, "variance": 0, "weight": 0.0}, "cpu_instructions": {"scale": 70755378378.33334, "mean": 0, "variance": 0, "weight": 0.0}}}}, "dram": {"All_Weights": {"Bias_Weight": 123.48550308166352, "Categorical_Variables": {}, "Numerical_Variables": {"cache_miss": {"scale": 144445326.66666666, "mean": 0, "variance": 0, "weight": 100.92977515501268}, "cpu_cycles": {"scale": 56749212346.333336, "mean": 0, "variance": 0, "weight": 54.68601841294187}, "cpu_instructions": {"scale": 70755378378.33334, "mean": 0, "variance": 0, "weight": -27.229330129958687}}}}}