{"package": {"All_Weights": {"Bias_Weight": 218.63310070210161, "Categorical_Variables": {}, "Numerical_Variables": {"cache_miss": {"mean": 11772187.52225247, "variance": 409151166293758.44, "weight": 26.121729590608325}, "cpu_cycles": {"mean": 10958623148.504377, "variance": 1.3653973085887105e+20, "weight": 96.09929005895931}, "cpu_instructions": {"mean": 0.0, "variance": 0.0, "weight": 0.0}}}}, "core": {"All_Weights": {"Bias_Weight": 0.0, "Categorical_Variables": {}, "Numerical_Variables": {"cache_miss": {"mean": 11772187.52225247, "variance": 409151166293758.44, "weight": 0.0}, "cpu_cycles": {"mean": 10958623148.504377, "variance": 1.3653973085887105e+20, "weight": 0.0}, "cpu_instructions": {"mean": 0.0, "variance": 0.0, "weight": 0.0}}}}, "uncore": {"All_Weights": {"Bias_Weight": 0.0, "Categorical_Variables": {}, "Numerical_Variables": {"cache_miss": {"mean": 11772187.52225247, "variance": 409151166293758.44, "weight": 0.0}, "cpu_cycles": {"mean": 10958623148.504377, "variance": 1.3653973085887105e+20, "weight": 0.0}, "cpu_instructions": {"mean": 0.0, "variance": 0.0, "weight": 0.0}}}}, "dram": {"All_Weights": {"Bias_Weight": 150.55968403013574, "Categorical_Variables": {}, "Numerical_Variables": {"cache_miss": {"mean": 11772187.52225247, "variance": 409151166293758.44, "weight": 15.735639983811009}, "cpu_cycles": {"mean": 10958623148.504377, "variance": 1.3653973085887105e+20, "weight": 1.5846742583612106}, "cpu_instructions": {"mean": 0.0, "variance": 0.0, "weight": 0.0}}}}}